2026-07-16 01:46:27,532 INFO Giriş başarılı (302 yönlendirme -> /).
2026-07-16 01:46:28,416 INFO Sayfa 1: 50 ürün alındı. (Toplam: 650)
2026-07-16 01:46:28,689 INFO Sayfa 2: 50 ürün alındı. (Toplam: 650)
2026-07-16 01:46:28,960 INFO Sayfa 3: 50 ürün alındı. (Toplam: 650)
2026-07-16 01:46:29,236 INFO Sayfa 4: 50 ürün alındı. (Toplam: 650)
2026-07-16 01:46:29,500 INFO Sayfa 5: 50 ürün alındı. (Toplam: 650)
2026-07-16 01:46:29,768 INFO Sayfa 6: 50 ürün alındı. (Toplam: 650)
2026-07-16 01:46:30,036 INFO Sayfa 7: 50 ürün alındı. (Toplam: 650)
2026-07-16 01:46:30,312 INFO Sayfa 8: 50 ürün alındı. (Toplam: 650)
2026-07-16 01:46:30,588 INFO Sayfa 9: 50 ürün alındı. (Toplam: 650)
2026-07-16 01:46:30,867 INFO Sayfa 10: 50 ürün alındı. (Toplam: 650)
2026-07-16 01:46:31,125 INFO Sayfa 11: 50 ürün alındı. (Toplam: 650)
2026-07-16 01:46:31,396 INFO Sayfa 12: 50 ürün alındı. (Toplam: 650)
2026-07-16 01:46:31,665 INFO Sayfa 13: 50 ürün alındı. (Toplam: 650)
2026-07-16 01:46:31,666 INFO Toplam 650 ürün çekildi.
2026-07-16 01:46:31,672 INFO XML feed yazıldı: docs/ecza1-feed.xml (650 ürün)
2026-07-16 01:46:31,672 INFO Senkronizasyon tamamlandı.
2026-07-16 02:15:27,278 INFO Giriş başarılı (302 yönlendirme -> /).
2026-07-16 02:15:28,010 INFO Sayfa 1: 50 ürün alındı. (Toplam: 650)
2026-07-16 02:15:28,246 INFO Sayfa 2: 50 ürün alındı. (Toplam: 650)
2026-07-16 02:15:28,477 INFO Sayfa 3: 50 ürün alındı. (Toplam: 650)
2026-07-16 02:15:28,720 INFO Sayfa 4: 50 ürün alındı. (Toplam: 650)
2026-07-16 02:15:28,955 INFO Sayfa 5: 50 ürün alındı. (Toplam: 650)
2026-07-16 02:15:29,196 INFO Sayfa 6: 50 ürün alındı. (Toplam: 650)
2026-07-16 02:15:29,423 INFO Sayfa 7: 50 ürün alındı. (Toplam: 650)
2026-07-16 02:15:29,675 INFO Sayfa 8: 50 ürün alındı. (Toplam: 650)
2026-07-16 02:15:29,918 INFO Sayfa 9: 50 ürün alındı. (Toplam: 650)
2026-07-16 02:15:30,166 INFO Sayfa 10: 50 ürün alındı. (Toplam: 650)
2026-07-16 02:15:30,394 INFO Sayfa 11: 50 ürün alındı. (Toplam: 650)
2026-07-16 02:15:30,635 INFO Sayfa 12: 50 ürün alındı. (Toplam: 650)
2026-07-16 02:15:30,865 INFO Sayfa 13: 50 ürün alındı. (Toplam: 650)
2026-07-16 02:15:30,865 INFO Toplam 650 ürün çekildi.
2026-07-16 02:15:30,869 INFO XML feed yazıldı: docs/ecza1-feed.xml (650 ürün)
2026-07-16 02:15:30,869 INFO Senkronizasyon tamamlandı.
2026-07-17 14:46:15,699 INFO Giriş başarılı (302 yönlendirme -> /).
2026-07-17 14:46:16,610 INFO [UserId=7982] Sayfa 1: 50 ürün alındı. (Toplam: 631)
2026-07-17 14:46:16,889 INFO [UserId=7982] Sayfa 2: 50 ürün alındı. (Toplam: 631)
2026-07-17 14:46:17,169 INFO [UserId=7982] Sayfa 3: 50 ürün alındı. (Toplam: 631)
2026-07-17 14:46:17,452 INFO [UserId=7982] Sayfa 4: 50 ürün alındı. (Toplam: 631)
2026-07-17 14:46:17,719 INFO [UserId=7982] Sayfa 5: 50 ürün alındı. (Toplam: 631)
2026-07-17 14:46:17,995 INFO [UserId=7982] Sayfa 6: 50 ürün alındı. (Toplam: 631)
2026-07-17 14:46:18,273 INFO [UserId=7982] Sayfa 7: 50 ürün alındı. (Toplam: 631)
2026-07-17 14:46:18,559 INFO [UserId=7982] Sayfa 8: 50 ürün alındı. (Toplam: 631)
2026-07-17 14:46:18,845 INFO [UserId=7982] Sayfa 9: 50 ürün alındı. (Toplam: 631)
2026-07-17 14:46:19,122 INFO [UserId=7982] Sayfa 10: 50 ürün alındı. (Toplam: 631)
2026-07-17 14:46:19,392 INFO [UserId=7982] Sayfa 11: 50 ürün alındı. (Toplam: 631)
2026-07-17 14:46:19,667 INFO [UserId=7982] Sayfa 12: 50 ürün alındı. (Toplam: 631)
2026-07-17 14:46:19,939 INFO [UserId=7982] Sayfa 13: 31 ürün alındı. (Toplam: 631)
2026-07-17 14:46:19,939 INFO [UserId=7982] Toplam 631 ürün çekildi.
2026-07-17 14:46:19,943 INFO XML feed yazıldı: docs/ecza1-store-7982.xml (631 ürün)
2026-07-17 14:46:20,221 INFO [UserId=16982] Sayfa 1: 50 ürün alındı. (Toplam: 771)
2026-07-17 14:46:20,513 INFO [UserId=16982] Sayfa 2: 50 ürün alındı. (Toplam: 771)
2026-07-17 14:46:20,799 INFO [UserId=16982] Sayfa 3: 50 ürün alındı. (Toplam: 771)
2026-07-17 14:46:21,084 INFO [UserId=16982] Sayfa 4: 50 ürün alındı. (Toplam: 771)
2026-07-17 14:46:21,343 INFO [UserId=16982] Sayfa 5: 50 ürün alındı. (Toplam: 771)
2026-07-17 14:46:21,622 INFO [UserId=16982] Sayfa 6: 50 ürün alındı. (Toplam: 771)
2026-07-17 14:46:21,900 INFO [UserId=16982] Sayfa 7: 50 ürün alındı. (Toplam: 771)
2026-07-17 14:46:22,186 INFO [UserId=16982] Sayfa 8: 50 ürün alındı. (Toplam: 771)
2026-07-17 14:46:22,472 INFO [UserId=16982] Sayfa 9: 50 ürün alındı. (Toplam: 771)
2026-07-17 14:46:22,754 INFO [UserId=16982] Sayfa 10: 50 ürün alındı. (Toplam: 771)
2026-07-17 14:46:23,046 INFO [UserId=16982] Sayfa 11: 50 ürün alındı. (Toplam: 771)
2026-07-17 14:46:23,355 INFO [UserId=16982] Sayfa 12: 50 ürün alındı. (Toplam: 771)
2026-07-17 14:46:23,633 INFO [UserId=16982] Sayfa 13: 50 ürün alındı. (Toplam: 771)
2026-07-17 14:46:23,919 INFO [UserId=16982] Sayfa 14: 50 ürün alındı. (Toplam: 771)
2026-07-17 14:46:24,209 INFO [UserId=16982] Sayfa 15: 50 ürün alındı. (Toplam: 771)
2026-07-17 14:46:24,460 INFO [UserId=16982] Sayfa 16: 21 ürün alındı. (Toplam: 771)
2026-07-17 14:46:24,460 INFO [UserId=16982] Toplam 771 ürün çekildi.
2026-07-17 14:46:24,465 INFO XML feed yazıldı: docs/ecza1-store-16982.xml (771 ürün)
2026-07-17 14:46:24,725 INFO [UserId=19598] Sayfa 1: 50 ürün alındı. (Toplam: 362)
2026-07-17 14:46:24,984 INFO [UserId=19598] Sayfa 2: 50 ürün alındı. (Toplam: 362)
2026-07-17 14:46:25,243 INFO [UserId=19598] Sayfa 3: 50 ürün alındı. (Toplam: 362)
2026-07-17 14:46:25,502 INFO [UserId=19598] Sayfa 4: 50 ürün alındı. (Toplam: 362)
2026-07-17 14:46:25,771 INFO [UserId=19598] Sayfa 5: 50 ürün alındı. (Toplam: 362)
2026-07-17 14:46:26,035 INFO [UserId=19598] Sayfa 6: 50 ürün alındı. (Toplam: 362)
2026-07-17 14:46:26,310 INFO [UserId=19598] Sayfa 7: 50 ürün alındı. (Toplam: 362)
2026-07-17 14:46:26,547 INFO [UserId=19598] Sayfa 8: 12 ürün alındı. (Toplam: 362)
2026-07-17 14:46:26,547 INFO [UserId=19598] Toplam 362 ürün çekildi.
2026-07-17 14:46:26,550 INFO XML feed yazıldı: docs/ecza1-store-19598.xml (362 ürün)
2026-07-17 14:46:26,834 INFO [UserId=21144] Sayfa 1: 50 ürün alındı. (Toplam: 398)
2026-07-17 14:46:27,116 INFO [UserId=21144] Sayfa 2: 50 ürün alındı. (Toplam: 398)
2026-07-17 14:46:27,395 INFO [UserId=21144] Sayfa 3: 50 ürün alındı. (Toplam: 398)
2026-07-17 14:46:27,679 INFO [UserId=21144] Sayfa 4: 50 ürün alındı. (Toplam: 398)
2026-07-17 14:46:27,992 INFO [UserId=21144] Sayfa 5: 50 ürün alındı. (Toplam: 398)
2026-07-17 14:46:28,285 INFO [UserId=21144] Sayfa 6: 50 ürün alındı. (Toplam: 398)
2026-07-17 14:46:28,563 INFO [UserId=21144] Sayfa 7: 50 ürün alındı. (Toplam: 398)
2026-07-17 14:46:28,836 INFO [UserId=21144] Sayfa 8: 48 ürün alındı. (Toplam: 398)
2026-07-17 14:46:28,836 INFO [UserId=21144] Toplam 398 ürün çekildi.
2026-07-17 14:46:28,839 INFO XML feed yazıldı: docs/ecza1-store-21144.xml (398 ürün)
2026-07-17 14:46:29,124 INFO [UserId=184] Sayfa 1: 50 ürün alındı. (Toplam: 473)
2026-07-17 14:46:29,404 INFO [UserId=184] Sayfa 2: 50 ürün alındı. (Toplam: 473)
2026-07-17 14:46:29,682 INFO [UserId=184] Sayfa 3: 50 ürün alındı. (Toplam: 473)
2026-07-17 14:46:29,965 INFO [UserId=184] Sayfa 4: 50 ürün alındı. (Toplam: 473)
2026-07-17 14:46:30,251 INFO [UserId=184] Sayfa 5: 50 ürün alındı. (Toplam: 473)
2026-07-17 14:46:30,561 INFO [UserId=184] Sayfa 6: 50 ürün alındı. (Toplam: 473)
2026-07-17 14:46:30,887 INFO [UserId=184] Sayfa 7: 50 ürün alındı. (Toplam: 473)
2026-07-17 14:46:31,172 INFO [UserId=184] Sayfa 8: 50 ürün alındı. (Toplam: 473)
2026-07-17 14:46:31,463 INFO [UserId=184] Sayfa 9: 50 ürün alındı. (Toplam: 473)
2026-07-17 14:46:31,710 INFO [UserId=184] Sayfa 10: 23 ürün alındı. (Toplam: 473)
2026-07-17 14:46:31,710 INFO [UserId=184] Toplam 473 ürün çekildi.
2026-07-17 14:46:31,713 INFO XML feed yazıldı: docs/ecza1-store-184.xml (473 ürün)
2026-07-17 14:46:31,974 INFO [UserId=1735] Sayfa 1: 50 ürün alındı. (Toplam: 330)
2026-07-17 14:46:32,249 INFO [UserId=1735] Sayfa 2: 50 ürün alındı. (Toplam: 330)
2026-07-17 14:46:32,520 INFO [UserId=1735] Sayfa 3: 50 ürün alındı. (Toplam: 330)
2026-07-17 14:46:32,787 INFO [UserId=1735] Sayfa 4: 50 ürün alındı. (Toplam: 330)
2026-07-17 14:46:33,076 INFO [UserId=1735] Sayfa 5: 50 ürün alındı. (Toplam: 330)
2026-07-17 14:46:33,355 INFO [UserId=1735] Sayfa 6: 50 ürün alındı. (Toplam: 330)
2026-07-17 14:46:33,602 INFO [UserId=1735] Sayfa 7: 30 ürün alındı. (Toplam: 330)
2026-07-17 14:46:33,602 INFO [UserId=1735] Toplam 330 ürün çekildi.
2026-07-17 14:46:33,604 INFO XML feed yazıldı: docs/ecza1-store-1735.xml (330 ürün)
2026-07-17 14:46:33,878 INFO [UserId=11197] Sayfa 1: 50 ürün alındı. (Toplam: 197)
2026-07-17 14:46:34,148 INFO [UserId=11197] Sayfa 2: 50 ürün alındı. (Toplam: 197)
2026-07-17 14:46:34,421 INFO [UserId=11197] Sayfa 3: 50 ürün alındı. (Toplam: 197)
2026-07-17 14:46:34,692 INFO [UserId=11197] Sayfa 4: 47 ürün alındı. (Toplam: 197)
2026-07-17 14:46:34,692 INFO [UserId=11197] Toplam 197 ürün çekildi.
2026-07-17 14:46:34,694 INFO XML feed yazıldı: docs/ecza1-store-11197.xml (197 ürün)
2026-07-17 14:46:34,981 INFO [UserId=759] Sayfa 1: 50 ürün alındı. (Toplam: 389)
2026-07-17 14:46:35,251 INFO [UserId=759] Sayfa 2: 50 ürün alındı. (Toplam: 389)
2026-07-17 14:46:35,522 INFO [UserId=759] Sayfa 3: 50 ürün alındı. (Toplam: 389)
2026-07-17 14:46:35,803 INFO [UserId=759] Sayfa 4: 50 ürün alındı. (Toplam: 389)
2026-07-17 14:46:36,102 INFO [UserId=759] Sayfa 5: 50 ürün alındı. (Toplam: 389)
2026-07-17 14:46:36,377 INFO [UserId=759] Sayfa 6: 50 ürün alındı. (Toplam: 389)
2026-07-17 14:46:36,647 INFO [UserId=759] Sayfa 7: 50 ürün alındı. (Toplam: 389)
2026-07-17 14:46:36,914 INFO [UserId=759] Sayfa 8: 39 ürün alındı. (Toplam: 389)
2026-07-17 14:46:36,914 INFO [UserId=759] Toplam 389 ürün çekildi.
2026-07-17 14:46:36,916 INFO XML feed yazıldı: docs/ecza1-store-759.xml (389 ürün)
2026-07-17 14:46:36,916 INFO Tüm mağazalar için senkronizasyon tamamlandı.
2026-07-17 16:04:26,911 INFO Giriş başarılı (302 yönlendirme -> /).
2026-07-17 16:04:28,763 INFO [UserId=7982] Sayfa 1: 50 ürün alındı. (Toplam: 629)
2026-07-17 16:04:31,136 INFO [UserId=7982] Sayfa 2: 50 ürün alındı. (Toplam: 629)
2026-07-17 16:04:32,564 INFO [UserId=7982] Sayfa 3: 50 ürün alındı. (Toplam: 629)
2026-07-17 16:04:34,013 INFO [UserId=7982] Sayfa 4: 50 ürün alındı. (Toplam: 629)
2026-07-17 16:04:35,502 INFO [UserId=7982] Sayfa 5: 50 ürün alındı. (Toplam: 629)
2026-07-17 16:04:36,931 INFO [UserId=7982] Sayfa 6: 50 ürün alındı. (Toplam: 629)
2026-07-17 16:04:38,371 INFO [UserId=7982] Sayfa 7: 50 ürün alındı. (Toplam: 629)
2026-07-17 16:04:40,167 INFO [UserId=7982] Sayfa 8: 50 ürün alındı. (Toplam: 629)
2026-07-17 16:04:41,603 INFO [UserId=7982] Sayfa 9: 50 ürün alındı. (Toplam: 629)
2026-07-17 16:04:43,077 INFO [UserId=7982] Sayfa 10: 50 ürün alındı. (Toplam: 629)
2026-07-17 16:04:44,439 INFO [UserId=7982] Sayfa 11: 50 ürün alındı. (Toplam: 629)
2026-07-17 16:04:46,163 INFO [UserId=7982] Sayfa 12: 50 ürün alındı. (Toplam: 629)
2026-07-17 16:04:47,037 INFO [UserId=7982] Sayfa 13: 29 ürün alındı. (Toplam: 629)
2026-07-17 16:04:47,037 INFO [UserId=7982] Toplam 629 ürün çekildi.
2026-07-17 16:04:47,042 INFO XML feed yazıldı: docs/ecza1-store-7982.xml (629 ürün)
2026-07-17 16:04:48,404 INFO [UserId=16982] Sayfa 1: 50 ürün alındı. (Toplam: 771)
2026-07-17 16:04:49,836 INFO [UserId=16982] Sayfa 2: 50 ürün alındı. (Toplam: 771)
2026-07-17 16:04:51,239 INFO [UserId=16982] Sayfa 3: 50 ürün alındı. (Toplam: 771)
2026-07-17 16:04:52,649 INFO [UserId=16982] Sayfa 4: 50 ürün alındı. (Toplam: 771)
2026-07-17 16:04:54,110 INFO [UserId=16982] Sayfa 5: 50 ürün alındı. (Toplam: 771)
2026-07-17 16:04:55,554 INFO [UserId=16982] Sayfa 6: 50 ürün alındı. (Toplam: 771)
2026-07-17 16:04:56,977 INFO [UserId=16982] Sayfa 7: 50 ürün alındı. (Toplam: 771)
2026-07-17 16:04:58,453 INFO [UserId=16982] Sayfa 8: 50 ürün alındı. (Toplam: 771)
2026-07-17 16:04:59,881 INFO [UserId=16982] Sayfa 9: 50 ürün alındı. (Toplam: 771)
2026-07-17 16:05:01,337 INFO [UserId=16982] Sayfa 10: 50 ürün alındı. (Toplam: 771)
2026-07-17 16:05:02,738 INFO [UserId=16982] Sayfa 11: 50 ürün alındı. (Toplam: 771)
2026-07-17 16:05:04,286 INFO [UserId=16982] Sayfa 12: 50 ürün alındı. (Toplam: 771)
2026-07-17 16:05:05,683 INFO [UserId=16982] Sayfa 13: 50 ürün alındı. (Toplam: 771)
2026-07-17 16:05:07,092 INFO [UserId=16982] Sayfa 14: 50 ürün alındı. (Toplam: 771)
2026-07-17 16:05:08,505 INFO [UserId=16982] Sayfa 15: 50 ürün alındı. (Toplam: 771)
2026-07-17 16:05:09,216 INFO [UserId=16982] Sayfa 16: 21 ürün alındı. (Toplam: 771)
2026-07-17 16:05:09,216 INFO [UserId=16982] Toplam 771 ürün çekildi.
2026-07-17 16:05:09,222 INFO XML feed yazıldı: docs/ecza1-store-16982.xml (771 ürün)
2026-07-17 16:05:10,734 INFO [UserId=19598] Sayfa 1: 50 ürün alındı. (Toplam: 362)
2026-07-17 16:05:12,217 INFO [UserId=19598] Sayfa 2: 50 ürün alındı. (Toplam: 362)
2026-07-17 16:05:13,692 INFO [UserId=19598] Sayfa 3: 50 ürün alındı. (Toplam: 362)
2026-07-17 16:05:16,236 INFO [UserId=19598] Sayfa 4: 50 ürün alındı. (Toplam: 362)
2026-07-17 16:05:21,647 INFO [UserId=19598] Sayfa 5: 50 ürün alındı. (Toplam: 362)
2026-07-17 16:05:23,129 INFO [UserId=19598] Sayfa 6: 50 ürün alındı. (Toplam: 362)
2026-07-17 16:05:24,594 INFO [UserId=19598] Sayfa 7: 50 ürün alındı. (Toplam: 362)
2026-07-17 16:05:25,066 INFO [UserId=19598] Sayfa 8: 12 ürün alındı. (Toplam: 362)
2026-07-17 16:05:25,066 INFO [UserId=19598] Toplam 362 ürün çekildi.
2026-07-17 16:05:25,068 INFO XML feed yazıldı: docs/ecza1-store-19598.xml (362 ürün)
2026-07-17 16:05:26,440 INFO [UserId=21144] Sayfa 1: 50 ürün alındı. (Toplam: 399)
2026-07-17 16:05:27,802 INFO [UserId=21144] Sayfa 2: 50 ürün alındı. (Toplam: 399)
2026-07-17 16:05:29,184 INFO [UserId=21144] Sayfa 3: 50 ürün alındı. (Toplam: 399)
2026-07-17 16:05:30,609 INFO [UserId=21144] Sayfa 4: 50 ürün alındı. (Toplam: 399)
2026-07-17 16:05:31,991 INFO [UserId=21144] Sayfa 5: 50 ürün alındı. (Toplam: 399)
2026-07-17 16:05:33,419 INFO [UserId=21144] Sayfa 6: 50 ürün alındı. (Toplam: 399)
2026-07-17 16:05:34,783 INFO [UserId=21144] Sayfa 7: 50 ürün alındı. (Toplam: 399)
2026-07-17 16:05:36,117 INFO [UserId=21144] Sayfa 8: 49 ürün alındı. (Toplam: 399)
2026-07-17 16:05:36,117 INFO [UserId=21144] Toplam 399 ürün çekildi.
2026-07-17 16:05:36,120 INFO XML feed yazıldı: docs/ecza1-store-21144.xml (399 ürün)
2026-07-17 16:05:37,516 INFO [UserId=184] Sayfa 1: 50 ürün alındı. (Toplam: 471)
2026-07-17 16:05:39,061 INFO [UserId=184] Sayfa 2: 50 ürün alındı. (Toplam: 471)
2026-07-17 16:05:40,412 INFO [UserId=184] Sayfa 3: 50 ürün alındı. (Toplam: 471)
2026-07-17 16:05:41,770 INFO [UserId=184] Sayfa 4: 50 ürün alındı. (Toplam: 471)
2026-07-17 16:05:42,713 INFO [UserId=184] Sayfa 5: 50 ürün alındı. (Toplam: 471)
2026-07-17 16:05:42,971 INFO [UserId=184] Sayfa 6: 50 ürün alındı. (Toplam: 471)
2026-07-17 16:05:43,237 INFO [UserId=184] Sayfa 7: 50 ürün alındı. (Toplam: 471)
2026-07-17 16:05:43,457 INFO [UserId=184] Sayfa 8: 50 ürün alındı. (Toplam: 471)
2026-07-17 16:05:43,680 INFO [UserId=184] Sayfa 9: 50 ürün alındı. (Toplam: 471)
2026-07-17 16:05:43,861 INFO [UserId=184] Sayfa 10: 21 ürün alındı. (Toplam: 471)
2026-07-17 16:05:43,861 INFO [UserId=184] Toplam 471 ürün çekildi.
2026-07-17 16:05:43,864 INFO XML feed yazıldı: docs/ecza1-store-184.xml (471 ürün)
2026-07-17 16:05:44,071 INFO [UserId=1735] Sayfa 1: 50 ürün alındı. (Toplam: 330)
2026-07-17 16:05:44,287 INFO [UserId=1735] Sayfa 2: 50 ürün alındı. (Toplam: 330)
2026-07-17 16:05:44,498 INFO [UserId=1735] Sayfa 3: 50 ürün alındı. (Toplam: 330)
2026-07-17 16:05:44,699 INFO [UserId=1735] Sayfa 4: 50 ürün alındı. (Toplam: 330)
2026-07-17 16:05:44,923 INFO [UserId=1735] Sayfa 5: 50 ürün alındı. (Toplam: 330)
2026-07-17 16:05:45,132 INFO [UserId=1735] Sayfa 6: 50 ürün alındı. (Toplam: 330)
2026-07-17 16:05:45,316 INFO [UserId=1735] Sayfa 7: 30 ürün alındı. (Toplam: 330)
2026-07-17 16:05:45,316 INFO [UserId=1735] Toplam 330 ürün çekildi.
2026-07-17 16:05:45,319 INFO XML feed yazıldı: docs/ecza1-store-1735.xml (330 ürün)
2026-07-17 16:05:45,533 INFO [UserId=11197] Sayfa 1: 50 ürün alındı. (Toplam: 197)
2026-07-17 16:05:45,751 INFO [UserId=11197] Sayfa 2: 50 ürün alındı. (Toplam: 197)
2026-07-17 16:05:45,971 INFO [UserId=11197] Sayfa 3: 50 ürün alındı. (Toplam: 197)
2026-07-17 16:05:46,190 INFO [UserId=11197] Sayfa 4: 47 ürün alındı. (Toplam: 197)
2026-07-17 16:05:46,191 INFO [UserId=11197] Toplam 197 ürün çekildi.
2026-07-17 16:05:46,192 INFO XML feed yazıldı: docs/ecza1-store-11197.xml (197 ürün)
2026-07-17 16:05:46,417 INFO [UserId=759] Sayfa 1: 50 ürün alındı. (Toplam: 388)
2026-07-17 16:05:46,629 INFO [UserId=759] Sayfa 2: 50 ürün alındı. (Toplam: 388)
2026-07-17 16:05:46,835 INFO [UserId=759] Sayfa 3: 50 ürün alındı. (Toplam: 388)
2026-07-17 16:05:47,054 INFO [UserId=759] Sayfa 4: 50 ürün alındı. (Toplam: 388)
2026-07-17 16:05:47,286 INFO [UserId=759] Sayfa 5: 50 ürün alındı. (Toplam: 388)
2026-07-17 16:05:47,503 INFO [UserId=759] Sayfa 6: 50 ürün alındı. (Toplam: 388)
2026-07-17 16:05:47,711 INFO [UserId=759] Sayfa 7: 50 ürün alındı. (Toplam: 388)
2026-07-17 16:05:47,915 INFO [UserId=759] Sayfa 8: 38 ürün alındı. (Toplam: 388)
2026-07-17 16:05:47,915 INFO [UserId=759] Toplam 388 ürün çekildi.
2026-07-17 16:05:47,918 INFO XML feed yazıldı: docs/ecza1-store-759.xml (388 ürün)
2026-07-17 16:05:47,918 INFO Tüm mağazalar için senkronizasyon tamamlandı.
2026-07-17 18:19:38,747 INFO Giriş başarılı (302 yönlendirme -> /).
2026-07-17 18:20:26,231 INFO Kategori/marka tablosu hazır: 658 kategori, 3308 marka bulundu.
2026-07-17 18:20:26,460 INFO [UserId=7982] Sayfa 1: 50 ürün alındı. (Toplam: 629)
2026-07-17 18:20:26,686 INFO [UserId=7982] Sayfa 2: 50 ürün alındı. (Toplam: 629)
2026-07-17 18:20:26,921 INFO [UserId=7982] Sayfa 3: 50 ürün alındı. (Toplam: 629)
2026-07-17 18:20:27,149 INFO [UserId=7982] Sayfa 4: 50 ürün alındı. (Toplam: 629)
2026-07-17 18:20:27,379 INFO [UserId=7982] Sayfa 5: 50 ürün alındı. (Toplam: 629)
2026-07-17 18:20:27,614 INFO [UserId=7982] Sayfa 6: 50 ürün alındı. (Toplam: 629)
2026-07-17 18:20:27,840 INFO [UserId=7982] Sayfa 7: 50 ürün alındı. (Toplam: 629)
2026-07-17 18:20:28,068 INFO [UserId=7982] Sayfa 8: 50 ürün alındı. (Toplam: 629)
2026-07-17 18:20:28,294 INFO [UserId=7982] Sayfa 9: 50 ürün alındı. (Toplam: 629)
2026-07-17 18:20:28,514 INFO [UserId=7982] Sayfa 10: 50 ürün alındı. (Toplam: 629)
2026-07-17 18:20:28,728 INFO [UserId=7982] Sayfa 11: 50 ürün alındı. (Toplam: 629)
2026-07-17 18:20:28,946 INFO [UserId=7982] Sayfa 12: 50 ürün alındı. (Toplam: 629)
2026-07-17 18:20:29,157 INFO [UserId=7982] Sayfa 13: 29 ürün alındı. (Toplam: 629)
2026-07-17 18:20:29,158 INFO [UserId=7982] Toplam 629 ürün çekildi.
2026-07-17 18:20:29,162 INFO XML feed yazıldı: docs/ecza1-store-7982.xml (629 ürün)
2026-07-17 18:20:29,388 INFO [UserId=16982] Sayfa 1: 50 ürün alındı. (Toplam: 771)
2026-07-17 18:20:29,616 INFO [UserId=16982] Sayfa 2: 50 ürün alındı. (Toplam: 771)
2026-07-17 18:20:29,859 INFO [UserId=16982] Sayfa 3: 50 ürün alındı. (Toplam: 771)
2026-07-17 18:20:30,092 INFO [UserId=16982] Sayfa 4: 50 ürün alındı. (Toplam: 771)
2026-07-17 18:20:30,312 INFO [UserId=16982] Sayfa 5: 50 ürün alındı. (Toplam: 771)
2026-07-17 18:20:30,553 INFO [UserId=16982] Sayfa 6: 50 ürün alındı. (Toplam: 771)
2026-07-17 18:20:31,952 INFO [UserId=16982] Sayfa 7: 50 ürün alındı. (Toplam: 771)
2026-07-17 18:20:32,192 INFO [UserId=16982] Sayfa 8: 50 ürün alındı. (Toplam: 771)
2026-07-17 18:20:32,428 INFO [UserId=16982] Sayfa 9: 50 ürün alındı. (Toplam: 771)
2026-07-17 18:20:32,656 INFO [UserId=16982] Sayfa 10: 50 ürün alındı. (Toplam: 771)
2026-07-17 18:20:32,898 INFO [UserId=16982] Sayfa 11: 50 ürün alındı. (Toplam: 771)
2026-07-17 18:20:33,150 INFO [UserId=16982] Sayfa 12: 50 ürün alındı. (Toplam: 771)
2026-07-17 18:20:33,374 INFO [UserId=16982] Sayfa 13: 50 ürün alındı. (Toplam: 771)
2026-07-17 18:20:33,599 INFO [UserId=16982] Sayfa 14: 50 ürün alındı. (Toplam: 771)
2026-07-17 18:20:33,833 INFO [UserId=16982] Sayfa 15: 50 ürün alındı. (Toplam: 771)
2026-07-17 18:20:34,035 INFO [UserId=16982] Sayfa 16: 21 ürün alındı. (Toplam: 771)
2026-07-17 18:20:34,035 INFO [UserId=16982] Toplam 771 ürün çekildi.
2026-07-17 18:20:34,041 INFO XML feed yazıldı: docs/ecza1-store-16982.xml (771 ürün)
2026-07-17 18:20:34,256 INFO [UserId=19598] Sayfa 1: 50 ürün alındı. (Toplam: 361)
2026-07-17 18:20:34,474 INFO [UserId=19598] Sayfa 2: 50 ürün alındı. (Toplam: 361)
2026-07-17 18:20:34,685 INFO [UserId=19598] Sayfa 3: 50 ürün alındı. (Toplam: 361)
2026-07-17 18:20:34,891 INFO [UserId=19598] Sayfa 4: 50 ürün alındı. (Toplam: 361)
2026-07-17 18:20:35,094 INFO [UserId=19598] Sayfa 5: 50 ürün alındı. (Toplam: 361)
2026-07-17 18:20:35,315 INFO [UserId=19598] Sayfa 6: 50 ürün alındı. (Toplam: 361)
2026-07-17 18:20:35,538 INFO [UserId=19598] Sayfa 7: 50 ürün alındı. (Toplam: 361)
2026-07-17 18:20:35,728 INFO [UserId=19598] Sayfa 8: 11 ürün alındı. (Toplam: 361)
2026-07-17 18:20:35,728 INFO [UserId=19598] Toplam 361 ürün çekildi.
2026-07-17 18:20:35,731 INFO XML feed yazıldı: docs/ecza1-store-19598.xml (361 ürün)
2026-07-17 18:20:35,969 INFO [UserId=21144] Sayfa 1: 50 ürün alındı. (Toplam: 399)
2026-07-17 18:20:36,206 INFO [UserId=21144] Sayfa 2: 50 ürün alındı. (Toplam: 399)
2026-07-17 18:20:36,429 INFO [UserId=21144] Sayfa 3: 50 ürün alındı. (Toplam: 399)
2026-07-17 18:20:36,650 INFO [UserId=21144] Sayfa 4: 50 ürün alındı. (Toplam: 399)
2026-07-17 18:20:36,893 INFO [UserId=21144] Sayfa 5: 50 ürün alındı. (Toplam: 399)
2026-07-17 18:20:37,127 INFO [UserId=21144] Sayfa 6: 50 ürün alındı. (Toplam: 399)
2026-07-17 18:20:37,348 INFO [UserId=21144] Sayfa 7: 50 ürün alındı. (Toplam: 399)
2026-07-17 18:20:37,570 INFO [UserId=21144] Sayfa 8: 49 ürün alındı. (Toplam: 399)
2026-07-17 18:20:37,570 INFO [UserId=21144] Toplam 399 ürün çekildi.
2026-07-17 18:20:37,573 INFO XML feed yazıldı: docs/ecza1-store-21144.xml (399 ürün)
2026-07-17 18:20:37,836 INFO [UserId=184] Sayfa 1: 50 ürün alındı. (Toplam: 471)
2026-07-17 18:20:38,061 INFO [UserId=184] Sayfa 2: 50 ürün alındı. (Toplam: 471)
2026-07-17 18:20:38,293 INFO [UserId=184] Sayfa 3: 50 ürün alındı. (Toplam: 471)
2026-07-17 18:20:38,520 INFO [UserId=184] Sayfa 4: 50 ürün alındı. (Toplam: 471)
2026-07-17 18:20:38,757 INFO [UserId=184] Sayfa 5: 50 ürün alındı. (Toplam: 471)
2026-07-17 18:20:39,009 INFO [UserId=184] Sayfa 6: 50 ürün alındı. (Toplam: 471)
2026-07-17 18:20:39,276 INFO [UserId=184] Sayfa 7: 50 ürün alındı. (Toplam: 471)
2026-07-17 18:20:39,505 INFO [UserId=184] Sayfa 8: 50 ürün alındı. (Toplam: 471)
2026-07-17 18:20:39,744 INFO [UserId=184] Sayfa 9: 50 ürün alındı. (Toplam: 471)
2026-07-17 18:20:39,939 INFO [UserId=184] Sayfa 10: 21 ürün alındı. (Toplam: 471)
2026-07-17 18:20:39,939 INFO [UserId=184] Toplam 471 ürün çekildi.
2026-07-17 18:20:39,943 INFO XML feed yazıldı: docs/ecza1-store-184.xml (471 ürün)
2026-07-17 18:20:40,157 INFO [UserId=1735] Sayfa 1: 50 ürün alındı. (Toplam: 330)
2026-07-17 18:20:40,382 INFO [UserId=1735] Sayfa 2: 50 ürün alındı. (Toplam: 330)
2026-07-17 18:20:40,608 INFO [UserId=1735] Sayfa 3: 50 ürün alındı. (Toplam: 330)
2026-07-17 18:20:40,819 INFO [UserId=1735] Sayfa 4: 50 ürün alındı. (Toplam: 330)
2026-07-17 18:20:41,052 INFO [UserId=1735] Sayfa 5: 50 ürün alındı. (Toplam: 330)
2026-07-17 18:20:41,271 INFO [UserId=1735] Sayfa 6: 50 ürün alındı. (Toplam: 330)
2026-07-17 18:20:41,466 INFO [UserId=1735] Sayfa 7: 30 ürün alındı. (Toplam: 330)
2026-07-17 18:20:41,467 INFO [UserId=1735] Toplam 330 ürün çekildi.
2026-07-17 18:20:41,469 INFO XML feed yazıldı: docs/ecza1-store-1735.xml (330 ürün)
2026-07-17 18:20:41,695 INFO [UserId=11197] Sayfa 1: 50 ürün alındı. (Toplam: 198)
2026-07-17 18:20:41,926 INFO [UserId=11197] Sayfa 2: 50 ürün alındı. (Toplam: 198)
2026-07-17 18:20:42,144 INFO [UserId=11197] Sayfa 3: 50 ürün alındı. (Toplam: 198)
2026-07-17 18:20:42,366 INFO [UserId=11197] Sayfa 4: 48 ürün alındı. (Toplam: 198)
2026-07-17 18:20:42,366 INFO [UserId=11197] Toplam 198 ürün çekildi.
2026-07-17 18:20:42,368 INFO XML feed yazıldı: docs/ecza1-store-11197.xml (198 ürün)
2026-07-17 18:20:42,599 INFO [UserId=759] Sayfa 1: 50 ürün alındı. (Toplam: 388)
2026-07-17 18:20:42,819 INFO [UserId=759] Sayfa 2: 50 ürün alındı. (Toplam: 388)
2026-07-17 18:20:43,035 INFO [UserId=759] Sayfa 3: 50 ürün alındı. (Toplam: 388)
2026-07-17 18:20:43,262 INFO [UserId=759] Sayfa 4: 50 ürün alındı. (Toplam: 388)
2026-07-17 18:20:43,513 INFO [UserId=759] Sayfa 5: 50 ürün alındı. (Toplam: 388)
2026-07-17 18:20:43,733 INFO [UserId=759] Sayfa 6: 50 ürün alındı. (Toplam: 388)
2026-07-17 18:20:43,947 INFO [UserId=759] Sayfa 7: 50 ürün alındı. (Toplam: 388)
2026-07-17 18:20:44,160 INFO [UserId=759] Sayfa 8: 38 ürün alındı. (Toplam: 388)
2026-07-17 18:20:44,160 INFO [UserId=759] Toplam 388 ürün çekildi.
2026-07-17 18:20:44,162 INFO XML feed yazıldı: docs/ecza1-store-759.xml (388 ürün)
2026-07-17 18:20:44,163 INFO Tüm mağazalar için senkronizasyon tamamlandı.
2026-07-17 18:48:52,582 INFO Giriş başarılı (302 yönlendirme -> /).
2026-07-17 18:49:57,447 INFO Kategori/marka tablosu hazır: 658 kategori, 3308 marka bulundu.
2026-07-17 18:49:57,719 INFO [UserId=7982] Sayfa 1: 50 ürün alındı. (Toplam: 629)
2026-07-17 18:49:57,988 INFO [UserId=7982] Sayfa 2: 50 ürün alındı. (Toplam: 629)
2026-07-17 18:49:58,269 INFO [UserId=7982] Sayfa 3: 50 ürün alındı. (Toplam: 629)
2026-07-17 18:49:58,535 INFO [UserId=7982] Sayfa 4: 50 ürün alındı. (Toplam: 629)
2026-07-17 18:49:58,796 INFO [UserId=7982] Sayfa 5: 50 ürün alındı. (Toplam: 629)
2026-07-17 18:49:59,068 INFO [UserId=7982] Sayfa 6: 50 ürün alındı. (Toplam: 629)
2026-07-17 18:49:59,340 INFO [UserId=7982] Sayfa 7: 50 ürün alındı. (Toplam: 629)
2026-07-17 18:49:59,610 INFO [UserId=7982] Sayfa 8: 50 ürün alındı. (Toplam: 629)
2026-07-17 18:49:59,877 INFO [UserId=7982] Sayfa 9: 50 ürün alındı. (Toplam: 629)
2026-07-17 18:50:00,146 INFO [UserId=7982] Sayfa 10: 50 ürün alındı. (Toplam: 629)
2026-07-17 18:50:00,432 INFO [UserId=7982] Sayfa 11: 50 ürün alındı. (Toplam: 629)
2026-07-17 18:50:00,701 INFO [UserId=7982] Sayfa 12: 50 ürün alındı. (Toplam: 629)
2026-07-17 18:50:00,963 INFO [UserId=7982] Sayfa 13: 29 ürün alındı. (Toplam: 629)
2026-07-17 18:50:00,963 INFO [UserId=7982] Toplam 629 ürün çekildi.
2026-07-17 18:50:01,239 INFO [UserId=16982] Sayfa 1: 50 ürün alındı. (Toplam: 771)
2026-07-17 18:50:01,522 INFO [UserId=16982] Sayfa 2: 50 ürün alındı. (Toplam: 771)
2026-07-17 18:50:01,796 INFO [UserId=16982] Sayfa 3: 50 ürün alındı. (Toplam: 771)
2026-07-17 18:50:02,071 INFO [UserId=16982] Sayfa 4: 50 ürün alındı. (Toplam: 771)
2026-07-17 18:50:02,324 INFO [UserId=16982] Sayfa 5: 50 ürün alındı. (Toplam: 771)
2026-07-17 18:50:02,592 INFO [UserId=16982] Sayfa 6: 50 ürün alındı. (Toplam: 771)
2026-07-17 18:50:02,902 INFO [UserId=16982] Sayfa 7: 50 ürün alındı. (Toplam: 771)
2026-07-17 18:50:03,183 INFO [UserId=16982] Sayfa 8: 50 ürün alındı. (Toplam: 771)
2026-07-17 18:50:03,461 INFO [UserId=16982] Sayfa 9: 50 ürün alındı. (Toplam: 771)
2026-07-17 18:50:03,829 INFO [UserId=16982] Sayfa 10: 50 ürün alındı. (Toplam: 771)
2026-07-17 18:50:04,116 INFO [UserId=16982] Sayfa 11: 50 ürün alındı. (Toplam: 771)
2026-07-17 18:50:04,424 INFO [UserId=16982] Sayfa 12: 50 ürün alındı. (Toplam: 771)
2026-07-17 18:50:04,698 INFO [UserId=16982] Sayfa 13: 50 ürün alındı. (Toplam: 771)
2026-07-17 18:50:04,972 INFO [UserId=16982] Sayfa 14: 50 ürün alındı. (Toplam: 771)
2026-07-17 18:50:05,244 INFO [UserId=16982] Sayfa 15: 50 ürün alındı. (Toplam: 771)
2026-07-17 18:50:05,487 INFO [UserId=16982] Sayfa 16: 21 ürün alındı. (Toplam: 771)
2026-07-17 18:50:05,487 INFO [UserId=16982] Toplam 771 ürün çekildi.
2026-07-17 18:50:05,746 INFO [UserId=19598] Sayfa 1: 50 ürün alındı. (Toplam: 361)
2026-07-17 18:50:06,004 INFO [UserId=19598] Sayfa 2: 50 ürün alındı. (Toplam: 361)
2026-07-17 18:50:06,257 INFO [UserId=19598] Sayfa 3: 50 ürün alındı. (Toplam: 361)
2026-07-17 18:50:06,506 INFO [UserId=19598] Sayfa 4: 50 ürün alındı. (Toplam: 361)
2026-07-17 18:50:06,755 INFO [UserId=19598] Sayfa 5: 50 ürün alındı. (Toplam: 361)
2026-07-17 18:50:07,012 INFO [UserId=19598] Sayfa 6: 50 ürün alındı. (Toplam: 361)
2026-07-17 18:50:07,279 INFO [UserId=19598] Sayfa 7: 50 ürün alındı. (Toplam: 361)
2026-07-17 18:50:07,508 INFO [UserId=19598] Sayfa 8: 11 ürün alındı. (Toplam: 361)
2026-07-17 18:50:07,509 INFO [UserId=19598] Toplam 361 ürün çekildi.
2026-07-17 18:50:07,787 INFO [UserId=21144] Sayfa 1: 50 ürün alındı. (Toplam: 399)
2026-07-17 18:50:08,065 INFO [UserId=21144] Sayfa 2: 50 ürün alındı. (Toplam: 399)
2026-07-17 18:50:08,331 INFO [UserId=21144] Sayfa 3: 50 ürün alındı. (Toplam: 399)
2026-07-17 18:50:08,599 INFO [UserId=21144] Sayfa 4: 50 ürün alındı. (Toplam: 399)
2026-07-17 18:50:08,885 INFO [UserId=21144] Sayfa 5: 50 ürün alındı. (Toplam: 399)
2026-07-17 18:50:09,165 INFO [UserId=21144] Sayfa 6: 50 ürün alındı. (Toplam: 399)
2026-07-17 18:50:09,435 INFO [UserId=21144] Sayfa 7: 50 ürün alındı. (Toplam: 399)
2026-07-17 18:50:09,701 INFO [UserId=21144] Sayfa 8: 49 ürün alındı. (Toplam: 399)
2026-07-17 18:50:09,701 INFO [UserId=21144] Toplam 399 ürün çekildi.
2026-07-17 18:50:09,987 INFO [UserId=184] Sayfa 1: 50 ürün alındı. (Toplam: 471)
2026-07-17 18:50:10,257 INFO [UserId=184] Sayfa 2: 50 ürün alındı. (Toplam: 471)
2026-07-17 18:50:10,575 INFO [UserId=184] Sayfa 3: 50 ürün alındı. (Toplam: 471)
2026-07-17 18:50:10,848 INFO [UserId=184] Sayfa 4: 50 ürün alındı. (Toplam: 471)
2026-07-17 18:50:11,132 INFO [UserId=184] Sayfa 5: 50 ürün alındı. (Toplam: 471)
2026-07-17 18:50:11,430 INFO [UserId=184] Sayfa 6: 50 ürün alındı. (Toplam: 471)
2026-07-17 18:50:11,729 INFO [UserId=184] Sayfa 7: 50 ürün alındı. (Toplam: 471)
2026-07-17 18:50:12,002 INFO [UserId=184] Sayfa 8: 50 ürün alındı. (Toplam: 471)
2026-07-17 18:50:12,281 INFO [UserId=184] Sayfa 9: 50 ürün alındı. (Toplam: 471)
2026-07-17 18:50:12,520 INFO [UserId=184] Sayfa 10: 21 ürün alındı. (Toplam: 471)
2026-07-17 18:50:12,520 INFO [UserId=184] Toplam 471 ürün çekildi.
2026-07-17 18:50:12,782 INFO [UserId=1735] Sayfa 1: 50 ürün alındı. (Toplam: 330)
2026-07-17 18:50:13,051 INFO [UserId=1735] Sayfa 2: 50 ürün alındı. (Toplam: 330)
2026-07-17 18:50:13,327 INFO [UserId=1735] Sayfa 3: 50 ürün alındı. (Toplam: 330)
2026-07-17 18:50:13,586 INFO [UserId=1735] Sayfa 4: 50 ürün alındı. (Toplam: 330)
2026-07-17 18:50:13,866 INFO [UserId=1735] Sayfa 5: 50 ürün alındı. (Toplam: 330)
2026-07-17 18:50:14,123 INFO [UserId=1735] Sayfa 6: 50 ürün alındı. (Toplam: 330)
2026-07-17 18:50:14,382 INFO [UserId=1735] Sayfa 7: 30 ürün alındı. (Toplam: 330)
2026-07-17 18:50:14,383 INFO [UserId=1735] Toplam 330 ürün çekildi.
2026-07-17 18:50:14,647 INFO [UserId=11197] Sayfa 1: 50 ürün alındı. (Toplam: 198)
2026-07-17 18:50:14,907 INFO [UserId=11197] Sayfa 2: 50 ürün alındı. (Toplam: 198)
2026-07-17 18:50:15,174 INFO [UserId=11197] Sayfa 3: 50 ürün alındı. (Toplam: 198)
2026-07-17 18:50:15,473 INFO [UserId=11197] Sayfa 4: 48 ürün alındı. (Toplam: 198)
2026-07-17 18:50:15,473 INFO [UserId=11197] Toplam 198 ürün çekildi.
2026-07-17 18:50:15,740 INFO [UserId=759] Sayfa 1: 50 ürün alındı. (Toplam: 388)
2026-07-17 18:50:16,014 INFO [UserId=759] Sayfa 2: 50 ürün alındı. (Toplam: 388)
2026-07-17 18:50:16,275 INFO [UserId=759] Sayfa 3: 50 ürün alındı. (Toplam: 388)
2026-07-17 18:50:16,545 INFO [UserId=759] Sayfa 4: 50 ürün alındı. (Toplam: 388)
2026-07-17 18:50:16,831 INFO [UserId=759] Sayfa 5: 50 ürün alındı. (Toplam: 388)
2026-07-17 18:50:17,093 INFO [UserId=759] Sayfa 6: 50 ürün alındı. (Toplam: 388)
2026-07-17 18:50:17,356 INFO [UserId=759] Sayfa 7: 50 ürün alındı. (Toplam: 388)
2026-07-17 18:50:17,620 INFO [UserId=759] Sayfa 8: 38 ürün alındı. (Toplam: 388)
2026-07-17 18:50:17,620 INFO [UserId=759] Toplam 388 ürün çekildi.
2026-07-17 18:50:17,650 INFO Varyantlı XML feed yazıldı: docs/ecza1-feed.xml (3547 satır / varyant)
2026-07-17 18:50:17,651 INFO Tüm mağazalar için senkronizasyon tamamlandı.
2026-07-17 20:02:35,278 INFO Giriş başarılı (302 yönlendirme -> /).
2026-07-17 20:03:30,051 INFO Kategori/marka tablosu hazır: 658 kategori, 3308 marka bulundu.
2026-07-17 20:03:30,273 INFO [UserId=7982] Sayfa 1: 50 ürün alındı. (Toplam: 627)
2026-07-17 20:03:30,487 INFO [UserId=7982] Sayfa 2: 50 ürün alındı. (Toplam: 627)
2026-07-17 20:03:30,704 INFO [UserId=7982] Sayfa 3: 50 ürün alındı. (Toplam: 627)
2026-07-17 20:03:30,917 INFO [UserId=7982] Sayfa 4: 50 ürün alındı. (Toplam: 627)
2026-07-17 20:03:31,123 INFO [UserId=7982] Sayfa 5: 50 ürün alındı. (Toplam: 627)
2026-07-17 20:03:31,336 INFO [UserId=7982] Sayfa 6: 50 ürün alındı. (Toplam: 627)
2026-07-17 20:03:31,549 INFO [UserId=7982] Sayfa 7: 50 ürün alındı. (Toplam: 627)
2026-07-17 20:03:31,777 INFO [UserId=7982] Sayfa 8: 50 ürün alındı. (Toplam: 627)
2026-07-17 20:03:31,988 INFO [UserId=7982] Sayfa 9: 50 ürün alındı. (Toplam: 627)
2026-07-17 20:03:32,204 INFO [UserId=7982] Sayfa 10: 50 ürün alındı. (Toplam: 627)
2026-07-17 20:03:32,407 INFO [UserId=7982] Sayfa 11: 50 ürün alındı. (Toplam: 627)
2026-07-17 20:03:32,712 INFO [UserId=7982] Sayfa 12: 50 ürün alındı. (Toplam: 627)
2026-07-17 20:03:32,908 INFO [UserId=7982] Sayfa 13: 27 ürün alındı. (Toplam: 627)
2026-07-17 20:03:32,908 INFO [UserId=7982] Toplam 627 ürün çekildi.
2026-07-17 20:03:33,118 INFO [UserId=16982] Sayfa 1: 50 ürün alındı. (Toplam: 771)
2026-07-17 20:03:33,338 INFO [UserId=16982] Sayfa 2: 50 ürün alındı. (Toplam: 771)
2026-07-17 20:03:33,555 INFO [UserId=16982] Sayfa 3: 50 ürün alındı. (Toplam: 771)
2026-07-17 20:03:33,766 INFO [UserId=16982] Sayfa 4: 50 ürün alındı. (Toplam: 771)
2026-07-17 20:03:33,961 INFO [UserId=16982] Sayfa 5: 50 ürün alındı. (Toplam: 771)
2026-07-17 20:03:34,168 INFO [UserId=16982] Sayfa 6: 50 ürün alındı. (Toplam: 771)
2026-07-17 20:03:34,375 INFO [UserId=16982] Sayfa 7: 50 ürün alındı. (Toplam: 771)
2026-07-17 20:03:34,591 INFO [UserId=16982] Sayfa 8: 50 ürün alındı. (Toplam: 771)
2026-07-17 20:03:34,807 INFO [UserId=16982] Sayfa 9: 50 ürün alındı. (Toplam: 771)
2026-07-17 20:03:35,019 INFO [UserId=16982] Sayfa 10: 50 ürün alındı. (Toplam: 771)
2026-07-17 20:03:35,248 INFO [UserId=16982] Sayfa 11: 50 ürün alındı. (Toplam: 771)
2026-07-17 20:03:35,486 INFO [UserId=16982] Sayfa 12: 50 ürün alındı. (Toplam: 771)
2026-07-17 20:03:35,696 INFO [UserId=16982] Sayfa 13: 50 ürün alındı. (Toplam: 771)
2026-07-17 20:03:35,907 INFO [UserId=16982] Sayfa 14: 50 ürün alındı. (Toplam: 771)
2026-07-17 20:03:36,122 INFO [UserId=16982] Sayfa 15: 50 ürün alındı. (Toplam: 771)
2026-07-17 20:03:36,310 INFO [UserId=16982] Sayfa 16: 21 ürün alındı. (Toplam: 771)
2026-07-17 20:03:36,310 INFO [UserId=16982] Toplam 771 ürün çekildi.
2026-07-17 20:03:36,503 INFO [UserId=19598] Sayfa 1: 50 ürün alındı. (Toplam: 361)
2026-07-17 20:03:36,702 INFO [UserId=19598] Sayfa 2: 50 ürün alındı. (Toplam: 361)
2026-07-17 20:03:36,894 INFO [UserId=19598] Sayfa 3: 50 ürün alındı. (Toplam: 361)
2026-07-17 20:03:37,086 INFO [UserId=19598] Sayfa 4: 50 ürün alındı. (Toplam: 361)
2026-07-17 20:03:37,278 INFO [UserId=19598] Sayfa 5: 50 ürün alındı. (Toplam: 361)
2026-07-17 20:03:37,481 INFO [UserId=19598] Sayfa 6: 50 ürün alındı. (Toplam: 361)
2026-07-17 20:03:37,693 INFO [UserId=19598] Sayfa 7: 50 ürün alındı. (Toplam: 361)
2026-07-17 20:03:37,866 INFO [UserId=19598] Sayfa 8: 11 ürün alındı. (Toplam: 361)
2026-07-17 20:03:37,866 INFO [UserId=19598] Toplam 361 ürün çekildi.
2026-07-17 20:03:38,088 INFO [UserId=21144] Sayfa 1: 50 ürün alındı. (Toplam: 399)
2026-07-17 20:03:38,370 INFO [UserId=21144] Sayfa 2: 50 ürün alındı. (Toplam: 399)
2026-07-17 20:03:38,602 INFO [UserId=21144] Sayfa 3: 50 ürün alındı. (Toplam: 399)
2026-07-17 20:03:38,811 INFO [UserId=21144] Sayfa 4: 50 ürün alındı. (Toplam: 399)
2026-07-17 20:03:39,040 INFO [UserId=21144] Sayfa 5: 50 ürün alındı. (Toplam: 399)
2026-07-17 20:03:39,262 INFO [UserId=21144] Sayfa 6: 50 ürün alındı. (Toplam: 399)
2026-07-17 20:03:39,517 INFO [UserId=21144] Sayfa 7: 50 ürün alındı. (Toplam: 399)
2026-07-17 20:03:39,734 INFO [UserId=21144] Sayfa 8: 49 ürün alındı. (Toplam: 399)
2026-07-17 20:03:39,734 INFO [UserId=21144] Toplam 399 ürün çekildi.
2026-07-17 20:03:39,958 INFO [UserId=184] Sayfa 1: 50 ürün alındı. (Toplam: 471)
2026-07-17 20:03:40,170 INFO [UserId=184] Sayfa 2: 50 ürün alındı. (Toplam: 471)
2026-07-17 20:03:40,386 INFO [UserId=184] Sayfa 3: 50 ürün alındı. (Toplam: 471)
2026-07-17 20:03:40,597 INFO [UserId=184] Sayfa 4: 50 ürün alındı. (Toplam: 471)
2026-07-17 20:03:40,817 INFO [UserId=184] Sayfa 5: 50 ürün alındı. (Toplam: 471)
2026-07-17 20:03:41,073 INFO [UserId=184] Sayfa 6: 50 ürün alındı. (Toplam: 471)
2026-07-17 20:03:41,340 INFO [UserId=184] Sayfa 7: 50 ürün alındı. (Toplam: 471)
2026-07-17 20:03:41,556 INFO [UserId=184] Sayfa 8: 50 ürün alındı. (Toplam: 471)
2026-07-17 20:03:41,774 INFO [UserId=184] Sayfa 9: 50 ürün alındı. (Toplam: 471)
2026-07-17 20:03:41,954 INFO [UserId=184] Sayfa 10: 21 ürün alındı. (Toplam: 471)
2026-07-17 20:03:41,954 INFO [UserId=184] Toplam 471 ürün çekildi.
2026-07-17 20:03:42,152 INFO [UserId=1735] Sayfa 1: 50 ürün alındı. (Toplam: 330)
2026-07-17 20:03:42,368 INFO [UserId=1735] Sayfa 2: 50 ürün alındı. (Toplam: 330)
2026-07-17 20:03:42,571 INFO [UserId=1735] Sayfa 3: 50 ürün alındı. (Toplam: 330)
2026-07-17 20:03:42,775 INFO [UserId=1735] Sayfa 4: 50 ürün alındı. (Toplam: 330)
2026-07-17 20:03:42,995 INFO [UserId=1735] Sayfa 5: 50 ürün alındı. (Toplam: 330)
2026-07-17 20:03:43,196 INFO [UserId=1735] Sayfa 6: 50 ürün alındı. (Toplam: 330)
2026-07-17 20:03:43,375 INFO [UserId=1735] Sayfa 7: 30 ürün alındı. (Toplam: 330)
2026-07-17 20:03:43,375 INFO [UserId=1735] Toplam 330 ürün çekildi.
2026-07-17 20:03:43,578 INFO [UserId=11197] Sayfa 1: 50 ürün alındı. (Toplam: 198)
2026-07-17 20:03:43,778 INFO [UserId=11197] Sayfa 2: 50 ürün alındı. (Toplam: 198)
2026-07-17 20:03:43,980 INFO [UserId=11197] Sayfa 3: 50 ürün alındı. (Toplam: 198)
2026-07-17 20:03:44,203 INFO [UserId=11197] Sayfa 4: 48 ürün alındı. (Toplam: 198)
2026-07-17 20:03:44,203 INFO [UserId=11197] Toplam 198 ürün çekildi.
2026-07-17 20:03:44,483 INFO [UserId=759] Sayfa 1: 50 ürün alındı. (Toplam: 388)
2026-07-17 20:03:44,687 INFO [UserId=759] Sayfa 2: 50 ürün alındı. (Toplam: 388)
2026-07-17 20:03:44,892 INFO [UserId=759] Sayfa 3: 50 ürün alındı. (Toplam: 388)
2026-07-17 20:03:45,115 INFO [UserId=759] Sayfa 4: 50 ürün alındı. (Toplam: 388)
2026-07-17 20:03:45,343 INFO [UserId=759] Sayfa 5: 50 ürün alındı. (Toplam: 388)
2026-07-17 20:03:45,550 INFO [UserId=759] Sayfa 6: 50 ürün alındı. (Toplam: 388)
2026-07-17 20:03:45,750 INFO [UserId=759] Sayfa 7: 50 ürün alındı. (Toplam: 388)
2026-07-17 20:03:45,946 INFO [UserId=759] Sayfa 8: 38 ürün alındı. (Toplam: 388)
2026-07-17 20:03:45,946 INFO [UserId=759] Toplam 388 ürün çekildi.
2026-07-17 20:03:46,171 INFO [UserId=18] Sayfa 1: 50 ürün alındı. (Toplam: 1067)
2026-07-17 20:03:46,405 INFO [UserId=18] Sayfa 2: 50 ürün alındı. (Toplam: 1067)
2026-07-17 20:03:46,635 INFO [UserId=18] Sayfa 3: 50 ürün alındı. (Toplam: 1067)
2026-07-17 20:03:46,853 INFO [UserId=18] Sayfa 4: 50 ürün alındı. (Toplam: 1067)
2026-07-17 20:03:47,067 INFO [UserId=18] Sayfa 5: 50 ürün alındı. (Toplam: 1067)
2026-07-17 20:03:47,286 INFO [UserId=18] Sayfa 6: 50 ürün alındı. (Toplam: 1067)
2026-07-17 20:03:47,492 INFO [UserId=18] Sayfa 7: 50 ürün alındı. (Toplam: 1067)
2026-07-17 20:03:47,705 INFO [UserId=18] Sayfa 8: 50 ürün alındı. (Toplam: 1067)
2026-07-17 20:03:47,925 INFO [UserId=18] Sayfa 9: 50 ürün alındı. (Toplam: 1067)
2026-07-17 20:03:48,149 INFO [UserId=18] Sayfa 10: 50 ürün alındı. (Toplam: 1067)
2026-07-17 20:03:48,372 INFO [UserId=18] Sayfa 11: 50 ürün alındı. (Toplam: 1067)
2026-07-17 20:03:48,612 INFO [UserId=18] Sayfa 12: 50 ürün alındı. (Toplam: 1067)
2026-07-17 20:03:48,878 INFO [UserId=18] Sayfa 13: 50 ürün alındı. (Toplam: 1067)
2026-07-17 20:03:49,130 INFO [UserId=18] Sayfa 14: 50 ürün alındı. (Toplam: 1067)
2026-07-17 20:03:49,356 INFO [UserId=18] Sayfa 15: 50 ürün alındı. (Toplam: 1067)
2026-07-17 20:03:49,586 INFO [UserId=18] Sayfa 16: 50 ürün alındı. (Toplam: 1067)
2026-07-17 20:03:49,812 INFO [UserId=18] Sayfa 17: 50 ürün alındı. (Toplam: 1067)
2026-07-17 20:03:50,040 INFO [UserId=18] Sayfa 18: 50 ürün alındı. (Toplam: 1067)
2026-07-17 20:03:50,263 INFO [UserId=18] Sayfa 19: 50 ürün alındı. (Toplam: 1067)
2026-07-17 20:03:50,490 INFO [UserId=18] Sayfa 20: 50 ürün alındı. (Toplam: 1067)
2026-07-17 20:03:50,701 INFO [UserId=18] Sayfa 21: 50 ürün alındı. (Toplam: 1067)
2026-07-17 20:03:50,894 INFO [UserId=18] Sayfa 22: 17 ürün alındı. (Toplam: 1067)
2026-07-17 20:03:50,895 INFO [UserId=18] Toplam 1067 ürün çekildi.
2026-07-17 20:03:50,932 INFO Varyantlı XML feed yazıldı: docs/ecza1-feed.xml (4612 satır / varyant)
2026-07-17 20:03:50,934 INFO Tüm mağazalar için senkronizasyon tamamlandı.
2026-07-17 20:28:49,541 INFO Giriş başarılı (302 yönlendirme -> /).
2026-07-17 20:30:42,058 INFO Kategori/marka tablosu hazır: 658 kategori, 3308 marka bulundu.
2026-07-17 20:30:42,332 INFO [UserId=7982] Sayfa 1: 50 ürün alındı. (Toplam: 627)
2026-07-17 20:30:42,605 INFO [UserId=7982] Sayfa 2: 50 ürün alındı. (Toplam: 627)
2026-07-17 20:30:42,880 INFO [UserId=7982] Sayfa 3: 50 ürün alındı. (Toplam: 627)
2026-07-17 20:30:43,155 INFO [UserId=7982] Sayfa 4: 50 ürün alındı. (Toplam: 627)
2026-07-17 20:30:43,417 INFO [UserId=7982] Sayfa 5: 50 ürün alındı. (Toplam: 627)
2026-07-17 20:30:43,688 INFO [UserId=7982] Sayfa 6: 50 ürün alındı. (Toplam: 627)
2026-07-17 20:30:43,965 INFO [UserId=7982] Sayfa 7: 50 ürün alındı. (Toplam: 627)
2026-07-17 20:30:44,243 INFO [UserId=7982] Sayfa 8: 50 ürün alındı. (Toplam: 627)
2026-07-17 20:30:44,514 INFO [UserId=7982] Sayfa 9: 50 ürün alındı. (Toplam: 627)
2026-07-17 20:30:44,785 INFO [UserId=7982] Sayfa 10: 50 ürün alındı. (Toplam: 627)
2026-07-17 20:30:45,047 INFO [UserId=7982] Sayfa 11: 50 ürün alındı. (Toplam: 627)
2026-07-17 20:30:45,314 INFO [UserId=7982] Sayfa 12: 50 ürün alındı. (Toplam: 627)
2026-07-17 20:30:45,575 INFO [UserId=7982] Sayfa 13: 27 ürün alındı. (Toplam: 627)
2026-07-17 20:30:45,575 INFO [UserId=7982] Toplam 627 ürün çekildi.
2026-07-17 20:30:45,846 INFO [UserId=16982] Sayfa 1: 50 ürün alındı. (Toplam: 771)
2026-07-17 20:30:46,128 INFO [UserId=16982] Sayfa 2: 50 ürün alındı. (Toplam: 771)
2026-07-17 20:30:46,419 INFO [UserId=16982] Sayfa 3: 50 ürün alındı. (Toplam: 771)
2026-07-17 20:30:46,698 INFO [UserId=16982] Sayfa 4: 50 ürün alındı. (Toplam: 771)
2026-07-17 20:30:46,954 INFO [UserId=16982] Sayfa 5: 50 ürün alındı. (Toplam: 771)
2026-07-17 20:30:47,252 INFO [UserId=16982] Sayfa 6: 50 ürün alındı. (Toplam: 771)
2026-07-17 20:30:47,523 INFO [UserId=16982] Sayfa 7: 50 ürün alındı. (Toplam: 771)
2026-07-17 20:30:47,808 INFO [UserId=16982] Sayfa 8: 50 ürün alındı. (Toplam: 771)
2026-07-17 20:30:48,097 INFO [UserId=16982] Sayfa 9: 50 ürün alındı. (Toplam: 771)
2026-07-17 20:30:48,376 INFO [UserId=16982] Sayfa 10: 50 ürün alındı. (Toplam: 771)
2026-07-17 20:30:48,660 INFO [UserId=16982] Sayfa 11: 50 ürün alındı. (Toplam: 771)
2026-07-17 20:30:48,958 INFO [UserId=16982] Sayfa 12: 50 ürün alındı. (Toplam: 771)
2026-07-17 20:30:49,236 INFO [UserId=16982] Sayfa 13: 50 ürün alındı. (Toplam: 771)
2026-07-17 20:30:49,508 INFO [UserId=16982] Sayfa 14: 50 ürün alındı. (Toplam: 771)
2026-07-17 20:30:49,794 INFO [UserId=16982] Sayfa 15: 50 ürün alındı. (Toplam: 771)
2026-07-17 20:30:50,047 INFO [UserId=16982] Sayfa 16: 21 ürün alındı. (Toplam: 771)
2026-07-17 20:30:50,047 INFO [UserId=16982] Toplam 771 ürün çekildi.
2026-07-17 20:30:50,307 INFO [UserId=19598] Sayfa 1: 50 ürün alındı. (Toplam: 361)
2026-07-17 20:30:50,566 INFO [UserId=19598] Sayfa 2: 50 ürün alındı. (Toplam: 361)
2026-07-17 20:30:50,828 INFO [UserId=19598] Sayfa 3: 50 ürün alındı. (Toplam: 361)
2026-07-17 20:30:51,081 INFO [UserId=19598] Sayfa 4: 50 ürün alındı. (Toplam: 361)
2026-07-17 20:30:51,335 INFO [UserId=19598] Sayfa 5: 50 ürün alındı. (Toplam: 361)
2026-07-17 20:30:51,598 INFO [UserId=19598] Sayfa 6: 50 ürün alındı. (Toplam: 361)
2026-07-17 20:30:51,876 INFO [UserId=19598] Sayfa 7: 50 ürün alındı. (Toplam: 361)
2026-07-17 20:30:52,112 INFO [UserId=19598] Sayfa 8: 11 ürün alındı. (Toplam: 361)
2026-07-17 20:30:52,112 INFO [UserId=19598] Toplam 361 ürün çekildi.
2026-07-17 20:30:52,404 INFO [UserId=21144] Sayfa 1: 50 ürün alındı. (Toplam: 398)
2026-07-17 20:30:52,696 INFO [UserId=21144] Sayfa 2: 50 ürün alındı. (Toplam: 398)
2026-07-17 20:30:52,973 INFO [UserId=21144] Sayfa 3: 50 ürün alındı. (Toplam: 398)
2026-07-17 20:30:53,243 INFO [UserId=21144] Sayfa 4: 50 ürün alındı. (Toplam: 398)
2026-07-17 20:30:53,531 INFO [UserId=21144] Sayfa 5: 50 ürün alındı. (Toplam: 398)
2026-07-17 20:30:53,810 INFO [UserId=21144] Sayfa 6: 50 ürün alındı. (Toplam: 398)
2026-07-17 20:30:54,081 INFO [UserId=21144] Sayfa 7: 50 ürün alındı. (Toplam: 398)
2026-07-17 20:30:54,353 INFO [UserId=21144] Sayfa 8: 48 ürün alındı. (Toplam: 398)
2026-07-17 20:30:54,353 INFO [UserId=21144] Toplam 398 ürün çekildi.
2026-07-17 20:30:54,649 INFO [UserId=184] Sayfa 1: 50 ürün alındı. (Toplam: 471)
2026-07-17 20:30:54,938 INFO [UserId=184] Sayfa 2: 50 ürün alındı. (Toplam: 471)
2026-07-17 20:30:55,221 INFO [UserId=184] Sayfa 3: 50 ürün alındı. (Toplam: 471)
2026-07-17 20:30:55,493 INFO [UserId=184] Sayfa 4: 50 ürün alındı. (Toplam: 471)
2026-07-17 20:30:55,771 INFO [UserId=184] Sayfa 5: 50 ürün alındı. (Toplam: 471)
2026-07-17 20:30:56,074 INFO [UserId=184] Sayfa 6: 50 ürün alındı. (Toplam: 471)
2026-07-17 20:30:56,377 INFO [UserId=184] Sayfa 7: 50 ürün alındı. (Toplam: 471)
2026-07-17 20:30:56,658 INFO [UserId=184] Sayfa 8: 50 ürün alındı. (Toplam: 471)
2026-07-17 20:30:56,941 INFO [UserId=184] Sayfa 9: 50 ürün alındı. (Toplam: 471)
2026-07-17 20:30:57,191 INFO [UserId=184] Sayfa 10: 21 ürün alındı. (Toplam: 471)
2026-07-17 20:30:57,191 INFO [UserId=184] Toplam 471 ürün çekildi.
2026-07-17 20:30:57,448 INFO [UserId=1735] Sayfa 1: 50 ürün alındı. (Toplam: 330)
2026-07-17 20:30:57,723 INFO [UserId=1735] Sayfa 2: 50 ürün alındı. (Toplam: 330)
2026-07-17 20:30:57,992 INFO [UserId=1735] Sayfa 3: 50 ürün alındı. (Toplam: 330)
2026-07-17 20:30:58,254 INFO [UserId=1735] Sayfa 4: 50 ürün alındı. (Toplam: 330)
2026-07-17 20:30:58,532 INFO [UserId=1735] Sayfa 5: 50 ürün alındı. (Toplam: 330)
2026-07-17 20:30:58,809 INFO [UserId=1735] Sayfa 6: 50 ürün alındı. (Toplam: 330)
2026-07-17 20:30:59,056 INFO [UserId=1735] Sayfa 7: 30 ürün alındı. (Toplam: 330)
2026-07-17 20:30:59,056 INFO [UserId=1735] Toplam 330 ürün çekildi.
2026-07-17 20:30:59,326 INFO [UserId=11197] Sayfa 1: 50 ürün alındı. (Toplam: 198)
2026-07-17 20:30:59,601 INFO [UserId=11197] Sayfa 2: 50 ürün alındı. (Toplam: 198)
2026-07-17 20:30:59,875 INFO [UserId=11197] Sayfa 3: 50 ürün alındı. (Toplam: 198)
2026-07-17 20:31:00,151 INFO [UserId=11197] Sayfa 4: 48 ürün alındı. (Toplam: 198)
2026-07-17 20:31:00,151 INFO [UserId=11197] Toplam 198 ürün çekildi.
2026-07-17 20:31:00,434 INFO [UserId=759] Sayfa 1: 50 ürün alındı. (Toplam: 388)
2026-07-17 20:31:00,709 INFO [UserId=759] Sayfa 2: 50 ürün alındı. (Toplam: 388)
2026-07-17 20:31:01,034 INFO [UserId=759] Sayfa 3: 50 ürün alındı. (Toplam: 388)
2026-07-17 20:31:01,312 INFO [UserId=759] Sayfa 4: 50 ürün alındı. (Toplam: 388)
2026-07-17 20:31:01,615 INFO [UserId=759] Sayfa 5: 50 ürün alındı. (Toplam: 388)
2026-07-17 20:31:01,886 INFO [UserId=759] Sayfa 6: 50 ürün alındı. (Toplam: 388)
2026-07-17 20:31:02,153 INFO [UserId=759] Sayfa 7: 50 ürün alındı. (Toplam: 388)
2026-07-17 20:31:02,414 INFO [UserId=759] Sayfa 8: 38 ürün alındı. (Toplam: 388)
2026-07-17 20:31:02,414 INFO [UserId=759] Toplam 388 ürün çekildi.
2026-07-17 20:31:02,707 INFO [UserId=18] Sayfa 1: 50 ürün alındı. (Toplam: 1067)
2026-07-17 20:31:02,996 INFO [UserId=18] Sayfa 2: 50 ürün alındı. (Toplam: 1067)
2026-07-17 20:31:03,284 INFO [UserId=18] Sayfa 3: 50 ürün alındı. (Toplam: 1067)
2026-07-17 20:31:03,567 INFO [UserId=18] Sayfa 4: 50 ürün alındı. (Toplam: 1067)
2026-07-17 20:31:03,855 INFO [UserId=18] Sayfa 5: 50 ürün alındı. (Toplam: 1067)
2026-07-17 20:31:04,187 INFO [UserId=18] Sayfa 6: 50 ürün alındı. (Toplam: 1067)
2026-07-17 20:31:04,511 INFO [UserId=18] Sayfa 7: 50 ürün alındı. (Toplam: 1067)
2026-07-17 20:31:04,797 INFO [UserId=18] Sayfa 8: 50 ürün alındı. (Toplam: 1067)
2026-07-17 20:31:05,088 INFO [UserId=18] Sayfa 9: 50 ürün alındı. (Toplam: 1067)
2026-07-17 20:31:05,374 INFO [UserId=18] Sayfa 10: 50 ürün alındı. (Toplam: 1067)
2026-07-17 20:31:05,666 INFO [UserId=18] Sayfa 11: 50 ürün alındı. (Toplam: 1067)
2026-07-17 20:31:05,994 INFO [UserId=18] Sayfa 12: 50 ürün alındı. (Toplam: 1067)
2026-07-17 20:31:06,412 INFO [UserId=18] Sayfa 13: 50 ürün alındı. (Toplam: 1067)
2026-07-17 20:31:06,737 INFO [UserId=18] Sayfa 14: 50 ürün alındı. (Toplam: 1067)
2026-07-17 20:31:07,030 INFO [UserId=18] Sayfa 15: 50 ürün alındı. (Toplam: 1067)
2026-07-17 20:31:07,339 INFO [UserId=18] Sayfa 16: 50 ürün alındı. (Toplam: 1067)
2026-07-17 20:31:07,628 INFO [UserId=18] Sayfa 17: 50 ürün alındı. (Toplam: 1067)
2026-07-17 20:31:07,909 INFO [UserId=18] Sayfa 18: 50 ürün alındı. (Toplam: 1067)
2026-07-17 20:31:08,196 INFO [UserId=18] Sayfa 19: 50 ürün alındı. (Toplam: 1067)
2026-07-17 20:31:08,479 INFO [UserId=18] Sayfa 20: 50 ürün alındı. (Toplam: 1067)
2026-07-17 20:31:08,755 INFO [UserId=18] Sayfa 21: 50 ürün alındı. (Toplam: 1067)
2026-07-17 20:31:09,010 INFO [UserId=18] Sayfa 22: 17 ürün alındı. (Toplam: 1067)
2026-07-17 20:31:09,010 INFO [UserId=18] Toplam 1067 ürün çekildi.
2026-07-17 20:31:09,146 INFO Varyantlı XML feed yazıldı: docs/ecza1-feed.xml (4611 satır / varyant)
2026-07-17 20:31:09,148 INFO Tüm mağazalar için senkronizasyon tamamlandı.
2026-07-18 00:12:40,569 INFO Giriş başarılı (302 yönlendirme -> /).
2026-07-18 00:13:33,689 INFO Kategori/marka tablosu hazır: 658 kategori, 3308 marka bulundu.
2026-07-18 00:13:33,898 INFO [UserId=7982] Sayfa 1: 50 ürün alındı. (Toplam: 626)
2026-07-18 00:13:34,106 INFO [UserId=7982] Sayfa 2: 50 ürün alındı. (Toplam: 626)
2026-07-18 00:13:34,326 INFO [UserId=7982] Sayfa 3: 50 ürün alındı. (Toplam: 626)
2026-07-18 00:13:34,537 INFO [UserId=7982] Sayfa 4: 50 ürün alındı. (Toplam: 626)
2026-07-18 00:13:34,739 INFO [UserId=7982] Sayfa 5: 50 ürün alındı. (Toplam: 626)
2026-07-18 00:13:34,962 INFO [UserId=7982] Sayfa 6: 50 ürün alındı. (Toplam: 626)
2026-07-18 00:13:35,184 INFO [UserId=7982] Sayfa 7: 50 ürün alındı. (Toplam: 626)
2026-07-18 00:13:35,397 INFO [UserId=7982] Sayfa 8: 50 ürün alındı. (Toplam: 626)
2026-07-18 00:13:35,609 INFO [UserId=7982] Sayfa 9: 50 ürün alındı. (Toplam: 626)
2026-07-18 00:13:35,827 INFO [UserId=7982] Sayfa 10: 50 ürün alındı. (Toplam: 626)
2026-07-18 00:13:36,039 INFO [UserId=7982] Sayfa 11: 50 ürün alındı. (Toplam: 626)
2026-07-18 00:13:36,250 INFO [UserId=7982] Sayfa 12: 50 ürün alındı. (Toplam: 626)
2026-07-18 00:13:36,442 INFO [UserId=7982] Sayfa 13: 26 ürün alındı. (Toplam: 626)
2026-07-18 00:13:36,442 INFO [UserId=7982] Toplam 626 ürün çekildi.
2026-07-18 00:13:36,653 INFO [UserId=16982] Sayfa 1: 50 ürün alındı. (Toplam: 771)
2026-07-18 00:13:36,876 INFO [UserId=16982] Sayfa 2: 50 ürün alındı. (Toplam: 771)
2026-07-18 00:13:37,099 INFO [UserId=16982] Sayfa 3: 50 ürün alındı. (Toplam: 771)
2026-07-18 00:13:37,315 INFO [UserId=16982] Sayfa 4: 50 ürün alındı. (Toplam: 771)
2026-07-18 00:13:37,508 INFO [UserId=16982] Sayfa 5: 50 ürün alındı. (Toplam: 771)
2026-07-18 00:13:37,738 INFO [UserId=16982] Sayfa 6: 50 ürün alındı. (Toplam: 771)
2026-07-18 00:13:37,958 INFO [UserId=16982] Sayfa 7: 50 ürün alındı. (Toplam: 771)
2026-07-18 00:13:38,183 INFO [UserId=16982] Sayfa 8: 50 ürün alındı. (Toplam: 771)
2026-07-18 00:13:38,448 INFO [UserId=16982] Sayfa 9: 50 ürün alındı. (Toplam: 771)
2026-07-18 00:13:38,657 INFO [UserId=16982] Sayfa 10: 50 ürün alındı. (Toplam: 771)
2026-07-18 00:13:38,885 INFO [UserId=16982] Sayfa 11: 50 ürün alındı. (Toplam: 771)
2026-07-18 00:13:39,136 INFO [UserId=16982] Sayfa 12: 50 ürün alındı. (Toplam: 771)
2026-07-18 00:13:39,362 INFO [UserId=16982] Sayfa 13: 50 ürün alındı. (Toplam: 771)
2026-07-18 00:13:39,571 INFO [UserId=16982] Sayfa 14: 50 ürün alındı. (Toplam: 771)
2026-07-18 00:13:39,789 INFO [UserId=16982] Sayfa 15: 50 ürün alındı. (Toplam: 771)
2026-07-18 00:13:39,977 INFO [UserId=16982] Sayfa 16: 21 ürün alındı. (Toplam: 771)
2026-07-18 00:13:39,977 INFO [UserId=16982] Toplam 771 ürün çekildi.
2026-07-18 00:13:40,172 INFO [UserId=19598] Sayfa 1: 50 ürün alındı. (Toplam: 361)
2026-07-18 00:13:40,367 INFO [UserId=19598] Sayfa 2: 50 ürün alındı. (Toplam: 361)
2026-07-18 00:13:40,555 INFO [UserId=19598] Sayfa 3: 50 ürün alındı. (Toplam: 361)
2026-07-18 00:13:40,744 INFO [UserId=19598] Sayfa 4: 50 ürün alındı. (Toplam: 361)
2026-07-18 00:13:40,933 INFO [UserId=19598] Sayfa 5: 50 ürün alındı. (Toplam: 361)
2026-07-18 00:13:41,128 INFO [UserId=19598] Sayfa 6: 50 ürün alındı. (Toplam: 361)
2026-07-18 00:13:41,339 INFO [UserId=19598] Sayfa 7: 50 ürün alındı. (Toplam: 361)
2026-07-18 00:13:41,513 INFO [UserId=19598] Sayfa 8: 11 ürün alındı. (Toplam: 361)
2026-07-18 00:13:41,513 INFO [UserId=19598] Toplam 361 ürün çekildi.
2026-07-18 00:13:41,726 INFO [UserId=21144] Sayfa 1: 50 ürün alındı. (Toplam: 398)
2026-07-18 00:13:41,936 INFO [UserId=21144] Sayfa 2: 50 ürün alındı. (Toplam: 398)
2026-07-18 00:13:42,148 INFO [UserId=21144] Sayfa 3: 50 ürün alındı. (Toplam: 398)
2026-07-18 00:13:42,353 INFO [UserId=21144] Sayfa 4: 50 ürün alındı. (Toplam: 398)
2026-07-18 00:13:42,591 INFO [UserId=21144] Sayfa 5: 50 ürün alındı. (Toplam: 398)
2026-07-18 00:13:42,806 INFO [UserId=21144] Sayfa 6: 50 ürün alındı. (Toplam: 398)
2026-07-18 00:13:43,018 INFO [UserId=21144] Sayfa 7: 50 ürün alındı. (Toplam: 398)
2026-07-18 00:13:43,227 INFO [UserId=21144] Sayfa 8: 48 ürün alındı. (Toplam: 398)
2026-07-18 00:13:43,227 INFO [UserId=21144] Toplam 398 ürün çekildi.
2026-07-18 00:13:43,451 INFO [UserId=184] Sayfa 1: 50 ürün alındı. (Toplam: 471)
2026-07-18 00:13:43,660 INFO [UserId=184] Sayfa 2: 50 ürün alındı. (Toplam: 471)
2026-07-18 00:13:43,871 INFO [UserId=184] Sayfa 3: 50 ürün alındı. (Toplam: 471)
2026-07-18 00:13:44,084 INFO [UserId=184] Sayfa 4: 50 ürün alındı. (Toplam: 471)
2026-07-18 00:13:44,298 INFO [UserId=184] Sayfa 5: 50 ürün alındı. (Toplam: 471)
2026-07-18 00:13:44,537 INFO [UserId=184] Sayfa 6: 50 ürün alındı. (Toplam: 471)
2026-07-18 00:13:44,780 INFO [UserId=184] Sayfa 7: 50 ürün alındı. (Toplam: 471)
2026-07-18 00:13:44,993 INFO [UserId=184] Sayfa 8: 50 ürün alındı. (Toplam: 471)
2026-07-18 00:13:45,245 INFO [UserId=184] Sayfa 9: 50 ürün alındı. (Toplam: 471)
2026-07-18 00:13:45,427 INFO [UserId=184] Sayfa 10: 21 ürün alındı. (Toplam: 471)
2026-07-18 00:13:45,428 INFO [UserId=184] Toplam 471 ürün çekildi.
2026-07-18 00:13:45,622 INFO [UserId=1735] Sayfa 1: 50 ürün alındı. (Toplam: 329)
2026-07-18 00:13:45,829 INFO [UserId=1735] Sayfa 2: 50 ürün alındı. (Toplam: 329)
2026-07-18 00:13:46,037 INFO [UserId=1735] Sayfa 3: 50 ürün alındı. (Toplam: 329)
2026-07-18 00:13:46,239 INFO [UserId=1735] Sayfa 4: 50 ürün alındı. (Toplam: 329)
2026-07-18 00:13:46,457 INFO [UserId=1735] Sayfa 5: 50 ürün alındı. (Toplam: 329)
2026-07-18 00:13:46,657 INFO [UserId=1735] Sayfa 6: 50 ürün alındı. (Toplam: 329)
2026-07-18 00:13:46,839 INFO [UserId=1735] Sayfa 7: 29 ürün alındı. (Toplam: 329)
2026-07-18 00:13:46,839 INFO [UserId=1735] Toplam 329 ürün çekildi.
2026-07-18 00:13:47,043 INFO [UserId=11197] Sayfa 1: 50 ürün alındı. (Toplam: 198)
2026-07-18 00:13:47,245 INFO [UserId=11197] Sayfa 2: 50 ürün alındı. (Toplam: 198)
2026-07-18 00:13:47,444 INFO [UserId=11197] Sayfa 3: 50 ürün alındı. (Toplam: 198)
2026-07-18 00:13:47,641 INFO [UserId=11197] Sayfa 4: 48 ürün alındı. (Toplam: 198)
2026-07-18 00:13:47,641 INFO [UserId=11197] Toplam 198 ürün çekildi.
2026-07-18 00:13:47,853 INFO [UserId=759] Sayfa 1: 50 ürün alındı. (Toplam: 388)
2026-07-18 00:13:48,062 INFO [UserId=759] Sayfa 2: 50 ürün alındı. (Toplam: 388)
2026-07-18 00:13:48,265 INFO [UserId=759] Sayfa 3: 50 ürün alındı. (Toplam: 388)
2026-07-18 00:13:48,478 INFO [UserId=759] Sayfa 4: 50 ürün alındı. (Toplam: 388)
2026-07-18 00:13:48,709 INFO [UserId=759] Sayfa 5: 50 ürün alındı. (Toplam: 388)
2026-07-18 00:13:48,915 INFO [UserId=759] Sayfa 6: 50 ürün alındı. (Toplam: 388)
2026-07-18 00:13:49,129 INFO [UserId=759] Sayfa 7: 50 ürün alındı. (Toplam: 388)
2026-07-18 00:13:49,326 INFO [UserId=759] Sayfa 8: 38 ürün alındı. (Toplam: 388)
2026-07-18 00:13:49,326 INFO [UserId=759] Toplam 388 ürün çekildi.
2026-07-18 00:13:49,551 INFO [UserId=18] Sayfa 1: 50 ürün alındı. (Toplam: 1066)
2026-07-18 00:13:49,777 INFO [UserId=18] Sayfa 2: 50 ürün alındı. (Toplam: 1066)
2026-07-18 00:13:50,000 INFO [UserId=18] Sayfa 3: 50 ürün alındı. (Toplam: 1066)
2026-07-18 00:13:50,222 INFO [UserId=18] Sayfa 4: 50 ürün alındı. (Toplam: 1066)
2026-07-18 00:13:50,429 INFO [UserId=18] Sayfa 5: 50 ürün alındı. (Toplam: 1066)
2026-07-18 00:13:50,649 INFO [UserId=18] Sayfa 6: 50 ürün alındı. (Toplam: 1066)
2026-07-18 00:13:50,866 INFO [UserId=18] Sayfa 7: 50 ürün alındı. (Toplam: 1066)
2026-07-18 00:13:51,078 INFO [UserId=18] Sayfa 8: 50 ürün alındı. (Toplam: 1066)
2026-07-18 00:13:51,303 INFO [UserId=18] Sayfa 9: 50 ürün alındı. (Toplam: 1066)
2026-07-18 00:13:51,524 INFO [UserId=18] Sayfa 10: 50 ürün alındı. (Toplam: 1066)
2026-07-18 00:13:51,742 INFO [UserId=18] Sayfa 11: 50 ürün alındı. (Toplam: 1066)
2026-07-18 00:13:51,991 INFO [UserId=18] Sayfa 12: 50 ürün alındı. (Toplam: 1066)
2026-07-18 00:13:52,243 INFO [UserId=18] Sayfa 13: 50 ürün alındı. (Toplam: 1066)
2026-07-18 00:13:52,490 INFO [UserId=18] Sayfa 14: 50 ürün alındı. (Toplam: 1066)
2026-07-18 00:13:52,707 INFO [UserId=18] Sayfa 15: 50 ürün alındı. (Toplam: 1066)
2026-07-18 00:13:52,924 INFO [UserId=18] Sayfa 16: 50 ürün alındı. (Toplam: 1066)
2026-07-18 00:13:53,150 INFO [UserId=18] Sayfa 17: 50 ürün alındı. (Toplam: 1066)
2026-07-18 00:13:53,371 INFO [UserId=18] Sayfa 18: 50 ürün alındı. (Toplam: 1066)
2026-07-18 00:13:53,589 INFO [UserId=18] Sayfa 19: 50 ürün alındı. (Toplam: 1066)
2026-07-18 00:13:53,807 INFO [UserId=18] Sayfa 20: 50 ürün alındı. (Toplam: 1066)
2026-07-18 00:13:54,027 INFO [UserId=18] Sayfa 21: 50 ürün alındı. (Toplam: 1066)
2026-07-18 00:13:54,224 INFO [UserId=18] Sayfa 22: 16 ürün alındı. (Toplam: 1066)
2026-07-18 00:13:54,224 INFO [UserId=18] Toplam 1066 ürün çekildi.
2026-07-18 00:13:54,262 INFO Varyantlı XML feed yazıldı: docs/ecza1-feed.xml (4608 satır / varyant)
2026-07-18 00:13:54,264 INFO Tüm mağazalar için senkronizasyon tamamlandı.
2026-07-18 07:15:24,435 INFO Giriş başarılı (302 yönlendirme -> /).
2026-07-18 07:16:22,080 INFO Kategori/marka tablosu hazır: 658 kategori, 3308 marka bulundu.
2026-07-18 07:16:22,297 INFO [UserId=7982] Sayfa 1: 50 ürün alındı. (Toplam: 626)
2026-07-18 07:16:22,511 INFO [UserId=7982] Sayfa 2: 50 ürün alındı. (Toplam: 626)
2026-07-18 07:16:22,722 INFO [UserId=7982] Sayfa 3: 50 ürün alındı. (Toplam: 626)
2026-07-18 07:16:22,957 INFO [UserId=7982] Sayfa 4: 50 ürün alındı. (Toplam: 626)
2026-07-18 07:16:23,158 INFO [UserId=7982] Sayfa 5: 50 ürün alındı. (Toplam: 626)
2026-07-18 07:16:23,372 INFO [UserId=7982] Sayfa 6: 50 ürün alındı. (Toplam: 626)
2026-07-18 07:16:23,586 INFO [UserId=7982] Sayfa 7: 50 ürün alındı. (Toplam: 626)
2026-07-18 07:16:23,827 INFO [UserId=7982] Sayfa 8: 50 ürün alındı. (Toplam: 626)
2026-07-18 07:16:24,039 INFO [UserId=7982] Sayfa 9: 50 ürün alındı. (Toplam: 626)
2026-07-18 07:16:24,248 INFO [UserId=7982] Sayfa 10: 50 ürün alındı. (Toplam: 626)
2026-07-18 07:16:24,453 INFO [UserId=7982] Sayfa 11: 50 ürün alındı. (Toplam: 626)
2026-07-18 07:16:24,669 INFO [UserId=7982] Sayfa 12: 50 ürün alındı. (Toplam: 626)
2026-07-18 07:16:24,862 INFO [UserId=7982] Sayfa 13: 26 ürün alındı. (Toplam: 626)
2026-07-18 07:16:24,862 INFO [UserId=7982] Toplam 626 ürün çekildi.
2026-07-18 07:16:25,074 INFO [UserId=16982] Sayfa 1: 50 ürün alındı. (Toplam: 770)
2026-07-18 07:16:25,291 INFO [UserId=16982] Sayfa 2: 50 ürün alındı. (Toplam: 770)
2026-07-18 07:16:25,509 INFO [UserId=16982] Sayfa 3: 50 ürün alındı. (Toplam: 770)
2026-07-18 07:16:25,725 INFO [UserId=16982] Sayfa 4: 50 ürün alındı. (Toplam: 770)
2026-07-18 07:16:25,923 INFO [UserId=16982] Sayfa 5: 50 ürün alındı. (Toplam: 770)
2026-07-18 07:16:26,137 INFO [UserId=16982] Sayfa 6: 50 ürün alındı. (Toplam: 770)
2026-07-18 07:16:26,359 INFO [UserId=16982] Sayfa 7: 50 ürün alındı. (Toplam: 770)
2026-07-18 07:16:26,593 INFO [UserId=16982] Sayfa 8: 50 ürün alındı. (Toplam: 770)
2026-07-18 07:16:26,815 INFO [UserId=16982] Sayfa 9: 50 ürün alındı. (Toplam: 770)
2026-07-18 07:16:27,031 INFO [UserId=16982] Sayfa 10: 50 ürün alındı. (Toplam: 770)
2026-07-18 07:16:27,260 INFO [UserId=16982] Sayfa 11: 50 ürün alındı. (Toplam: 770)
2026-07-18 07:16:27,505 INFO [UserId=16982] Sayfa 12: 50 ürün alındı. (Toplam: 770)
2026-07-18 07:16:27,722 INFO [UserId=16982] Sayfa 13: 50 ürün alındı. (Toplam: 770)
2026-07-18 07:16:27,953 INFO [UserId=16982] Sayfa 14: 50 ürün alındı. (Toplam: 770)
2026-07-18 07:16:28,186 INFO [UserId=16982] Sayfa 15: 50 ürün alındı. (Toplam: 770)
2026-07-18 07:16:28,372 INFO [UserId=16982] Sayfa 16: 20 ürün alındı. (Toplam: 770)
2026-07-18 07:16:28,372 INFO [UserId=16982] Toplam 770 ürün çekildi.
2026-07-18 07:16:28,576 INFO [UserId=19598] Sayfa 1: 50 ürün alındı. (Toplam: 361)
2026-07-18 07:16:28,777 INFO [UserId=19598] Sayfa 2: 50 ürün alındı. (Toplam: 361)
2026-07-18 07:16:28,977 INFO [UserId=19598] Sayfa 3: 50 ürün alındı. (Toplam: 361)
2026-07-18 07:16:29,174 INFO [UserId=19598] Sayfa 4: 50 ürün alındı. (Toplam: 361)
2026-07-18 07:16:29,370 INFO [UserId=19598] Sayfa 5: 50 ürün alındı. (Toplam: 361)
2026-07-18 07:16:29,576 INFO [UserId=19598] Sayfa 6: 50 ürün alındı. (Toplam: 361)
2026-07-18 07:16:29,790 INFO [UserId=19598] Sayfa 7: 50 ürün alındı. (Toplam: 361)
2026-07-18 07:16:29,970 INFO [UserId=19598] Sayfa 8: 11 ürün alındı. (Toplam: 361)
2026-07-18 07:16:29,970 INFO [UserId=19598] Toplam 361 ürün çekildi.
2026-07-18 07:16:30,191 INFO [UserId=21144] Sayfa 1: 50 ürün alındı. (Toplam: 395)
2026-07-18 07:16:30,408 INFO [UserId=21144] Sayfa 2: 50 ürün alındı. (Toplam: 395)
2026-07-18 07:16:30,617 INFO [UserId=21144] Sayfa 3: 50 ürün alındı. (Toplam: 395)
2026-07-18 07:16:30,839 INFO [UserId=21144] Sayfa 4: 50 ürün alındı. (Toplam: 395)
2026-07-18 07:16:31,072 INFO [UserId=21144] Sayfa 5: 50 ürün alındı. (Toplam: 395)
2026-07-18 07:16:31,291 INFO [UserId=21144] Sayfa 6: 50 ürün alındı. (Toplam: 395)
2026-07-18 07:16:31,511 INFO [UserId=21144] Sayfa 7: 50 ürün alındı. (Toplam: 395)
2026-07-18 07:16:31,722 INFO [UserId=21144] Sayfa 8: 45 ürün alındı. (Toplam: 395)
2026-07-18 07:16:31,722 INFO [UserId=21144] Toplam 395 ürün çekildi.
2026-07-18 07:16:31,950 INFO [UserId=184] Sayfa 1: 50 ürün alındı. (Toplam: 471)
2026-07-18 07:16:32,165 INFO [UserId=184] Sayfa 2: 50 ürün alındı. (Toplam: 471)
2026-07-18 07:16:32,378 INFO [UserId=184] Sayfa 3: 50 ürün alındı. (Toplam: 471)
2026-07-18 07:16:32,661 INFO [UserId=184] Sayfa 4: 50 ürün alındı. (Toplam: 471)
2026-07-18 07:16:32,908 INFO [UserId=184] Sayfa 5: 50 ürün alındı. (Toplam: 471)
2026-07-18 07:16:33,148 INFO [UserId=184] Sayfa 6: 50 ürün alındı. (Toplam: 471)
2026-07-18 07:16:33,514 INFO [UserId=184] Sayfa 7: 50 ürün alındı. (Toplam: 471)
2026-07-18 07:16:33,807 INFO [UserId=184] Sayfa 8: 50 ürün alındı. (Toplam: 471)
2026-07-18 07:16:34,035 INFO [UserId=184] Sayfa 9: 50 ürün alındı. (Toplam: 471)
2026-07-18 07:16:34,257 INFO [UserId=184] Sayfa 10: 21 ürün alındı. (Toplam: 471)
2026-07-18 07:16:34,257 INFO [UserId=184] Toplam 471 ürün çekildi.
2026-07-18 07:16:34,508 INFO [UserId=1735] Sayfa 1: 50 ürün alındı. (Toplam: 329)
2026-07-18 07:16:34,723 INFO [UserId=1735] Sayfa 2: 50 ürün alındı. (Toplam: 329)
2026-07-18 07:16:34,939 INFO [UserId=1735] Sayfa 3: 50 ürün alındı. (Toplam: 329)
2026-07-18 07:16:35,136 INFO [UserId=1735] Sayfa 4: 50 ürün alındı. (Toplam: 329)
2026-07-18 07:16:35,359 INFO [UserId=1735] Sayfa 5: 50 ürün alındı. (Toplam: 329)
2026-07-18 07:16:35,568 INFO [UserId=1735] Sayfa 6: 50 ürün alındı. (Toplam: 329)
2026-07-18 07:16:35,765 INFO [UserId=1735] Sayfa 7: 29 ürün alındı. (Toplam: 329)
2026-07-18 07:16:35,765 INFO [UserId=1735] Toplam 329 ürün çekildi.
2026-07-18 07:16:35,974 INFO [UserId=11197] Sayfa 1: 50 ürün alındı. (Toplam: 198)
2026-07-18 07:16:36,181 INFO [UserId=11197] Sayfa 2: 50 ürün alındı. (Toplam: 198)
2026-07-18 07:16:36,389 INFO [UserId=11197] Sayfa 3: 50 ürün alındı. (Toplam: 198)
2026-07-18 07:16:36,588 INFO [UserId=11197] Sayfa 4: 48 ürün alındı. (Toplam: 198)
2026-07-18 07:16:36,588 INFO [UserId=11197] Toplam 198 ürün çekildi.
2026-07-18 07:16:36,801 INFO [UserId=759] Sayfa 1: 50 ürün alındı. (Toplam: 388)
2026-07-18 07:16:37,011 INFO [UserId=759] Sayfa 2: 50 ürün alındı. (Toplam: 388)
2026-07-18 07:16:37,215 INFO [UserId=759] Sayfa 3: 50 ürün alındı. (Toplam: 388)
2026-07-18 07:16:37,443 INFO [UserId=759] Sayfa 4: 50 ürün alındı. (Toplam: 388)
2026-07-18 07:16:37,687 INFO [UserId=759] Sayfa 5: 50 ürün alındı. (Toplam: 388)
2026-07-18 07:16:37,905 INFO [UserId=759] Sayfa 6: 50 ürün alındı. (Toplam: 388)
2026-07-18 07:16:38,122 INFO [UserId=759] Sayfa 7: 50 ürün alındı. (Toplam: 388)
2026-07-18 07:16:38,328 INFO [UserId=759] Sayfa 8: 38 ürün alındı. (Toplam: 388)
2026-07-18 07:16:38,328 INFO [UserId=759] Toplam 388 ürün çekildi.
2026-07-18 07:16:38,565 INFO [UserId=18] Sayfa 1: 50 ürün alındı. (Toplam: 1066)
2026-07-18 07:16:38,808 INFO [UserId=18] Sayfa 2: 50 ürün alındı. (Toplam: 1066)
2026-07-18 07:16:39,036 INFO [UserId=18] Sayfa 3: 50 ürün alındı. (Toplam: 1066)
2026-07-18 07:16:39,268 INFO [UserId=18] Sayfa 4: 50 ürün alındı. (Toplam: 1066)
2026-07-18 07:16:39,499 INFO [UserId=18] Sayfa 5: 50 ürün alındı. (Toplam: 1066)
2026-07-18 07:16:39,724 INFO [UserId=18] Sayfa 6: 50 ürün alındı. (Toplam: 1066)
2026-07-18 07:16:39,943 INFO [UserId=18] Sayfa 7: 50 ürün alındı. (Toplam: 1066)
2026-07-18 07:16:40,159 INFO [UserId=18] Sayfa 8: 50 ürün alındı. (Toplam: 1066)
2026-07-18 07:16:40,386 INFO [UserId=18] Sayfa 9: 50 ürün alındı. (Toplam: 1066)
2026-07-18 07:16:40,605 INFO [UserId=18] Sayfa 10: 50 ürün alındı. (Toplam: 1066)
2026-07-18 07:16:40,832 INFO [UserId=18] Sayfa 11: 50 ürün alındı. (Toplam: 1066)
2026-07-18 07:16:41,070 INFO [UserId=18] Sayfa 12: 50 ürün alındı. (Toplam: 1066)
2026-07-18 07:16:41,336 INFO [UserId=18] Sayfa 13: 50 ürün alındı. (Toplam: 1066)
2026-07-18 07:16:41,589 INFO [UserId=18] Sayfa 14: 50 ürün alındı. (Toplam: 1066)
2026-07-18 07:16:41,818 INFO [UserId=18] Sayfa 15: 50 ürün alındı. (Toplam: 1066)
2026-07-18 07:16:42,045 INFO [UserId=18] Sayfa 16: 50 ürün alındı. (Toplam: 1066)
2026-07-18 07:16:42,276 INFO [UserId=18] Sayfa 17: 50 ürün alındı. (Toplam: 1066)
2026-07-18 07:16:42,496 INFO [UserId=18] Sayfa 18: 50 ürün alındı. (Toplam: 1066)
2026-07-18 07:16:42,743 INFO [UserId=18] Sayfa 19: 50 ürün alındı. (Toplam: 1066)
2026-07-18 07:16:42,965 INFO [UserId=18] Sayfa 20: 50 ürün alındı. (Toplam: 1066)
2026-07-18 07:16:43,188 INFO [UserId=18] Sayfa 21: 50 ürün alındı. (Toplam: 1066)
2026-07-18 07:16:43,381 INFO [UserId=18] Sayfa 22: 16 ürün alındı. (Toplam: 1066)
2026-07-18 07:16:43,381 INFO [UserId=18] Toplam 1066 ürün çekildi.
2026-07-18 07:16:43,420 INFO Varyantlı XML feed yazıldı: docs/ecza1-feed.xml (4604 satır / varyant)
2026-07-18 07:16:43,422 INFO Tüm mağazalar için senkronizasyon tamamlandı.
2026-07-18 11:32:37,155 INFO Giriş başarılı (302 yönlendirme -> /).
2026-07-18 11:33:38,506 INFO Kategori/marka tablosu hazır: 658 kategori, 3308 marka bulundu.
2026-07-18 11:33:38,718 INFO [UserId=7982] Sayfa 1: 50 ürün alındı. (Toplam: 622)
2026-07-18 11:33:38,941 INFO [UserId=7982] Sayfa 2: 50 ürün alındı. (Toplam: 622)
2026-07-18 11:33:39,158 INFO [UserId=7982] Sayfa 3: 50 ürün alındı. (Toplam: 622)
2026-07-18 11:33:39,379 INFO [UserId=7982] Sayfa 4: 50 ürün alındı. (Toplam: 622)
2026-07-18 11:33:39,582 INFO [UserId=7982] Sayfa 5: 50 ürün alındı. (Toplam: 622)
2026-07-18 11:33:39,806 INFO [UserId=7982] Sayfa 6: 50 ürün alındı. (Toplam: 622)
2026-07-18 11:33:40,025 INFO [UserId=7982] Sayfa 7: 50 ürün alındı. (Toplam: 622)
2026-07-18 11:33:40,243 INFO [UserId=7982] Sayfa 8: 50 ürün alındı. (Toplam: 622)
2026-07-18 11:33:40,468 INFO [UserId=7982] Sayfa 9: 50 ürün alındı. (Toplam: 622)
2026-07-18 11:33:40,705 INFO [UserId=7982] Sayfa 10: 50 ürün alındı. (Toplam: 622)
2026-07-18 11:33:40,915 INFO [UserId=7982] Sayfa 11: 50 ürün alındı. (Toplam: 622)
2026-07-18 11:33:41,121 INFO [UserId=7982] Sayfa 12: 50 ürün alındı. (Toplam: 622)
2026-07-18 11:33:41,327 INFO [UserId=7982] Sayfa 13: 22 ürün alındı. (Toplam: 622)
2026-07-18 11:33:41,327 INFO [UserId=7982] Toplam 622 ürün çekildi.
2026-07-18 11:33:41,542 INFO [UserId=16982] Sayfa 1: 50 ürün alındı. (Toplam: 766)
2026-07-18 11:33:41,764 INFO [UserId=16982] Sayfa 2: 50 ürün alındı. (Toplam: 766)
2026-07-18 11:33:41,998 INFO [UserId=16982] Sayfa 3: 50 ürün alındı. (Toplam: 766)
2026-07-18 11:33:42,238 INFO [UserId=16982] Sayfa 4: 50 ürün alındı. (Toplam: 766)
2026-07-18 11:33:42,452 INFO [UserId=16982] Sayfa 5: 50 ürün alındı. (Toplam: 766)
2026-07-18 11:33:42,665 INFO [UserId=16982] Sayfa 6: 50 ürün alındı. (Toplam: 766)
2026-07-18 11:33:42,875 INFO [UserId=16982] Sayfa 7: 50 ürün alındı. (Toplam: 766)
2026-07-18 11:33:43,102 INFO [UserId=16982] Sayfa 8: 50 ürün alındı. (Toplam: 766)
2026-07-18 11:33:43,357 INFO [UserId=16982] Sayfa 9: 50 ürün alındı. (Toplam: 766)
2026-07-18 11:33:43,581 INFO [UserId=16982] Sayfa 10: 50 ürün alındı. (Toplam: 766)
2026-07-18 11:33:43,821 INFO [UserId=16982] Sayfa 11: 50 ürün alındı. (Toplam: 766)
2026-07-18 11:33:44,068 INFO [UserId=16982] Sayfa 12: 50 ürün alındı. (Toplam: 766)
2026-07-18 11:33:44,278 INFO [UserId=16982] Sayfa 13: 50 ürün alındı. (Toplam: 766)
2026-07-18 11:33:44,492 INFO [UserId=16982] Sayfa 14: 50 ürün alındı. (Toplam: 766)
2026-07-18 11:33:44,710 INFO [UserId=16982] Sayfa 15: 50 ürün alındı. (Toplam: 766)
2026-07-18 11:33:44,899 INFO [UserId=16982] Sayfa 16: 16 ürün alındı. (Toplam: 766)
2026-07-18 11:33:44,899 INFO [UserId=16982] Toplam 766 ürün çekildi.
2026-07-18 11:33:45,098 INFO [UserId=19598] Sayfa 1: 50 ürün alındı. (Toplam: 357)
2026-07-18 11:33:45,330 INFO [UserId=19598] Sayfa 2: 50 ürün alındı. (Toplam: 357)
2026-07-18 11:33:45,527 INFO [UserId=19598] Sayfa 3: 50 ürün alındı. (Toplam: 357)
2026-07-18 11:33:45,724 INFO [UserId=19598] Sayfa 4: 50 ürün alındı. (Toplam: 357)
2026-07-18 11:33:45,914 INFO [UserId=19598] Sayfa 5: 50 ürün alındı. (Toplam: 357)
2026-07-18 11:33:46,113 INFO [UserId=19598] Sayfa 6: 50 ürün alındı. (Toplam: 357)
2026-07-18 11:33:46,327 INFO [UserId=19598] Sayfa 7: 50 ürün alındı. (Toplam: 357)
2026-07-18 11:33:46,498 INFO [UserId=19598] Sayfa 8: 7 ürün alındı. (Toplam: 357)
2026-07-18 11:33:46,498 INFO [UserId=19598] Toplam 357 ürün çekildi.
2026-07-18 11:33:46,717 INFO [UserId=21144] Sayfa 1: 50 ürün alındı. (Toplam: 395)
2026-07-18 11:33:46,929 INFO [UserId=21144] Sayfa 2: 50 ürün alındı. (Toplam: 395)
2026-07-18 11:33:47,137 INFO [UserId=21144] Sayfa 3: 50 ürün alındı. (Toplam: 395)
2026-07-18 11:33:47,349 INFO [UserId=21144] Sayfa 4: 50 ürün alındı. (Toplam: 395)
2026-07-18 11:33:47,575 INFO [UserId=21144] Sayfa 5: 50 ürün alındı. (Toplam: 395)
2026-07-18 11:33:47,789 INFO [UserId=21144] Sayfa 6: 50 ürün alındı. (Toplam: 395)
2026-07-18 11:33:47,993 INFO [UserId=21144] Sayfa 7: 50 ürün alındı. (Toplam: 395)
2026-07-18 11:33:48,204 INFO [UserId=21144] Sayfa 8: 45 ürün alındı. (Toplam: 395)
2026-07-18 11:33:48,204 INFO [UserId=21144] Toplam 395 ürün çekildi.
2026-07-18 11:33:48,423 INFO [UserId=184] Sayfa 1: 50 ürün alındı. (Toplam: 473)
2026-07-18 11:33:48,641 INFO [UserId=184] Sayfa 2: 50 ürün alındı. (Toplam: 473)
2026-07-18 11:33:48,858 INFO [UserId=184] Sayfa 3: 50 ürün alındı. (Toplam: 473)
2026-07-18 11:33:49,073 INFO [UserId=184] Sayfa 4: 50 ürün alındı. (Toplam: 473)
2026-07-18 11:33:49,297 INFO [UserId=184] Sayfa 5: 50 ürün alındı. (Toplam: 473)
2026-07-18 11:33:49,547 INFO [UserId=184] Sayfa 6: 50 ürün alındı. (Toplam: 473)
2026-07-18 11:33:49,800 INFO [UserId=184] Sayfa 7: 50 ürün alındı. (Toplam: 473)
2026-07-18 11:33:50,013 INFO [UserId=184] Sayfa 8: 50 ürün alındı. (Toplam: 473)
2026-07-18 11:33:50,234 INFO [UserId=184] Sayfa 9: 50 ürün alındı. (Toplam: 473)
2026-07-18 11:33:50,418 INFO [UserId=184] Sayfa 10: 23 ürün alındı. (Toplam: 473)
2026-07-18 11:33:50,418 INFO [UserId=184] Toplam 473 ürün çekildi.
2026-07-18 11:33:50,613 INFO [UserId=1735] Sayfa 1: 50 ürün alındı. (Toplam: 329)
2026-07-18 11:33:50,822 INFO [UserId=1735] Sayfa 2: 50 ürün alındı. (Toplam: 329)
2026-07-18 11:33:51,030 INFO [UserId=1735] Sayfa 3: 50 ürün alındı. (Toplam: 329)
2026-07-18 11:33:51,227 INFO [UserId=1735] Sayfa 4: 50 ürün alındı. (Toplam: 329)
2026-07-18 11:33:51,451 INFO [UserId=1735] Sayfa 5: 50 ürün alındı. (Toplam: 329)
2026-07-18 11:33:51,651 INFO [UserId=1735] Sayfa 6: 50 ürün alındı. (Toplam: 329)
2026-07-18 11:33:51,832 INFO [UserId=1735] Sayfa 7: 29 ürün alındı. (Toplam: 329)
2026-07-18 11:33:51,832 INFO [UserId=1735] Toplam 329 ürün çekildi.
2026-07-18 11:33:52,038 INFO [UserId=11197] Sayfa 1: 50 ürün alındı. (Toplam: 200)
2026-07-18 11:33:52,240 INFO [UserId=11197] Sayfa 2: 50 ürün alındı. (Toplam: 200)
2026-07-18 11:33:52,445 INFO [UserId=11197] Sayfa 3: 50 ürün alındı. (Toplam: 200)
2026-07-18 11:33:52,655 INFO [UserId=11197] Sayfa 4: 50 ürün alındı. (Toplam: 200)
2026-07-18 11:33:52,655 INFO [UserId=11197] Toplam 200 ürün çekildi.
2026-07-18 11:33:52,872 INFO [UserId=759] Sayfa 1: 50 ürün alındı. (Toplam: 385)
2026-07-18 11:33:53,077 INFO [UserId=759] Sayfa 2: 50 ürün alındı. (Toplam: 385)
2026-07-18 11:33:53,287 INFO [UserId=759] Sayfa 3: 50 ürün alındı. (Toplam: 385)
2026-07-18 11:33:53,512 INFO [UserId=759] Sayfa 4: 50 ürün alındı. (Toplam: 385)
2026-07-18 11:33:53,742 INFO [UserId=759] Sayfa 5: 50 ürün alındı. (Toplam: 385)
2026-07-18 11:33:53,956 INFO [UserId=759] Sayfa 6: 50 ürün alındı. (Toplam: 385)
2026-07-18 11:33:54,162 INFO [UserId=759] Sayfa 7: 50 ürün alındı. (Toplam: 385)
2026-07-18 11:33:54,361 INFO [UserId=759] Sayfa 8: 35 ürün alındı. (Toplam: 385)
2026-07-18 11:33:54,361 INFO [UserId=759] Toplam 385 ürün çekildi.
2026-07-18 11:33:54,587 INFO [UserId=18] Sayfa 1: 50 ürün alındı. (Toplam: 1065)
2026-07-18 11:33:54,827 INFO [UserId=18] Sayfa 2: 50 ürün alındı. (Toplam: 1065)
2026-07-18 11:33:55,054 INFO [UserId=18] Sayfa 3: 50 ürün alındı. (Toplam: 1065)
2026-07-18 11:33:55,281 INFO [UserId=18] Sayfa 4: 50 ürün alındı. (Toplam: 1065)
2026-07-18 11:33:55,497 INFO [UserId=18] Sayfa 5: 50 ürün alındı. (Toplam: 1065)
2026-07-18 11:33:55,716 INFO [UserId=18] Sayfa 6: 50 ürün alındı. (Toplam: 1065)
2026-07-18 11:33:55,928 INFO [UserId=18] Sayfa 7: 50 ürün alındı. (Toplam: 1065)
2026-07-18 11:33:56,144 INFO [UserId=18] Sayfa 8: 50 ürün alındı. (Toplam: 1065)
2026-07-18 11:33:56,379 INFO [UserId=18] Sayfa 9: 50 ürün alındı. (Toplam: 1065)
2026-07-18 11:33:56,597 INFO [UserId=18] Sayfa 10: 50 ürün alındı. (Toplam: 1065)
2026-07-18 11:33:56,817 INFO [UserId=18] Sayfa 11: 50 ürün alındı. (Toplam: 1065)
2026-07-18 11:33:57,061 INFO [UserId=18] Sayfa 12: 50 ürün alındı. (Toplam: 1065)
2026-07-18 11:33:57,322 INFO [UserId=18] Sayfa 13: 50 ürün alındı. (Toplam: 1065)
2026-07-18 11:33:57,573 INFO [UserId=18] Sayfa 14: 50 ürün alındı. (Toplam: 1065)
2026-07-18 11:33:57,801 INFO [UserId=18] Sayfa 15: 50 ürün alındı. (Toplam: 1065)
2026-07-18 11:33:58,163 INFO [UserId=18] Sayfa 16: 50 ürün alındı. (Toplam: 1065)
2026-07-18 11:33:58,404 INFO [UserId=18] Sayfa 17: 50 ürün alındı. (Toplam: 1065)
2026-07-18 11:33:58,628 INFO [UserId=18] Sayfa 18: 50 ürün alındı. (Toplam: 1065)
2026-07-18 11:33:58,852 INFO [UserId=18] Sayfa 19: 50 ürün alındı. (Toplam: 1065)
2026-07-18 11:33:59,076 INFO [UserId=18] Sayfa 20: 50 ürün alındı. (Toplam: 1065)
2026-07-18 11:33:59,296 INFO [UserId=18] Sayfa 21: 50 ürün alındı. (Toplam: 1065)
2026-07-18 11:33:59,524 INFO [UserId=18] Sayfa 22: 15 ürün alındı. (Toplam: 1065)
2026-07-18 11:33:59,524 INFO [UserId=18] Toplam 1065 ürün çekildi.
2026-07-18 11:33:59,562 INFO Varyantlı XML feed yazıldı: docs/ecza1-feed.xml (4592 satır / varyant)
2026-07-18 11:33:59,563 INFO Tüm mağazalar için senkronizasyon tamamlandı.
2026-07-18 15:32:44,948 INFO Giriş başarılı (302 yönlendirme -> /).
2026-07-18 15:33:48,163 INFO Kategori/marka tablosu hazır: 658 kategori, 3308 marka bulundu.
2026-07-18 15:33:48,423 INFO [UserId=7982] Sayfa 1: 50 ürün alındı. (Toplam: 619)
2026-07-18 15:33:48,687 INFO [UserId=7982] Sayfa 2: 50 ürün alındı. (Toplam: 619)
2026-07-18 15:33:48,944 INFO [UserId=7982] Sayfa 3: 50 ürün alındı. (Toplam: 619)
2026-07-18 15:33:49,198 INFO [UserId=7982] Sayfa 4: 50 ürün alındı. (Toplam: 619)
2026-07-18 15:33:49,444 INFO [UserId=7982] Sayfa 5: 50 ürün alındı. (Toplam: 619)
2026-07-18 15:33:49,699 INFO [UserId=7982] Sayfa 6: 50 ürün alındı. (Toplam: 619)
2026-07-18 15:33:49,958 INFO [UserId=7982] Sayfa 7: 50 ürün alındı. (Toplam: 619)
2026-07-18 15:33:50,217 INFO [UserId=7982] Sayfa 8: 50 ürün alındı. (Toplam: 619)
2026-07-18 15:33:50,475 INFO [UserId=7982] Sayfa 9: 50 ürün alındı. (Toplam: 619)
2026-07-18 15:33:50,728 INFO [UserId=7982] Sayfa 10: 50 ürün alındı. (Toplam: 619)
2026-07-18 15:33:50,978 INFO [UserId=7982] Sayfa 11: 50 ürün alındı. (Toplam: 619)
2026-07-18 15:33:51,230 INFO [UserId=7982] Sayfa 12: 50 ürün alındı. (Toplam: 619)
2026-07-18 15:33:51,463 INFO [UserId=7982] Sayfa 13: 19 ürün alındı. (Toplam: 619)
2026-07-18 15:33:51,463 INFO [UserId=7982] Toplam 619 ürün çekildi.
2026-07-18 15:33:51,722 INFO [UserId=16982] Sayfa 1: 50 ürün alındı. (Toplam: 765)
2026-07-18 15:33:51,985 INFO [UserId=16982] Sayfa 2: 50 ürün alındı. (Toplam: 765)
2026-07-18 15:33:52,255 INFO [UserId=16982] Sayfa 3: 50 ürün alındı. (Toplam: 765)
2026-07-18 15:33:52,518 INFO [UserId=16982] Sayfa 4: 50 ürün alındı. (Toplam: 765)
2026-07-18 15:33:52,762 INFO [UserId=16982] Sayfa 5: 50 ürün alındı. (Toplam: 765)
2026-07-18 15:33:53,017 INFO [UserId=16982] Sayfa 6: 50 ürün alındı. (Toplam: 765)
2026-07-18 15:33:53,274 INFO [UserId=16982] Sayfa 7: 50 ürün alındı. (Toplam: 765)
2026-07-18 15:33:53,539 INFO [UserId=16982] Sayfa 8: 50 ürün alındı. (Toplam: 765)
2026-07-18 15:33:53,812 INFO [UserId=16982] Sayfa 9: 50 ürün alındı. (Toplam: 765)
2026-07-18 15:33:54,083 INFO [UserId=16982] Sayfa 10: 50 ürün alındı. (Toplam: 765)
2026-07-18 15:33:54,356 INFO [UserId=16982] Sayfa 11: 50 ürün alındı. (Toplam: 765)
2026-07-18 15:33:54,664 INFO [UserId=16982] Sayfa 12: 50 ürün alındı. (Toplam: 765)
2026-07-18 15:33:54,920 INFO [UserId=16982] Sayfa 13: 50 ürün alındı. (Toplam: 765)
2026-07-18 15:33:55,177 INFO [UserId=16982] Sayfa 14: 50 ürün alındı. (Toplam: 765)
2026-07-18 15:33:55,454 INFO [UserId=16982] Sayfa 15: 50 ürün alındı. (Toplam: 765)
2026-07-18 15:33:55,686 INFO [UserId=16982] Sayfa 16: 15 ürün alındı. (Toplam: 765)
2026-07-18 15:33:55,687 INFO [UserId=16982] Toplam 765 ürün çekildi.
2026-07-18 15:33:55,928 INFO [UserId=19598] Sayfa 1: 50 ürün alındı. (Toplam: 357)
2026-07-18 15:33:56,174 INFO [UserId=19598] Sayfa 2: 50 ürün alındı. (Toplam: 357)
2026-07-18 15:33:56,417 INFO [UserId=19598] Sayfa 3: 50 ürün alındı. (Toplam: 357)
2026-07-18 15:33:56,656 INFO [UserId=19598] Sayfa 4: 50 ürün alındı. (Toplam: 357)
2026-07-18 15:33:56,890 INFO [UserId=19598] Sayfa 5: 50 ürün alındı. (Toplam: 357)
2026-07-18 15:33:57,143 INFO [UserId=19598] Sayfa 6: 50 ürün alındı. (Toplam: 357)
2026-07-18 15:33:57,401 INFO [UserId=19598] Sayfa 7: 50 ürün alındı. (Toplam: 357)
2026-07-18 15:33:57,620 INFO [UserId=19598] Sayfa 8: 7 ürün alındı. (Toplam: 357)
2026-07-18 15:33:57,620 INFO [UserId=19598] Toplam 357 ürün çekildi.
2026-07-18 15:33:57,885 INFO [UserId=21144] Sayfa 1: 50 ürün alındı. (Toplam: 393)
2026-07-18 15:33:58,148 INFO [UserId=21144] Sayfa 2: 50 ürün alındı. (Toplam: 393)
2026-07-18 15:33:58,405 INFO [UserId=21144] Sayfa 3: 50 ürün alındı. (Toplam: 393)
2026-07-18 15:33:58,659 INFO [UserId=21144] Sayfa 4: 50 ürün alındı. (Toplam: 393)
2026-07-18 15:33:58,937 INFO [UserId=21144] Sayfa 5: 50 ürün alındı. (Toplam: 393)
2026-07-18 15:33:59,202 INFO [UserId=21144] Sayfa 6: 50 ürün alındı. (Toplam: 393)
2026-07-18 15:33:59,466 INFO [UserId=21144] Sayfa 7: 50 ürün alındı. (Toplam: 393)
2026-07-18 15:33:59,715 INFO [UserId=21144] Sayfa 8: 43 ürün alındı. (Toplam: 393)
2026-07-18 15:33:59,715 INFO [UserId=21144] Toplam 393 ürün çekildi.
2026-07-18 15:33:59,979 INFO [UserId=184] Sayfa 1: 50 ürün alındı. (Toplam: 474)
2026-07-18 15:34:00,242 INFO [UserId=184] Sayfa 2: 50 ürün alındı. (Toplam: 474)
2026-07-18 15:34:00,506 INFO [UserId=184] Sayfa 3: 50 ürün alındı. (Toplam: 474)
2026-07-18 15:34:00,768 INFO [UserId=184] Sayfa 4: 50 ürün alındı. (Toplam: 474)
2026-07-18 15:34:01,037 INFO [UserId=184] Sayfa 5: 50 ürün alındı. (Toplam: 474)
2026-07-18 15:34:01,333 INFO [UserId=184] Sayfa 6: 50 ürün alındı. (Toplam: 474)
2026-07-18 15:34:01,626 INFO [UserId=184] Sayfa 7: 50 ürün alındı. (Toplam: 474)
2026-07-18 15:34:01,885 INFO [UserId=184] Sayfa 8: 50 ürün alındı. (Toplam: 474)
2026-07-18 15:34:02,155 INFO [UserId=184] Sayfa 9: 50 ürün alındı. (Toplam: 474)
2026-07-18 15:34:02,388 INFO [UserId=184] Sayfa 10: 24 ürün alındı. (Toplam: 474)
2026-07-18 15:34:02,388 INFO [UserId=184] Toplam 474 ürün çekildi.
2026-07-18 15:34:02,631 INFO [UserId=1735] Sayfa 1: 50 ürün alındı. (Toplam: 324)
2026-07-18 15:34:02,895 INFO [UserId=1735] Sayfa 2: 50 ürün alındı. (Toplam: 324)
2026-07-18 15:34:03,146 INFO [UserId=1735] Sayfa 3: 50 ürün alındı. (Toplam: 324)
2026-07-18 15:34:03,396 INFO [UserId=1735] Sayfa 4: 50 ürün alındı. (Toplam: 324)
2026-07-18 15:34:03,662 INFO [UserId=1735] Sayfa 5: 50 ürün alındı. (Toplam: 324)
2026-07-18 15:34:03,916 INFO [UserId=1735] Sayfa 6: 50 ürün alındı. (Toplam: 324)
2026-07-18 15:34:04,141 INFO [UserId=1735] Sayfa 7: 24 ürün alındı. (Toplam: 324)
2026-07-18 15:34:04,141 INFO [UserId=1735] Toplam 324 ürün çekildi.
2026-07-18 15:34:04,393 INFO [UserId=11197] Sayfa 1: 50 ürün alındı. (Toplam: 198)
2026-07-18 15:34:04,644 INFO [UserId=11197] Sayfa 2: 50 ürün alındı. (Toplam: 198)
2026-07-18 15:34:04,899 INFO [UserId=11197] Sayfa 3: 50 ürün alındı. (Toplam: 198)
2026-07-18 15:34:05,155 INFO [UserId=11197] Sayfa 4: 48 ürün alındı. (Toplam: 198)
2026-07-18 15:34:05,155 INFO [UserId=11197] Toplam 198 ürün çekildi.
2026-07-18 15:34:05,420 INFO [UserId=759] Sayfa 1: 50 ürün alındı. (Toplam: 384)
2026-07-18 15:34:05,685 INFO [UserId=759] Sayfa 2: 50 ürün alındı. (Toplam: 384)
2026-07-18 15:34:05,935 INFO [UserId=759] Sayfa 3: 50 ürün alındı. (Toplam: 384)
2026-07-18 15:34:06,195 INFO [UserId=759] Sayfa 4: 50 ürün alındı. (Toplam: 384)
2026-07-18 15:34:06,475 INFO [UserId=759] Sayfa 5: 50 ürün alındı. (Toplam: 384)
2026-07-18 15:34:06,741 INFO [UserId=759] Sayfa 6: 50 ürün alındı. (Toplam: 384)
2026-07-18 15:34:06,997 INFO [UserId=759] Sayfa 7: 50 ürün alındı. (Toplam: 384)
2026-07-18 15:34:07,240 INFO [UserId=759] Sayfa 8: 34 ürün alındı. (Toplam: 384)
2026-07-18 15:34:07,240 INFO [UserId=759] Toplam 384 ürün çekildi.
2026-07-18 15:34:07,518 INFO [UserId=18] Sayfa 1: 50 ürün alındı. (Toplam: 1064)
2026-07-18 15:34:07,796 INFO [UserId=18] Sayfa 2: 50 ürün alındı. (Toplam: 1064)
2026-07-18 15:34:08,074 INFO [UserId=18] Sayfa 3: 50 ürün alındı. (Toplam: 1064)
2026-07-18 15:34:08,345 INFO [UserId=18] Sayfa 4: 50 ürün alındı. (Toplam: 1064)
2026-07-18 15:34:08,603 INFO [UserId=18] Sayfa 5: 50 ürün alındı. (Toplam: 1064)
2026-07-18 15:34:08,874 INFO [UserId=18] Sayfa 6: 50 ürün alındı. (Toplam: 1064)
2026-07-18 15:34:09,134 INFO [UserId=18] Sayfa 7: 50 ürün alındı. (Toplam: 1064)
2026-07-18 15:34:09,403 INFO [UserId=18] Sayfa 8: 50 ürün alındı. (Toplam: 1064)
2026-07-18 15:34:09,676 INFO [UserId=18] Sayfa 9: 50 ürün alındı. (Toplam: 1064)
2026-07-18 15:34:09,945 INFO [UserId=18] Sayfa 10: 50 ürün alındı. (Toplam: 1064)
2026-07-18 15:34:10,210 INFO [UserId=18] Sayfa 11: 50 ürün alındı. (Toplam: 1064)
2026-07-18 15:34:10,498 INFO [UserId=18] Sayfa 12: 50 ürün alındı. (Toplam: 1064)
2026-07-18 15:34:10,803 INFO [UserId=18] Sayfa 13: 50 ürün alındı. (Toplam: 1064)
2026-07-18 15:34:11,106 INFO [UserId=18] Sayfa 14: 50 ürün alındı. (Toplam: 1064)
2026-07-18 15:34:11,377 INFO [UserId=18] Sayfa 15: 50 ürün alındı. (Toplam: 1064)
2026-07-18 15:34:11,647 INFO [UserId=18] Sayfa 16: 50 ürün alındı. (Toplam: 1064)
2026-07-18 15:34:11,919 INFO [UserId=18] Sayfa 17: 50 ürün alındı. (Toplam: 1064)
2026-07-18 15:34:12,191 INFO [UserId=18] Sayfa 18: 50 ürün alındı. (Toplam: 1064)
2026-07-18 15:34:12,461 INFO [UserId=18] Sayfa 19: 50 ürün alındı. (Toplam: 1064)
2026-07-18 15:34:12,732 INFO [UserId=18] Sayfa 20: 50 ürün alındı. (Toplam: 1064)
2026-07-18 15:34:12,996 INFO [UserId=18] Sayfa 21: 50 ürün alındı. (Toplam: 1064)
2026-07-18 15:34:13,236 INFO [UserId=18] Sayfa 22: 14 ürün alındı. (Toplam: 1064)
2026-07-18 15:34:13,236 INFO [UserId=18] Toplam 1064 ürün çekildi.
2026-07-18 15:34:13,272 INFO Varyantlı XML feed yazıldı: docs/ecza1-feed.xml (4578 satır / varyant)
2026-07-18 15:34:13,274 INFO Tüm mağazalar için senkronizasyon tamamlandı.
2026-07-19 20:10:27,894 INFO Giriş başarılı (302 yönlendirme -> /).
2026-07-19 20:11:27,323 INFO Kategori/marka tablosu hazır: 658 kategori, 3320 marka bulundu.
2026-07-19 20:11:27,547 INFO [UserId=7982] Sayfa 1: 50 ürün alındı. (Toplam: 614)
2026-07-19 20:11:27,766 INFO [UserId=7982] Sayfa 2: 50 ürün alındı. (Toplam: 614)
2026-07-19 20:11:27,992 INFO [UserId=7982] Sayfa 3: 50 ürün alındı. (Toplam: 614)
2026-07-19 20:11:28,211 INFO [UserId=7982] Sayfa 4: 50 ürün alındı. (Toplam: 614)
2026-07-19 20:11:28,433 INFO [UserId=7982] Sayfa 5: 50 ürün alındı. (Toplam: 614)
2026-07-19 20:11:28,659 INFO [UserId=7982] Sayfa 6: 50 ürün alındı. (Toplam: 614)
2026-07-19 20:11:28,885 INFO [UserId=7982] Sayfa 7: 50 ürün alındı. (Toplam: 614)
2026-07-19 20:11:29,108 INFO [UserId=7982] Sayfa 8: 50 ürün alındı. (Toplam: 614)
2026-07-19 20:11:29,327 INFO [UserId=7982] Sayfa 9: 50 ürün alındı. (Toplam: 614)
2026-07-19 20:11:29,544 INFO [UserId=7982] Sayfa 10: 50 ürün alındı. (Toplam: 614)
2026-07-19 20:11:29,768 INFO [UserId=7982] Sayfa 11: 50 ürün alındı. (Toplam: 614)
2026-07-19 20:11:29,994 INFO [UserId=7982] Sayfa 12: 50 ürün alındı. (Toplam: 614)
2026-07-19 20:11:30,192 INFO [UserId=7982] Sayfa 13: 14 ürün alındı. (Toplam: 614)
2026-07-19 20:11:30,192 INFO [UserId=7982] Toplam 614 ürün çekildi.
2026-07-19 20:11:30,421 INFO [UserId=16982] Sayfa 1: 50 ürün alındı. (Toplam: 764)
2026-07-19 20:11:30,658 INFO [UserId=16982] Sayfa 2: 50 ürün alındı. (Toplam: 764)
2026-07-19 20:11:30,894 INFO [UserId=16982] Sayfa 3: 50 ürün alındı. (Toplam: 764)
2026-07-19 20:11:31,128 INFO [UserId=16982] Sayfa 4: 50 ürün alındı. (Toplam: 764)
2026-07-19 20:11:31,339 INFO [UserId=16982] Sayfa 5: 50 ürün alındı. (Toplam: 764)
2026-07-19 20:11:31,557 INFO [UserId=16982] Sayfa 6: 50 ürün alındı. (Toplam: 764)
2026-07-19 20:11:31,777 INFO [UserId=16982] Sayfa 7: 50 ürün alındı. (Toplam: 764)
2026-07-19 20:11:32,013 INFO [UserId=16982] Sayfa 8: 50 ürün alındı. (Toplam: 764)
2026-07-19 20:11:32,243 INFO [UserId=16982] Sayfa 9: 50 ürün alındı. (Toplam: 764)
2026-07-19 20:11:32,492 INFO [UserId=16982] Sayfa 10: 50 ürün alındı. (Toplam: 764)
2026-07-19 20:11:32,730 INFO [UserId=16982] Sayfa 11: 50 ürün alındı. (Toplam: 764)
2026-07-19 20:11:32,986 INFO [UserId=16982] Sayfa 12: 50 ürün alındı. (Toplam: 764)
2026-07-19 20:11:33,206 INFO [UserId=16982] Sayfa 13: 50 ürün alındı. (Toplam: 764)
2026-07-19 20:11:33,431 INFO [UserId=16982] Sayfa 14: 50 ürün alındı. (Toplam: 764)
2026-07-19 20:11:33,673 INFO [UserId=16982] Sayfa 15: 50 ürün alındı. (Toplam: 764)
2026-07-19 20:11:33,864 INFO [UserId=16982] Sayfa 16: 14 ürün alındı. (Toplam: 764)
2026-07-19 20:11:33,864 INFO [UserId=16982] Toplam 764 ürün çekildi.
2026-07-19 20:11:34,071 INFO [UserId=19598] Sayfa 1: 50 ürün alındı. (Toplam: 357)
2026-07-19 20:11:34,279 INFO [UserId=19598] Sayfa 2: 50 ürün alındı. (Toplam: 357)
2026-07-19 20:11:34,483 INFO [UserId=19598] Sayfa 3: 50 ürün alındı. (Toplam: 357)
2026-07-19 20:11:34,686 INFO [UserId=19598] Sayfa 4: 50 ürün alındı. (Toplam: 357)
2026-07-19 20:11:34,888 INFO [UserId=19598] Sayfa 5: 50 ürün alındı. (Toplam: 357)
2026-07-19 20:11:35,102 INFO [UserId=19598] Sayfa 6: 50 ürün alındı. (Toplam: 357)
2026-07-19 20:11:35,322 INFO [UserId=19598] Sayfa 7: 50 ürün alındı. (Toplam: 357)
2026-07-19 20:11:35,504 INFO [UserId=19598] Sayfa 8: 7 ürün alındı. (Toplam: 357)
2026-07-19 20:11:35,504 INFO [UserId=19598] Toplam 357 ürün çekildi.
2026-07-19 20:11:35,736 INFO [UserId=21144] Sayfa 1: 50 ürün alındı. (Toplam: 393)
2026-07-19 20:11:35,961 INFO [UserId=21144] Sayfa 2: 50 ürün alındı. (Toplam: 393)
2026-07-19 20:11:36,180 INFO [UserId=21144] Sayfa 3: 50 ürün alındı. (Toplam: 393)
2026-07-19 20:11:36,399 INFO [UserId=21144] Sayfa 4: 50 ürün alındı. (Toplam: 393)
2026-07-19 20:11:36,649 INFO [UserId=21144] Sayfa 5: 50 ürün alındı. (Toplam: 393)
2026-07-19 20:11:36,878 INFO [UserId=21144] Sayfa 6: 50 ürün alındı. (Toplam: 393)
2026-07-19 20:11:37,096 INFO [UserId=21144] Sayfa 7: 50 ürün alındı. (Toplam: 393)
2026-07-19 20:11:37,328 INFO [UserId=21144] Sayfa 8: 43 ürün alındı. (Toplam: 393)
2026-07-19 20:11:37,329 INFO [UserId=21144] Toplam 393 ürün çekildi.
2026-07-19 20:11:37,568 INFO [UserId=184] Sayfa 1: 50 ürün alındı. (Toplam: 473)
2026-07-19 20:11:37,793 INFO [UserId=184] Sayfa 2: 50 ürün alındı. (Toplam: 473)
2026-07-19 20:11:38,016 INFO [UserId=184] Sayfa 3: 50 ürün alındı. (Toplam: 473)
2026-07-19 20:11:38,247 INFO [UserId=184] Sayfa 4: 50 ürün alındı. (Toplam: 473)
2026-07-19 20:11:38,477 INFO [UserId=184] Sayfa 5: 50 ürün alındı. (Toplam: 473)
2026-07-19 20:11:38,725 INFO [UserId=184] Sayfa 6: 50 ürün alındı. (Toplam: 473)
2026-07-19 20:11:38,986 INFO [UserId=184] Sayfa 7: 50 ürün alındı. (Toplam: 473)
2026-07-19 20:11:39,215 INFO [UserId=184] Sayfa 8: 50 ürün alındı. (Toplam: 473)
2026-07-19 20:11:39,447 INFO [UserId=184] Sayfa 9: 50 ürün alındı. (Toplam: 473)
2026-07-19 20:11:39,643 INFO [UserId=184] Sayfa 10: 23 ürün alındı. (Toplam: 473)
2026-07-19 20:11:39,643 INFO [UserId=184] Toplam 473 ürün çekildi.
2026-07-19 20:11:39,856 INFO [UserId=1735] Sayfa 1: 50 ürün alındı. (Toplam: 324)
2026-07-19 20:11:40,077 INFO [UserId=1735] Sayfa 2: 50 ürün alındı. (Toplam: 324)
2026-07-19 20:11:40,296 INFO [UserId=1735] Sayfa 3: 50 ürün alındı. (Toplam: 324)
2026-07-19 20:11:40,508 INFO [UserId=1735] Sayfa 4: 50 ürün alındı. (Toplam: 324)
2026-07-19 20:11:40,743 INFO [UserId=1735] Sayfa 5: 50 ürün alındı. (Toplam: 324)
2026-07-19 20:11:40,957 INFO [UserId=1735] Sayfa 6: 50 ürün alındı. (Toplam: 324)
2026-07-19 20:11:41,147 INFO [UserId=1735] Sayfa 7: 24 ürün alındı. (Toplam: 324)
2026-07-19 20:11:41,147 INFO [UserId=1735] Toplam 324 ürün çekildi.
2026-07-19 20:11:41,363 INFO [UserId=11197] Sayfa 1: 50 ürün alındı. (Toplam: 196)
2026-07-19 20:11:41,575 INFO [UserId=11197] Sayfa 2: 50 ürün alındı. (Toplam: 196)
2026-07-19 20:11:41,831 INFO [UserId=11197] Sayfa 3: 50 ürün alındı. (Toplam: 196)
2026-07-19 20:11:42,039 INFO [UserId=11197] Sayfa 4: 46 ürün alındı. (Toplam: 196)
2026-07-19 20:11:42,039 INFO [UserId=11197] Toplam 196 ürün çekildi.
2026-07-19 20:11:42,265 INFO [UserId=759] Sayfa 1: 50 ürün alındı. (Toplam: 383)
2026-07-19 20:11:42,513 INFO [UserId=759] Sayfa 2: 50 ürün alındı. (Toplam: 383)
2026-07-19 20:11:42,744 INFO [UserId=759] Sayfa 3: 50 ürün alındı. (Toplam: 383)
2026-07-19 20:11:42,974 INFO [UserId=759] Sayfa 4: 50 ürün alındı. (Toplam: 383)
2026-07-19 20:11:43,209 INFO [UserId=759] Sayfa 5: 50 ürün alındı. (Toplam: 383)
2026-07-19 20:11:43,491 INFO [UserId=759] Sayfa 6: 50 ürün alındı. (Toplam: 383)
2026-07-19 20:11:43,708 INFO [UserId=759] Sayfa 7: 50 ürün alındı. (Toplam: 383)
2026-07-19 20:11:43,909 INFO [UserId=759] Sayfa 8: 33 ürün alındı. (Toplam: 383)
2026-07-19 20:11:43,910 INFO [UserId=759] Toplam 383 ürün çekildi.
2026-07-19 20:11:44,139 INFO [UserId=18] Sayfa 1: 50 ürün alındı. (Toplam: 1063)
2026-07-19 20:11:44,374 INFO [UserId=18] Sayfa 2: 50 ürün alındı. (Toplam: 1063)
2026-07-19 20:11:44,610 INFO [UserId=18] Sayfa 3: 50 ürün alındı. (Toplam: 1063)
2026-07-19 20:11:44,849 INFO [UserId=18] Sayfa 4: 50 ürün alındı. (Toplam: 1063)
2026-07-19 20:11:45,079 INFO [UserId=18] Sayfa 5: 50 ürün alındı. (Toplam: 1063)
2026-07-19 20:11:45,315 INFO [UserId=18] Sayfa 6: 50 ürün alındı. (Toplam: 1063)
2026-07-19 20:11:45,553 INFO [UserId=18] Sayfa 7: 50 ürün alındı. (Toplam: 1063)
2026-07-19 20:11:45,791 INFO [UserId=18] Sayfa 8: 50 ürün alındı. (Toplam: 1063)
2026-07-19 20:11:46,036 INFO [UserId=18] Sayfa 9: 50 ürün alındı. (Toplam: 1063)
2026-07-19 20:11:46,273 INFO [UserId=18] Sayfa 10: 50 ürün alındı. (Toplam: 1063)
2026-07-19 20:11:46,505 INFO [UserId=18] Sayfa 11: 50 ürün alındı. (Toplam: 1063)
2026-07-19 20:11:46,755 INFO [UserId=18] Sayfa 12: 50 ürün alındı. (Toplam: 1063)
2026-07-19 20:11:47,017 INFO [UserId=18] Sayfa 13: 50 ürün alındı. (Toplam: 1063)
2026-07-19 20:11:47,279 INFO [UserId=18] Sayfa 14: 50 ürün alındı. (Toplam: 1063)
2026-07-19 20:11:47,517 INFO [UserId=18] Sayfa 15: 50 ürün alındı. (Toplam: 1063)
2026-07-19 20:11:47,748 INFO [UserId=18] Sayfa 16: 50 ürün alındı. (Toplam: 1063)
2026-07-19 20:11:47,980 INFO [UserId=18] Sayfa 17: 50 ürün alındı. (Toplam: 1063)
2026-07-19 20:11:48,216 INFO [UserId=18] Sayfa 18: 50 ürün alındı. (Toplam: 1063)
2026-07-19 20:11:48,454 INFO [UserId=18] Sayfa 19: 50 ürün alındı. (Toplam: 1063)
2026-07-19 20:11:48,693 INFO [UserId=18] Sayfa 20: 50 ürün alındı. (Toplam: 1063)
2026-07-19 20:11:48,927 INFO [UserId=18] Sayfa 21: 50 ürün alındı. (Toplam: 1063)
2026-07-19 20:11:49,144 INFO [UserId=18] Sayfa 22: 13 ürün alındı. (Toplam: 1063)
2026-07-19 20:11:49,144 INFO [UserId=18] Toplam 1063 ürün çekildi.
2026-07-19 20:11:49,278 INFO Varyantlı XML feed yazıldı: docs/ecza1-feed.xml (4567 satır / varyant)
2026-07-19 20:11:49,280 INFO Tüm mağazalar için senkronizasyon tamamlandı.
2026-07-20 08:21:27,988 INFO Giriş başarılı (302 yönlendirme -> /).
2026-07-20 08:22:44,309 INFO Kategori/marka tablosu hazır: 658 kategori, 3322 marka bulundu.
2026-07-20 08:22:44,624 INFO [UserId=7982] Sayfa 1: 50 ürün alındı. (Toplam: 612)
2026-07-20 08:22:44,884 INFO [UserId=7982] Sayfa 2: 50 ürün alındı. (Toplam: 612)
2026-07-20 08:22:45,144 INFO [UserId=7982] Sayfa 3: 50 ürün alındı. (Toplam: 612)
2026-07-20 08:22:45,431 INFO [UserId=7982] Sayfa 4: 50 ürün alındı. (Toplam: 612)
2026-07-20 08:22:45,681 INFO [UserId=7982] Sayfa 5: 50 ürün alındı. (Toplam: 612)
2026-07-20 08:22:45,963 INFO [UserId=7982] Sayfa 6: 50 ürün alındı. (Toplam: 612)
2026-07-20 08:22:46,230 INFO [UserId=7982] Sayfa 7: 50 ürün alındı. (Toplam: 612)
2026-07-20 08:22:46,489 INFO [UserId=7982] Sayfa 8: 50 ürün alındı. (Toplam: 612)
2026-07-20 08:22:46,750 INFO [UserId=7982] Sayfa 9: 50 ürün alındı. (Toplam: 612)
2026-07-20 08:22:47,012 INFO [UserId=7982] Sayfa 10: 50 ürün alındı. (Toplam: 612)
2026-07-20 08:22:47,261 INFO [UserId=7982] Sayfa 11: 50 ürün alındı. (Toplam: 612)
2026-07-20 08:22:47,551 INFO [UserId=7982] Sayfa 12: 50 ürün alındı. (Toplam: 612)
2026-07-20 08:22:47,773 INFO [UserId=7982] Sayfa 13: 12 ürün alındı. (Toplam: 612)
2026-07-20 08:22:47,773 INFO [UserId=7982] Toplam 612 ürün çekildi.
2026-07-20 08:22:48,023 INFO [UserId=16982] Sayfa 1: 50 ürün alındı. (Toplam: 763)
2026-07-20 08:22:48,289 INFO [UserId=16982] Sayfa 2: 50 ürün alındı. (Toplam: 763)
2026-07-20 08:22:48,548 INFO [UserId=16982] Sayfa 3: 50 ürün alındı. (Toplam: 763)
2026-07-20 08:22:48,827 INFO [UserId=16982] Sayfa 4: 50 ürün alındı. (Toplam: 763)
2026-07-20 08:22:49,072 INFO [UserId=16982] Sayfa 5: 50 ürün alındı. (Toplam: 763)
2026-07-20 08:22:49,328 INFO [UserId=16982] Sayfa 6: 50 ürün alındı. (Toplam: 763)
2026-07-20 08:22:49,579 INFO [UserId=16982] Sayfa 7: 50 ürün alındı. (Toplam: 763)
2026-07-20 08:22:49,845 INFO [UserId=16982] Sayfa 8: 50 ürün alındı. (Toplam: 763)
2026-07-20 08:22:50,109 INFO [UserId=16982] Sayfa 9: 50 ürün alındı. (Toplam: 763)
2026-07-20 08:22:50,373 INFO [UserId=16982] Sayfa 10: 50 ürün alındı. (Toplam: 763)
2026-07-20 08:22:50,647 INFO [UserId=16982] Sayfa 11: 50 ürün alındı. (Toplam: 763)
2026-07-20 08:22:50,941 INFO [UserId=16982] Sayfa 12: 50 ürün alındı. (Toplam: 763)
2026-07-20 08:22:51,195 INFO [UserId=16982] Sayfa 13: 50 ürün alındı. (Toplam: 763)
2026-07-20 08:22:51,453 INFO [UserId=16982] Sayfa 14: 50 ürün alındı. (Toplam: 763)
2026-07-20 08:22:51,714 INFO [UserId=16982] Sayfa 15: 50 ürün alındı. (Toplam: 763)
2026-07-20 08:22:51,956 INFO [UserId=16982] Sayfa 16: 13 ürün alındı. (Toplam: 763)
2026-07-20 08:22:51,956 INFO [UserId=16982] Toplam 763 ürün çekildi.
2026-07-20 08:22:52,198 INFO [UserId=19598] Sayfa 1: 50 ürün alındı. (Toplam: 359)
2026-07-20 08:22:52,499 INFO [UserId=19598] Sayfa 2: 50 ürün alındı. (Toplam: 359)
2026-07-20 08:22:52,743 INFO [UserId=19598] Sayfa 3: 50 ürün alındı. (Toplam: 359)
2026-07-20 08:22:52,984 INFO [UserId=19598] Sayfa 4: 50 ürün alındı. (Toplam: 359)
2026-07-20 08:22:53,223 INFO [UserId=19598] Sayfa 5: 50 ürün alındı. (Toplam: 359)
2026-07-20 08:22:53,467 INFO [UserId=19598] Sayfa 6: 50 ürün alındı. (Toplam: 359)
2026-07-20 08:22:53,724 INFO [UserId=19598] Sayfa 7: 50 ürün alındı. (Toplam: 359)
2026-07-20 08:22:53,941 INFO [UserId=19598] Sayfa 8: 9 ürün alındı. (Toplam: 359)
2026-07-20 08:22:53,941 INFO [UserId=19598] Toplam 359 ürün çekildi.
2026-07-20 08:22:54,231 INFO [UserId=21144] Sayfa 1: 50 ürün alındı. (Toplam: 391)
2026-07-20 08:22:54,487 INFO [UserId=21144] Sayfa 2: 50 ürün alındı. (Toplam: 391)
2026-07-20 08:22:54,737 INFO [UserId=21144] Sayfa 3: 50 ürün alındı. (Toplam: 391)
2026-07-20 08:22:54,989 INFO [UserId=21144] Sayfa 4: 50 ürün alındı. (Toplam: 391)
2026-07-20 08:22:55,258 INFO [UserId=21144] Sayfa 5: 50 ürün alındı. (Toplam: 391)
2026-07-20 08:22:55,520 INFO [UserId=21144] Sayfa 6: 50 ürün alındı. (Toplam: 391)
2026-07-20 08:22:55,782 INFO [UserId=21144] Sayfa 7: 50 ürün alındı. (Toplam: 391)
2026-07-20 08:22:56,034 INFO [UserId=21144] Sayfa 8: 41 ürün alındı. (Toplam: 391)
2026-07-20 08:22:56,034 INFO [UserId=21144] Toplam 391 ürün çekildi.
2026-07-20 08:22:56,305 INFO [UserId=184] Sayfa 1: 50 ürün alındı. (Toplam: 472)
2026-07-20 08:22:56,557 INFO [UserId=184] Sayfa 2: 50 ürün alındı. (Toplam: 472)
2026-07-20 08:22:56,821 INFO [UserId=184] Sayfa 3: 50 ürün alındı. (Toplam: 472)
2026-07-20 08:22:57,077 INFO [UserId=184] Sayfa 4: 50 ürün alındı. (Toplam: 472)
2026-07-20 08:22:57,339 INFO [UserId=184] Sayfa 5: 50 ürün alındı. (Toplam: 472)
2026-07-20 08:22:57,625 INFO [UserId=184] Sayfa 6: 50 ürün alındı. (Toplam: 472)
2026-07-20 08:22:57,917 INFO [UserId=184] Sayfa 7: 50 ürün alındı. (Toplam: 472)
2026-07-20 08:22:58,180 INFO [UserId=184] Sayfa 8: 50 ürün alındı. (Toplam: 472)
2026-07-20 08:22:58,445 INFO [UserId=184] Sayfa 9: 50 ürün alındı. (Toplam: 472)
2026-07-20 08:22:58,674 INFO [UserId=184] Sayfa 10: 22 ürün alındı. (Toplam: 472)
2026-07-20 08:22:58,674 INFO [UserId=184] Toplam 472 ürün çekildi.
2026-07-20 08:22:58,924 INFO [UserId=1735] Sayfa 1: 50 ürün alındı. (Toplam: 323)
2026-07-20 08:22:59,180 INFO [UserId=1735] Sayfa 2: 50 ürün alındı. (Toplam: 323)
2026-07-20 08:22:59,430 INFO [UserId=1735] Sayfa 3: 50 ürün alındı. (Toplam: 323)
2026-07-20 08:22:59,678 INFO [UserId=1735] Sayfa 4: 50 ürün alındı. (Toplam: 323)
2026-07-20 08:22:59,950 INFO [UserId=1735] Sayfa 5: 50 ürün alındı. (Toplam: 323)
2026-07-20 08:23:00,208 INFO [UserId=1735] Sayfa 6: 50 ürün alındı. (Toplam: 323)
2026-07-20 08:23:00,436 INFO [UserId=1735] Sayfa 7: 23 ürün alındı. (Toplam: 323)
2026-07-20 08:23:00,436 INFO [UserId=1735] Toplam 323 ürün çekildi.
2026-07-20 08:23:00,699 INFO [UserId=11197] Sayfa 1: 50 ürün alındı. (Toplam: 196)
2026-07-20 08:23:01,008 INFO [UserId=11197] Sayfa 2: 50 ürün alındı. (Toplam: 196)
2026-07-20 08:23:01,263 INFO [UserId=11197] Sayfa 3: 50 ürün alındı. (Toplam: 196)
2026-07-20 08:23:01,513 INFO [UserId=11197] Sayfa 4: 46 ürün alındı. (Toplam: 196)
2026-07-20 08:23:01,514 INFO [UserId=11197] Toplam 196 ürün çekildi.
2026-07-20 08:23:01,787 INFO [UserId=759] Sayfa 1: 50 ürün alındı. (Toplam: 382)
2026-07-20 08:23:02,144 INFO [UserId=759] Sayfa 2: 50 ürün alındı. (Toplam: 382)
2026-07-20 08:23:02,394 INFO [UserId=759] Sayfa 3: 50 ürün alındı. (Toplam: 382)
2026-07-20 08:23:02,658 INFO [UserId=759] Sayfa 4: 50 ürün alındı. (Toplam: 382)
2026-07-20 08:23:02,927 INFO [UserId=759] Sayfa 5: 50 ürün alındı. (Toplam: 382)
2026-07-20 08:23:03,180 INFO [UserId=759] Sayfa 6: 50 ürün alındı. (Toplam: 382)
2026-07-20 08:23:03,437 INFO [UserId=759] Sayfa 7: 50 ürün alındı. (Toplam: 382)
2026-07-20 08:23:03,678 INFO [UserId=759] Sayfa 8: 32 ürün alındı. (Toplam: 382)
2026-07-20 08:23:03,678 INFO [UserId=759] Toplam 382 ürün çekildi.
2026-07-20 08:23:03,952 INFO [UserId=18] Sayfa 1: 50 ürün alındı. (Toplam: 1058)
2026-07-20 08:23:04,228 INFO [UserId=18] Sayfa 2: 50 ürün alındı. (Toplam: 1058)
2026-07-20 08:23:04,503 INFO [UserId=18] Sayfa 3: 50 ürün alındı. (Toplam: 1058)
2026-07-20 08:23:04,769 INFO [UserId=18] Sayfa 4: 50 ürün alındı. (Toplam: 1058)
2026-07-20 08:23:05,024 INFO [UserId=18] Sayfa 5: 50 ürün alındı. (Toplam: 1058)
2026-07-20 08:23:05,284 INFO [UserId=18] Sayfa 6: 50 ürün alındı. (Toplam: 1058)
2026-07-20 08:23:05,544 INFO [UserId=18] Sayfa 7: 50 ürün alındı. (Toplam: 1058)
2026-07-20 08:23:05,807 INFO [UserId=18] Sayfa 8: 50 ürün alındı. (Toplam: 1058)
2026-07-20 08:23:06,085 INFO [UserId=18] Sayfa 9: 50 ürün alındı. (Toplam: 1058)
2026-07-20 08:23:06,388 INFO [UserId=18] Sayfa 10: 50 ürün alındı. (Toplam: 1058)
2026-07-20 08:23:06,652 INFO [UserId=18] Sayfa 11: 50 ürün alındı. (Toplam: 1058)
2026-07-20 08:23:06,949 INFO [UserId=18] Sayfa 12: 50 ürün alındı. (Toplam: 1058)
2026-07-20 08:23:07,241 INFO [UserId=18] Sayfa 13: 50 ürün alındı. (Toplam: 1058)
2026-07-20 08:23:07,533 INFO [UserId=18] Sayfa 14: 50 ürün alındı. (Toplam: 1058)
2026-07-20 08:23:07,799 INFO [UserId=18] Sayfa 15: 50 ürün alındı. (Toplam: 1058)
2026-07-20 08:23:08,064 INFO [UserId=18] Sayfa 16: 50 ürün alındı. (Toplam: 1058)
2026-07-20 08:23:08,325 INFO [UserId=18] Sayfa 17: 50 ürün alındı. (Toplam: 1058)
2026-07-20 08:23:08,587 INFO [UserId=18] Sayfa 18: 50 ürün alındı. (Toplam: 1058)
2026-07-20 08:23:08,856 INFO [UserId=18] Sayfa 19: 50 ürün alındı. (Toplam: 1058)
2026-07-20 08:23:09,133 INFO [UserId=18] Sayfa 20: 50 ürün alındı. (Toplam: 1058)
2026-07-20 08:23:09,399 INFO [UserId=18] Sayfa 21: 50 ürün alındı. (Toplam: 1058)
2026-07-20 08:23:09,633 INFO [UserId=18] Sayfa 22: 8 ürün alındı. (Toplam: 1058)
2026-07-20 08:23:09,633 INFO [UserId=18] Toplam 1058 ürün çekildi.
2026-07-20 08:23:09,706 INFO Varyantlı XML feed yazıldı: docs/ecza1-feed.xml (4556 satır / varyant)
2026-07-20 08:23:09,707 INFO Tüm mağazalar için senkronizasyon tamamlandı.
2026-07-20 16:00:21,775 INFO Giriş başarılı (302 yönlendirme -> /).
2026-07-20 16:01:34,582 INFO Kategori/marka tablosu hazır: 655 kategori, 3319 marka bulundu.
2026-07-20 16:01:34,809 INFO [UserId=7982] Sayfa 1: 50 ürün alındı. (Toplam: 609)
2026-07-20 16:01:35,035 INFO [UserId=7982] Sayfa 2: 50 ürün alındı. (Toplam: 609)
2026-07-20 16:01:35,276 INFO [UserId=7982] Sayfa 3: 50 ürün alındı. (Toplam: 609)
2026-07-20 16:01:35,507 INFO [UserId=7982] Sayfa 4: 50 ürün alındı. (Toplam: 609)
2026-07-20 16:01:35,733 INFO [UserId=7982] Sayfa 5: 50 ürün alındı. (Toplam: 609)
2026-07-20 16:01:36,010 INFO [UserId=7982] Sayfa 6: 50 ürün alındı. (Toplam: 609)
2026-07-20 16:01:36,385 INFO [UserId=7982] Sayfa 7: 50 ürün alındı. (Toplam: 609)
2026-07-20 16:01:36,610 INFO [UserId=7982] Sayfa 8: 50 ürün alındı. (Toplam: 609)
2026-07-20 16:01:36,836 INFO [UserId=7982] Sayfa 9: 50 ürün alındı. (Toplam: 609)
2026-07-20 16:01:37,063 INFO [UserId=7982] Sayfa 10: 50 ürün alındı. (Toplam: 609)
2026-07-20 16:01:37,291 INFO [UserId=7982] Sayfa 11: 50 ürün alındı. (Toplam: 609)
2026-07-20 16:01:37,519 INFO [UserId=7982] Sayfa 12: 50 ürün alındı. (Toplam: 609)
2026-07-20 16:01:37,714 INFO [UserId=7982] Sayfa 13: 9 ürün alındı. (Toplam: 609)
2026-07-20 16:01:37,714 INFO [UserId=7982] Toplam 609 ürün çekildi.
2026-07-20 16:01:37,947 INFO [UserId=16982] Sayfa 1: 50 ürün alındı. (Toplam: 762)
2026-07-20 16:01:38,183 INFO [UserId=16982] Sayfa 2: 50 ürün alındı. (Toplam: 762)
2026-07-20 16:01:39,122 INFO [UserId=16982] Sayfa 3: 50 ürün alındı. (Toplam: 762)
2026-07-20 16:01:39,355 INFO [UserId=16982] Sayfa 4: 50 ürün alındı. (Toplam: 762)
2026-07-20 16:01:39,590 INFO [UserId=16982] Sayfa 5: 50 ürün alındı. (Toplam: 762)
2026-07-20 16:01:39,819 INFO [UserId=16982] Sayfa 6: 50 ürün alındı. (Toplam: 762)
2026-07-20 16:01:40,120 INFO [UserId=16982] Sayfa 7: 50 ürün alındı. (Toplam: 762)
2026-07-20 16:01:40,362 INFO [UserId=16982] Sayfa 8: 50 ürün alındı. (Toplam: 762)
2026-07-20 16:01:40,609 INFO [UserId=16982] Sayfa 9: 50 ürün alındı. (Toplam: 762)
2026-07-20 16:01:40,868 INFO [UserId=16982] Sayfa 10: 50 ürün alındı. (Toplam: 762)
2026-07-20 16:01:41,112 INFO [UserId=16982] Sayfa 11: 50 ürün alındı. (Toplam: 762)
2026-07-20 16:01:41,382 INFO [UserId=16982] Sayfa 12: 50 ürün alındı. (Toplam: 762)
2026-07-20 16:01:41,610 INFO [UserId=16982] Sayfa 13: 50 ürün alındı. (Toplam: 762)
2026-07-20 16:01:41,839 INFO [UserId=16982] Sayfa 14: 50 ürün alındı. (Toplam: 762)
2026-07-20 16:01:42,073 INFO [UserId=16982] Sayfa 15: 50 ürün alındı. (Toplam: 762)
2026-07-20 16:01:42,271 INFO [UserId=16982] Sayfa 16: 12 ürün alındı. (Toplam: 762)
2026-07-20 16:01:42,271 INFO [UserId=16982] Toplam 762 ürün çekildi.
2026-07-20 16:01:42,490 INFO [UserId=19598] Sayfa 1: 50 ürün alındı. (Toplam: 364)
2026-07-20 16:01:42,720 INFO [UserId=19598] Sayfa 2: 50 ürün alındı. (Toplam: 364)
2026-07-20 16:01:42,932 INFO [UserId=19598] Sayfa 3: 50 ürün alındı. (Toplam: 364)
2026-07-20 16:01:43,182 INFO [UserId=19598] Sayfa 4: 50 ürün alındı. (Toplam: 364)
2026-07-20 16:01:43,394 INFO [UserId=19598] Sayfa 5: 50 ürün alındı. (Toplam: 364)
2026-07-20 16:01:43,618 INFO [UserId=19598] Sayfa 6: 50 ürün alındı. (Toplam: 364)
2026-07-20 16:01:43,843 INFO [UserId=19598] Sayfa 7: 50 ürün alındı. (Toplam: 364)
2026-07-20 16:01:44,040 INFO [UserId=19598] Sayfa 8: 14 ürün alındı. (Toplam: 364)
2026-07-20 16:01:44,040 INFO [UserId=19598] Toplam 364 ürün çekildi.
2026-07-20 16:01:44,283 INFO [UserId=21144] Sayfa 1: 50 ürün alındı. (Toplam: 389)
2026-07-20 16:01:44,512 INFO [UserId=21144] Sayfa 2: 50 ürün alındı. (Toplam: 389)
2026-07-20 16:01:44,740 INFO [UserId=21144] Sayfa 3: 50 ürün alındı. (Toplam: 389)
2026-07-20 16:01:44,969 INFO [UserId=21144] Sayfa 4: 50 ürün alındı. (Toplam: 389)
2026-07-20 16:01:45,218 INFO [UserId=21144] Sayfa 5: 50 ürün alındı. (Toplam: 389)
2026-07-20 16:01:45,453 INFO [UserId=21144] Sayfa 6: 50 ürün alındı. (Toplam: 389)
2026-07-20 16:01:45,691 INFO [UserId=21144] Sayfa 7: 50 ürün alındı. (Toplam: 389)
2026-07-20 16:01:45,904 INFO [UserId=21144] Sayfa 8: 39 ürün alındı. (Toplam: 389)
2026-07-20 16:01:45,904 INFO [UserId=21144] Toplam 389 ürün çekildi.
2026-07-20 16:01:46,154 INFO [UserId=184] Sayfa 1: 50 ürün alındı. (Toplam: 473)
2026-07-20 16:01:46,386 INFO [UserId=184] Sayfa 2: 50 ürün alındı. (Toplam: 473)
2026-07-20 16:01:46,621 INFO [UserId=184] Sayfa 3: 50 ürün alındı. (Toplam: 473)
2026-07-20 16:01:46,860 INFO [UserId=184] Sayfa 4: 50 ürün alındı. (Toplam: 473)
2026-07-20 16:01:47,102 INFO [UserId=184] Sayfa 5: 50 ürün alındı. (Toplam: 473)
2026-07-20 16:01:47,368 INFO [UserId=184] Sayfa 6: 50 ürün alındı. (Toplam: 473)
2026-07-20 16:01:47,632 INFO [UserId=184] Sayfa 7: 50 ürün alındı. (Toplam: 473)
2026-07-20 16:01:47,867 INFO [UserId=184] Sayfa 8: 50 ürün alındı. (Toplam: 473)
2026-07-20 16:01:50,555 INFO [UserId=184] Sayfa 9: 50 ürün alındı. (Toplam: 473)
2026-07-20 16:01:51,068 INFO [UserId=184] Sayfa 10: 23 ürün alındı. (Toplam: 473)
2026-07-20 16:01:51,068 INFO [UserId=184] Toplam 473 ürün çekildi.
2026-07-20 16:01:52,431 INFO [UserId=1735] Sayfa 1: 50 ürün alındı. (Toplam: 318)
2026-07-20 16:01:52,666 INFO [UserId=1735] Sayfa 2: 50 ürün alındı. (Toplam: 318)
2026-07-20 16:01:52,943 INFO [UserId=1735] Sayfa 3: 50 ürün alındı. (Toplam: 318)
2026-07-20 16:01:53,177 INFO [UserId=1735] Sayfa 4: 50 ürün alındı. (Toplam: 318)
2026-07-20 16:01:53,408 INFO [UserId=1735] Sayfa 5: 50 ürün alındı. (Toplam: 318)
2026-07-20 16:01:53,628 INFO [UserId=1735] Sayfa 6: 50 ürün alındı. (Toplam: 318)
2026-07-20 16:01:53,821 INFO [UserId=1735] Sayfa 7: 18 ürün alındı. (Toplam: 318)
2026-07-20 16:01:53,821 INFO [UserId=1735] Toplam 318 ürün çekildi.
2026-07-20 16:01:54,052 INFO [UserId=11197] Sayfa 1: 50 ürün alındı. (Toplam: 197)
2026-07-20 16:01:54,274 INFO [UserId=11197] Sayfa 2: 50 ürün alındı. (Toplam: 197)
2026-07-20 16:01:54,496 INFO [UserId=11197] Sayfa 3: 50 ürün alındı. (Toplam: 197)
2026-07-20 16:01:54,721 INFO [UserId=11197] Sayfa 4: 47 ürün alındı. (Toplam: 197)
2026-07-20 16:01:54,721 INFO [UserId=11197] Toplam 197 ürün çekildi.
2026-07-20 16:01:54,955 INFO [UserId=759] Sayfa 1: 50 ürün alındı. (Toplam: 379)
2026-07-20 16:01:55,181 INFO [UserId=759] Sayfa 2: 50 ürün alındı. (Toplam: 379)
2026-07-20 16:01:55,402 INFO [UserId=759] Sayfa 3: 50 ürün alındı. (Toplam: 379)
2026-07-20 16:01:55,642 INFO [UserId=759] Sayfa 4: 50 ürün alındı. (Toplam: 379)
2026-07-20 16:01:55,885 INFO [UserId=759] Sayfa 5: 50 ürün alındı. (Toplam: 379)
2026-07-20 16:01:56,119 INFO [UserId=759] Sayfa 6: 50 ürün alındı. (Toplam: 379)
2026-07-20 16:01:56,345 INFO [UserId=759] Sayfa 7: 50 ürün alındı. (Toplam: 379)
2026-07-20 16:01:56,556 INFO [UserId=759] Sayfa 8: 29 ürün alındı. (Toplam: 379)
2026-07-20 16:01:56,557 INFO [UserId=759] Toplam 379 ürün çekildi.
2026-07-20 16:01:56,807 INFO [UserId=18] Sayfa 1: 50 ürün alındı. (Toplam: 1047)
2026-07-20 16:01:57,049 INFO [UserId=18] Sayfa 2: 50 ürün alındı. (Toplam: 1047)
2026-07-20 16:01:57,291 INFO [UserId=18] Sayfa 3: 50 ürün alındı. (Toplam: 1047)
2026-07-20 16:01:57,532 INFO [UserId=18] Sayfa 4: 50 ürün alındı. (Toplam: 1047)
2026-07-20 16:01:57,763 INFO [UserId=18] Sayfa 5: 50 ürün alındı. (Toplam: 1047)
2026-07-20 16:01:58,007 INFO [UserId=18] Sayfa 6: 50 ürün alındı. (Toplam: 1047)
2026-07-20 16:01:58,239 INFO [UserId=18] Sayfa 7: 50 ürün alındı. (Toplam: 1047)
2026-07-20 16:01:58,477 INFO [UserId=18] Sayfa 8: 50 ürün alındı. (Toplam: 1047)
2026-07-20 16:01:58,737 INFO [UserId=18] Sayfa 9: 50 ürün alındı. (Toplam: 1047)
2026-07-20 16:01:58,973 INFO [UserId=18] Sayfa 10: 50 ürün alındı. (Toplam: 1047)
2026-07-20 16:01:59,208 INFO [UserId=18] Sayfa 11: 50 ürün alındı. (Toplam: 1047)
2026-07-20 16:01:59,477 INFO [UserId=18] Sayfa 12: 50 ürün alındı. (Toplam: 1047)
2026-07-20 16:01:59,755 INFO [UserId=18] Sayfa 13: 50 ürün alındı. (Toplam: 1047)
2026-07-20 16:02:00,012 INFO [UserId=18] Sayfa 14: 50 ürün alındı. (Toplam: 1047)
2026-07-20 16:02:00,253 INFO [UserId=18] Sayfa 15: 50 ürün alındı. (Toplam: 1047)
2026-07-20 16:02:00,607 INFO [UserId=18] Sayfa 16: 50 ürün alındı. (Toplam: 1047)
2026-07-20 16:02:00,848 INFO [UserId=18] Sayfa 17: 50 ürün alındı. (Toplam: 1047)
2026-07-20 16:02:01,113 INFO [UserId=18] Sayfa 18: 50 ürün alındı. (Toplam: 1047)
2026-07-20 16:02:01,399 INFO [UserId=18] Sayfa 19: 50 ürün alındı. (Toplam: 1047)
2026-07-20 16:02:01,645 INFO [UserId=18] Sayfa 20: 50 ürün alındı. (Toplam: 1047)
2026-07-20 16:02:01,901 INFO [UserId=18] Sayfa 21: 47 ürün alındı. (Toplam: 1047)
2026-07-20 16:02:01,901 INFO [UserId=18] Toplam 1047 ürün çekildi.
2026-07-20 16:02:01,935 INFO Varyantlı XML feed yazıldı: docs/ecza1-feed.xml (4538 satır / varyant)
2026-07-20 16:02:01,937 INFO Tüm mağazalar için senkronizasyon tamamlandı.
2026-07-20 20:55:54,933 INFO Giriş başarılı (302 yönlendirme -> /).
2026-07-20 20:56:52,264 INFO Kategori/marka tablosu hazır: 655 kategori, 3319 marka bulundu.
2026-07-20 20:56:52,478 INFO [UserId=7982] Sayfa 1: 50 ürün alındı. (Toplam: 605)
2026-07-20 20:56:52,687 INFO [UserId=7982] Sayfa 2: 50 ürün alındı. (Toplam: 605)
2026-07-20 20:56:52,907 INFO [UserId=7982] Sayfa 3: 50 ürün alındı. (Toplam: 605)
2026-07-20 20:56:53,116 INFO [UserId=7982] Sayfa 4: 50 ürün alındı. (Toplam: 605)
2026-07-20 20:56:53,317 INFO [UserId=7982] Sayfa 5: 50 ürün alındı. (Toplam: 605)
2026-07-20 20:56:53,518 INFO [UserId=7982] Sayfa 6: 50 ürün alındı. (Toplam: 605)
2026-07-20 20:56:53,726 INFO [UserId=7982] Sayfa 7: 50 ürün alındı. (Toplam: 605)
2026-07-20 20:56:53,932 INFO [UserId=7982] Sayfa 8: 50 ürün alındı. (Toplam: 605)
2026-07-20 20:56:54,137 INFO [UserId=7982] Sayfa 9: 50 ürün alındı. (Toplam: 605)
2026-07-20 20:56:54,344 INFO [UserId=7982] Sayfa 10: 50 ürün alındı. (Toplam: 605)
2026-07-20 20:56:54,545 INFO [UserId=7982] Sayfa 11: 50 ürün alındı. (Toplam: 605)
2026-07-20 20:56:54,755 INFO [UserId=7982] Sayfa 12: 50 ürün alındı. (Toplam: 605)
2026-07-20 20:56:54,927 INFO [UserId=7982] Sayfa 13: 5 ürün alındı. (Toplam: 605)
2026-07-20 20:56:54,928 INFO [UserId=7982] Toplam 605 ürün çekildi.
2026-07-20 20:56:55,139 INFO [UserId=16982] Sayfa 1: 50 ürün alındı. (Toplam: 762)
2026-07-20 20:56:55,357 INFO [UserId=16982] Sayfa 2: 50 ürün alındı. (Toplam: 762)
2026-07-20 20:56:55,574 INFO [UserId=16982] Sayfa 3: 50 ürün alındı. (Toplam: 762)
2026-07-20 20:56:55,779 INFO [UserId=16982] Sayfa 4: 50 ürün alındı. (Toplam: 762)
2026-07-20 20:56:55,969 INFO [UserId=16982] Sayfa 5: 50 ürün alındı. (Toplam: 762)
2026-07-20 20:56:56,180 INFO [UserId=16982] Sayfa 6: 50 ürün alındı. (Toplam: 762)
2026-07-20 20:56:56,386 INFO [UserId=16982] Sayfa 7: 50 ürün alındı. (Toplam: 762)
2026-07-20 20:56:56,599 INFO [UserId=16982] Sayfa 8: 50 ürün alındı. (Toplam: 762)
2026-07-20 20:56:56,807 INFO [UserId=16982] Sayfa 9: 50 ürün alındı. (Toplam: 762)
2026-07-20 20:56:57,023 INFO [UserId=16982] Sayfa 10: 50 ürün alındı. (Toplam: 762)
2026-07-20 20:56:57,243 INFO [UserId=16982] Sayfa 11: 50 ürün alındı. (Toplam: 762)
2026-07-20 20:56:57,486 INFO [UserId=16982] Sayfa 12: 50 ürün alındı. (Toplam: 762)
2026-07-20 20:56:57,688 INFO [UserId=16982] Sayfa 13: 50 ürün alındı. (Toplam: 762)
2026-07-20 20:56:57,896 INFO [UserId=16982] Sayfa 14: 50 ürün alındı. (Toplam: 762)
2026-07-20 20:56:58,114 INFO [UserId=16982] Sayfa 15: 50 ürün alındı. (Toplam: 762)
2026-07-20 20:56:58,292 INFO [UserId=16982] Sayfa 16: 12 ürün alındı. (Toplam: 762)
2026-07-20 20:56:58,292 INFO [UserId=16982] Toplam 762 ürün çekildi.
2026-07-20 20:56:58,480 INFO [UserId=19598] Sayfa 1: 50 ürün alındı. (Toplam: 364)
2026-07-20 20:56:58,673 INFO [UserId=19598] Sayfa 2: 50 ürün alındı. (Toplam: 364)
2026-07-20 20:56:58,856 INFO [UserId=19598] Sayfa 3: 50 ürün alındı. (Toplam: 364)
2026-07-20 20:56:59,041 INFO [UserId=19598] Sayfa 4: 50 ürün alındı. (Toplam: 364)
2026-07-20 20:56:59,220 INFO [UserId=19598] Sayfa 5: 50 ürün alındı. (Toplam: 364)
2026-07-20 20:56:59,414 INFO [UserId=19598] Sayfa 6: 50 ürün alındı. (Toplam: 364)
2026-07-20 20:56:59,620 INFO [UserId=19598] Sayfa 7: 50 ürün alındı. (Toplam: 364)
2026-07-20 20:56:59,787 INFO [UserId=19598] Sayfa 8: 14 ürün alındı. (Toplam: 364)
2026-07-20 20:56:59,787 INFO [UserId=19598] Toplam 364 ürün çekildi.
2026-07-20 20:56:59,999 INFO [UserId=21144] Sayfa 1: 50 ürün alındı. (Toplam: 389)
2026-07-20 20:57:00,212 INFO [UserId=21144] Sayfa 2: 50 ürün alındı. (Toplam: 389)
2026-07-20 20:57:00,412 INFO [UserId=21144] Sayfa 3: 50 ürün alındı. (Toplam: 389)
2026-07-20 20:57:00,619 INFO [UserId=21144] Sayfa 4: 50 ürün alındı. (Toplam: 389)
2026-07-20 20:57:00,836 INFO [UserId=21144] Sayfa 5: 50 ürün alındı. (Toplam: 389)
2026-07-20 20:57:01,042 INFO [UserId=21144] Sayfa 6: 50 ürün alındı. (Toplam: 389)
2026-07-20 20:57:01,246 INFO [UserId=21144] Sayfa 7: 50 ürün alındı. (Toplam: 389)
2026-07-20 20:57:01,440 INFO [UserId=21144] Sayfa 8: 39 ürün alındı. (Toplam: 389)
2026-07-20 20:57:01,441 INFO [UserId=21144] Toplam 389 ürün çekildi.
2026-07-20 20:57:01,655 INFO [UserId=184] Sayfa 1: 50 ürün alındı. (Toplam: 473)
2026-07-20 20:57:01,860 INFO [UserId=184] Sayfa 2: 50 ürün alındı. (Toplam: 473)
2026-07-20 20:57:02,075 INFO [UserId=184] Sayfa 3: 50 ürün alındı. (Toplam: 473)
2026-07-20 20:57:02,282 INFO [UserId=184] Sayfa 4: 50 ürün alındı. (Toplam: 473)
2026-07-20 20:57:02,492 INFO [UserId=184] Sayfa 5: 50 ürün alındı. (Toplam: 473)
2026-07-20 20:57:02,721 INFO [UserId=184] Sayfa 6: 50 ürün alındı. (Toplam: 473)
2026-07-20 20:57:02,960 INFO [UserId=184] Sayfa 7: 50 ürün alındı. (Toplam: 473)
2026-07-20 20:57:03,167 INFO [UserId=184] Sayfa 8: 50 ürün alındı. (Toplam: 473)
2026-07-20 20:57:03,380 INFO [UserId=184] Sayfa 9: 50 ürün alındı. (Toplam: 473)
2026-07-20 20:57:03,553 INFO [UserId=184] Sayfa 10: 23 ürün alındı. (Toplam: 473)
2026-07-20 20:57:03,554 INFO [UserId=184] Toplam 473 ürün çekildi.
2026-07-20 20:57:03,748 INFO [UserId=1735] Sayfa 1: 50 ürün alındı. (Toplam: 318)
2026-07-20 20:57:03,958 INFO [UserId=1735] Sayfa 2: 50 ürün alındı. (Toplam: 318)
2026-07-20 20:57:04,156 INFO [UserId=1735] Sayfa 3: 50 ürün alındı. (Toplam: 318)
2026-07-20 20:57:04,355 INFO [UserId=1735] Sayfa 4: 50 ürün alındı. (Toplam: 318)
2026-07-20 20:57:04,566 INFO [UserId=1735] Sayfa 5: 50 ürün alındı. (Toplam: 318)
2026-07-20 20:57:04,759 INFO [UserId=1735] Sayfa 6: 50 ürün alındı. (Toplam: 318)
2026-07-20 20:57:04,929 INFO [UserId=1735] Sayfa 7: 18 ürün alındı. (Toplam: 318)
2026-07-20 20:57:04,929 INFO [UserId=1735] Toplam 318 ürün çekildi.
2026-07-20 20:57:05,143 INFO [UserId=11197] Sayfa 1: 50 ürün alındı. (Toplam: 197)
2026-07-20 20:57:05,343 INFO [UserId=11197] Sayfa 2: 50 ürün alındı. (Toplam: 197)
2026-07-20 20:57:05,538 INFO [UserId=11197] Sayfa 3: 50 ürün alındı. (Toplam: 197)
2026-07-20 20:57:05,736 INFO [UserId=11197] Sayfa 4: 47 ürün alındı. (Toplam: 197)
2026-07-20 20:57:05,736 INFO [UserId=11197] Toplam 197 ürün çekildi.
2026-07-20 20:57:05,941 INFO [UserId=759] Sayfa 1: 50 ürün alındı. (Toplam: 378)
2026-07-20 20:57:06,137 INFO [UserId=759] Sayfa 2: 50 ürün alındı. (Toplam: 378)
2026-07-20 20:57:06,333 INFO [UserId=759] Sayfa 3: 50 ürün alındı. (Toplam: 378)
2026-07-20 20:57:06,542 INFO [UserId=759] Sayfa 4: 50 ürün alındı. (Toplam: 378)
2026-07-20 20:57:06,759 INFO [UserId=759] Sayfa 5: 50 ürün alındı. (Toplam: 378)
2026-07-20 20:57:06,966 INFO [UserId=759] Sayfa 6: 50 ürün alındı. (Toplam: 378)
2026-07-20 20:57:07,176 INFO [UserId=759] Sayfa 7: 50 ürün alındı. (Toplam: 378)
2026-07-20 20:57:07,360 INFO [UserId=759] Sayfa 8: 28 ürün alındı. (Toplam: 378)
2026-07-20 20:57:07,360 INFO [UserId=759] Toplam 378 ürün çekildi.
2026-07-20 20:57:07,577 INFO [UserId=18] Sayfa 1: 50 ürün alındı. (Toplam: 1046)
2026-07-20 20:57:07,797 INFO [UserId=18] Sayfa 2: 50 ürün alındı. (Toplam: 1046)
2026-07-20 20:57:08,013 INFO [UserId=18] Sayfa 3: 50 ürün alındı. (Toplam: 1046)
2026-07-20 20:57:08,228 INFO [UserId=18] Sayfa 4: 50 ürün alındı. (Toplam: 1046)
2026-07-20 20:57:08,491 INFO [UserId=18] Sayfa 5: 50 ürün alındı. (Toplam: 1046)
2026-07-20 20:57:08,708 INFO [UserId=18] Sayfa 6: 50 ürün alındı. (Toplam: 1046)
2026-07-20 20:57:08,917 INFO [UserId=18] Sayfa 7: 50 ürün alındı. (Toplam: 1046)
2026-07-20 20:57:09,132 INFO [UserId=18] Sayfa 8: 50 ürün alındı. (Toplam: 1046)
2026-07-20 20:57:09,349 INFO [UserId=18] Sayfa 9: 50 ürün alındı. (Toplam: 1046)
2026-07-20 20:57:09,562 INFO [UserId=18] Sayfa 10: 50 ürün alındı. (Toplam: 1046)
2026-07-20 20:57:09,773 INFO [UserId=18] Sayfa 11: 50 ürün alındı. (Toplam: 1046)
2026-07-20 20:57:10,012 INFO [UserId=18] Sayfa 12: 50 ürün alındı. (Toplam: 1046)
2026-07-20 20:57:10,268 INFO [UserId=18] Sayfa 13: 50 ürün alındı. (Toplam: 1046)
2026-07-20 20:57:10,502 INFO [UserId=18] Sayfa 14: 50 ürün alındı. (Toplam: 1046)
2026-07-20 20:57:10,719 INFO [UserId=18] Sayfa 15: 50 ürün alındı. (Toplam: 1046)
2026-07-20 20:57:10,941 INFO [UserId=18] Sayfa 16: 50 ürün alındı. (Toplam: 1046)
2026-07-20 20:57:11,152 INFO [UserId=18] Sayfa 17: 50 ürün alındı. (Toplam: 1046)
2026-07-20 20:57:11,379 INFO [UserId=18] Sayfa 18: 50 ürün alındı. (Toplam: 1046)
2026-07-20 20:57:11,597 INFO [UserId=18] Sayfa 19: 50 ürün alındı. (Toplam: 1046)
2026-07-20 20:57:11,802 INFO [UserId=18] Sayfa 20: 50 ürün alındı. (Toplam: 1046)
2026-07-20 20:57:12,008 INFO [UserId=18] Sayfa 21: 46 ürün alındı. (Toplam: 1046)
2026-07-20 20:57:12,008 INFO [UserId=18] Toplam 1046 ürün çekildi.
2026-07-20 20:57:12,045 INFO Varyantlı XML feed yazıldı: docs/ecza1-feed.xml (4532 satır / varyant)
2026-07-20 20:57:12,048 INFO Tüm mağazalar için senkronizasyon tamamlandı.
2026-07-21 00:15:54,622 INFO Giriş başarılı (302 yönlendirme -> /).
2026-07-21 00:16:50,871 INFO Kategori/marka tablosu hazır: 655 kategori, 3319 marka bulundu.
2026-07-21 00:16:51,098 INFO [UserId=7982] Sayfa 1: 50 ürün alındı. (Toplam: 605)
2026-07-21 00:16:51,326 INFO [UserId=7982] Sayfa 2: 50 ürün alındı. (Toplam: 605)
2026-07-21 00:16:51,556 INFO [UserId=7982] Sayfa 3: 50 ürün alındı. (Toplam: 605)
2026-07-21 00:16:51,779 INFO [UserId=7982] Sayfa 4: 50 ürün alındı. (Toplam: 605)
2026-07-21 00:16:52,000 INFO [UserId=7982] Sayfa 5: 50 ürün alındı. (Toplam: 605)
2026-07-21 00:16:52,224 INFO [UserId=7982] Sayfa 6: 50 ürün alındı. (Toplam: 605)
2026-07-21 00:16:52,461 INFO [UserId=7982] Sayfa 7: 50 ürün alındı. (Toplam: 605)
2026-07-21 00:16:52,686 INFO [UserId=7982] Sayfa 8: 50 ürün alındı. (Toplam: 605)
2026-07-21 00:16:52,922 INFO [UserId=7982] Sayfa 9: 50 ürün alındı. (Toplam: 605)
2026-07-21 00:16:53,153 INFO [UserId=7982] Sayfa 10: 50 ürün alındı. (Toplam: 605)
2026-07-21 00:16:53,371 INFO [UserId=7982] Sayfa 11: 50 ürün alındı. (Toplam: 605)
2026-07-21 00:16:53,603 INFO [UserId=7982] Sayfa 12: 50 ürün alındı. (Toplam: 605)
2026-07-21 00:16:53,791 INFO [UserId=7982] Sayfa 13: 5 ürün alındı. (Toplam: 605)
2026-07-21 00:16:53,791 INFO [UserId=7982] Toplam 605 ürün çekildi.
2026-07-21 00:16:54,021 INFO [UserId=16982] Sayfa 1: 50 ürün alındı. (Toplam: 762)
2026-07-21 00:16:54,253 INFO [UserId=16982] Sayfa 2: 50 ürün alındı. (Toplam: 762)
2026-07-21 00:16:54,485 INFO [UserId=16982] Sayfa 3: 50 ürün alındı. (Toplam: 762)
2026-07-21 00:16:54,715 INFO [UserId=16982] Sayfa 4: 50 ürün alındı. (Toplam: 762)
2026-07-21 00:16:54,925 INFO [UserId=16982] Sayfa 5: 50 ürün alındı. (Toplam: 762)
2026-07-21 00:16:55,159 INFO [UserId=16982] Sayfa 6: 50 ürün alındı. (Toplam: 762)
2026-07-21 00:16:55,386 INFO [UserId=16982] Sayfa 7: 50 ürün alındı. (Toplam: 762)
2026-07-21 00:16:55,625 INFO [UserId=16982] Sayfa 8: 50 ürün alındı. (Toplam: 762)
2026-07-21 00:16:55,858 INFO [UserId=16982] Sayfa 9: 50 ürün alındı. (Toplam: 762)
2026-07-21 00:16:56,089 INFO [UserId=16982] Sayfa 10: 50 ürün alındı. (Toplam: 762)
2026-07-21 00:16:56,330 INFO [UserId=16982] Sayfa 11: 50 ürün alındı. (Toplam: 762)
2026-07-21 00:16:56,588 INFO [UserId=16982] Sayfa 12: 50 ürün alındı. (Toplam: 762)
2026-07-21 00:16:56,815 INFO [UserId=16982] Sayfa 13: 50 ürün alındı. (Toplam: 762)
2026-07-21 00:16:57,037 INFO [UserId=16982] Sayfa 14: 50 ürün alındı. (Toplam: 762)
2026-07-21 00:16:57,271 INFO [UserId=16982] Sayfa 15: 50 ürün alındı. (Toplam: 762)
2026-07-21 00:16:57,464 INFO [UserId=16982] Sayfa 16: 12 ürün alındı. (Toplam: 762)
2026-07-21 00:16:57,464 INFO [UserId=16982] Toplam 762 ürün çekildi.
2026-07-21 00:16:57,676 INFO [UserId=19598] Sayfa 1: 50 ürün alındı. (Toplam: 364)
2026-07-21 00:16:57,995 INFO [UserId=19598] Sayfa 2: 50 ürün alındı. (Toplam: 364)
2026-07-21 00:16:58,208 INFO [UserId=19598] Sayfa 3: 50 ürün alındı. (Toplam: 364)
2026-07-21 00:16:58,416 INFO [UserId=19598] Sayfa 4: 50 ürün alındı. (Toplam: 364)
2026-07-21 00:16:58,620 INFO [UserId=19598] Sayfa 5: 50 ürün alındı. (Toplam: 364)
2026-07-21 00:16:58,834 INFO [UserId=19598] Sayfa 6: 50 ürün alındı. (Toplam: 364)
2026-07-21 00:16:59,055 INFO [UserId=19598] Sayfa 7: 50 ürün alındı. (Toplam: 364)
2026-07-21 00:16:59,246 INFO [UserId=19598] Sayfa 8: 14 ürün alındı. (Toplam: 364)
2026-07-21 00:16:59,246 INFO [UserId=19598] Toplam 364 ürün çekildi.
2026-07-21 00:16:59,477 INFO [UserId=21144] Sayfa 1: 50 ürün alındı. (Toplam: 389)
2026-07-21 00:16:59,700 INFO [UserId=21144] Sayfa 2: 50 ürün alındı. (Toplam: 389)
2026-07-21 00:16:59,924 INFO [UserId=21144] Sayfa 3: 50 ürün alındı. (Toplam: 389)
2026-07-21 00:17:00,154 INFO [UserId=21144] Sayfa 4: 50 ürün alındı. (Toplam: 389)
2026-07-21 00:17:00,399 INFO [UserId=21144] Sayfa 5: 50 ürün alındı. (Toplam: 389)
2026-07-21 00:17:00,636 INFO [UserId=21144] Sayfa 6: 50 ürün alındı. (Toplam: 389)
2026-07-21 00:17:00,864 INFO [UserId=21144] Sayfa 7: 50 ürün alındı. (Toplam: 389)
2026-07-21 00:17:01,073 INFO [UserId=21144] Sayfa 8: 39 ürün alındı. (Toplam: 389)
2026-07-21 00:17:01,074 INFO [UserId=21144] Toplam 389 ürün çekildi.
2026-07-21 00:17:01,303 INFO [UserId=184] Sayfa 1: 50 ürün alındı. (Toplam: 473)
2026-07-21 00:17:01,526 INFO [UserId=184] Sayfa 2: 50 ürün alındı. (Toplam: 473)
2026-07-21 00:17:01,752 INFO [UserId=184] Sayfa 3: 50 ürün alındı. (Toplam: 473)
2026-07-21 00:17:01,987 INFO [UserId=184] Sayfa 4: 50 ürün alındı. (Toplam: 473)
2026-07-21 00:17:02,269 INFO [UserId=184] Sayfa 5: 50 ürün alındı. (Toplam: 473)
2026-07-21 00:17:02,519 INFO [UserId=184] Sayfa 6: 50 ürün alındı. (Toplam: 473)
2026-07-21 00:17:02,777 INFO [UserId=184] Sayfa 7: 50 ürün alındı. (Toplam: 473)
2026-07-21 00:17:03,003 INFO [UserId=184] Sayfa 8: 50 ürün alındı. (Toplam: 473)
2026-07-21 00:17:03,241 INFO [UserId=184] Sayfa 9: 50 ürün alındı. (Toplam: 473)
2026-07-21 00:17:03,440 INFO [UserId=184] Sayfa 10: 23 ürün alındı. (Toplam: 473)
2026-07-21 00:17:03,440 INFO [UserId=184] Toplam 473 ürün çekildi.
2026-07-21 00:17:03,653 INFO [UserId=1735] Sayfa 1: 50 ürün alındı. (Toplam: 318)
2026-07-21 00:17:03,888 INFO [UserId=1735] Sayfa 2: 50 ürün alındı. (Toplam: 318)
2026-07-21 00:17:04,113 INFO [UserId=1735] Sayfa 3: 50 ürün alındı. (Toplam: 318)
2026-07-21 00:17:04,342 INFO [UserId=1735] Sayfa 4: 50 ürün alındı. (Toplam: 318)
2026-07-21 00:17:04,578 INFO [UserId=1735] Sayfa 5: 50 ürün alındı. (Toplam: 318)
2026-07-21 00:17:04,792 INFO [UserId=1735] Sayfa 6: 50 ürün alındı. (Toplam: 318)
2026-07-21 00:17:04,978 INFO [UserId=1735] Sayfa 7: 18 ürün alındı. (Toplam: 318)
2026-07-21 00:17:04,978 INFO [UserId=1735] Toplam 318 ürün çekildi.
2026-07-21 00:17:05,203 INFO [UserId=11197] Sayfa 1: 50 ürün alındı. (Toplam: 197)
2026-07-21 00:17:05,426 INFO [UserId=11197] Sayfa 2: 50 ürün alındı. (Toplam: 197)
2026-07-21 00:17:05,644 INFO [UserId=11197] Sayfa 3: 50 ürün alındı. (Toplam: 197)
2026-07-21 00:17:05,860 INFO [UserId=11197] Sayfa 4: 47 ürün alındı. (Toplam: 197)
2026-07-21 00:17:05,860 INFO [UserId=11197] Toplam 197 ürün çekildi.
2026-07-21 00:17:06,084 INFO [UserId=759] Sayfa 1: 50 ürün alındı. (Toplam: 378)
2026-07-21 00:17:06,302 INFO [UserId=759] Sayfa 2: 50 ürün alındı. (Toplam: 378)
2026-07-21 00:17:06,531 INFO [UserId=759] Sayfa 3: 50 ürün alındı. (Toplam: 378)
2026-07-21 00:17:06,759 INFO [UserId=759] Sayfa 4: 50 ürün alındı. (Toplam: 378)
2026-07-21 00:17:06,995 INFO [UserId=759] Sayfa 5: 50 ürün alındı. (Toplam: 378)
2026-07-21 00:17:07,219 INFO [UserId=759] Sayfa 6: 50 ürün alındı. (Toplam: 378)
2026-07-21 00:17:07,441 INFO [UserId=759] Sayfa 7: 50 ürün alındı. (Toplam: 378)
2026-07-21 00:17:07,644 INFO [UserId=759] Sayfa 8: 28 ürün alındı. (Toplam: 378)
2026-07-21 00:17:07,644 INFO [UserId=759] Toplam 378 ürün çekildi.
2026-07-21 00:17:07,885 INFO [UserId=18] Sayfa 1: 50 ürün alındı. (Toplam: 1046)
2026-07-21 00:17:08,124 INFO [UserId=18] Sayfa 2: 50 ürün alındı. (Toplam: 1046)
2026-07-21 00:17:08,360 INFO [UserId=18] Sayfa 3: 50 ürün alındı. (Toplam: 1046)
2026-07-21 00:17:08,600 INFO [UserId=18] Sayfa 4: 50 ürün alındı. (Toplam: 1046)
2026-07-21 00:17:08,827 INFO [UserId=18] Sayfa 5: 50 ürün alındı. (Toplam: 1046)
2026-07-21 00:17:09,063 INFO [UserId=18] Sayfa 6: 50 ürün alındı. (Toplam: 1046)
2026-07-21 00:17:09,290 INFO [UserId=18] Sayfa 7: 50 ürün alındı. (Toplam: 1046)
2026-07-21 00:17:09,525 INFO [UserId=18] Sayfa 8: 50 ürün alındı. (Toplam: 1046)
2026-07-21 00:17:09,780 INFO [UserId=18] Sayfa 9: 50 ürün alındı. (Toplam: 1046)
2026-07-21 00:17:10,014 INFO [UserId=18] Sayfa 10: 50 ürün alındı. (Toplam: 1046)
2026-07-21 00:17:10,245 INFO [UserId=18] Sayfa 11: 50 ürün alındı. (Toplam: 1046)
2026-07-21 00:17:10,512 INFO [UserId=18] Sayfa 12: 50 ürün alındı. (Toplam: 1046)
2026-07-21 00:17:10,780 INFO [UserId=18] Sayfa 13: 50 ürün alındı. (Toplam: 1046)
2026-07-21 00:17:11,036 INFO [UserId=18] Sayfa 14: 50 ürün alındı. (Toplam: 1046)
2026-07-21 00:17:11,283 INFO [UserId=18] Sayfa 15: 50 ürün alındı. (Toplam: 1046)
2026-07-21 00:17:11,527 INFO [UserId=18] Sayfa 16: 50 ürün alındı. (Toplam: 1046)
2026-07-21 00:17:11,758 INFO [UserId=18] Sayfa 17: 50 ürün alındı. (Toplam: 1046)
2026-07-21 00:17:12,002 INFO [UserId=18] Sayfa 18: 50 ürün alındı. (Toplam: 1046)
2026-07-21 00:17:12,246 INFO [UserId=18] Sayfa 19: 50 ürün alındı. (Toplam: 1046)
2026-07-21 00:17:12,475 INFO [UserId=18] Sayfa 20: 50 ürün alındı. (Toplam: 1046)
2026-07-21 00:17:12,708 INFO [UserId=18] Sayfa 21: 46 ürün alındı. (Toplam: 1046)
2026-07-21 00:17:12,708 INFO [UserId=18] Toplam 1046 ürün çekildi.
2026-07-21 00:17:12,745 INFO Varyantlı XML feed yazıldı: docs/ecza1-feed.xml (4532 satır / varyant)
2026-07-21 00:17:12,747 INFO Tüm mağazalar için senkronizasyon tamamlandı.
2026-07-21 10:08:44,745 INFO Giriş başarılı (302 yönlendirme -> /).
2026-07-21 10:10:00,705 INFO Kategori/marka tablosu hazır: 658 kategori, 3325 marka bulundu.
2026-07-21 10:10:01,065 INFO [UserId=7982] Sayfa 1: 50 ürün alındı. (Toplam: 605)
2026-07-21 10:10:01,379 INFO [UserId=7982] Sayfa 2: 50 ürün alındı. (Toplam: 605)
2026-07-21 10:10:01,603 INFO [UserId=7982] Sayfa 3: 50 ürün alındı. (Toplam: 605)
2026-07-21 10:10:01,834 INFO [UserId=7982] Sayfa 4: 50 ürün alındı. (Toplam: 605)
2026-07-21 10:10:02,046 INFO [UserId=7982] Sayfa 5: 50 ürün alındı. (Toplam: 605)
2026-07-21 10:10:02,286 INFO [UserId=7982] Sayfa 6: 50 ürün alındı. (Toplam: 605)
2026-07-21 10:10:02,544 INFO [UserId=7982] Sayfa 7: 50 ürün alındı. (Toplam: 605)
2026-07-21 10:10:02,767 INFO [UserId=7982] Sayfa 8: 50 ürün alındı. (Toplam: 605)
2026-07-21 10:10:02,998 INFO [UserId=7982] Sayfa 9: 50 ürün alındı. (Toplam: 605)
2026-07-21 10:10:03,212 INFO [UserId=7982] Sayfa 10: 50 ürün alındı. (Toplam: 605)
2026-07-21 10:10:03,429 INFO [UserId=7982] Sayfa 11: 50 ürün alındı. (Toplam: 605)
2026-07-21 10:10:03,688 INFO [UserId=7982] Sayfa 12: 50 ürün alındı. (Toplam: 605)
2026-07-21 10:10:03,868 INFO [UserId=7982] Sayfa 13: 5 ürün alındı. (Toplam: 605)
2026-07-21 10:10:03,868 INFO [UserId=7982] Toplam 605 ürün çekildi.
2026-07-21 10:10:04,163 INFO [UserId=16982] Sayfa 1: 50 ürün alındı. (Toplam: 760)
2026-07-21 10:10:04,387 INFO [UserId=16982] Sayfa 2: 50 ürün alındı. (Toplam: 760)
2026-07-21 10:10:04,677 INFO [UserId=16982] Sayfa 3: 50 ürün alındı. (Toplam: 760)
2026-07-21 10:10:04,905 INFO [UserId=16982] Sayfa 4: 50 ürün alındı. (Toplam: 760)
2026-07-21 10:10:05,111 INFO [UserId=16982] Sayfa 5: 50 ürün alındı. (Toplam: 760)
2026-07-21 10:10:05,353 INFO [UserId=16982] Sayfa 6: 50 ürün alındı. (Toplam: 760)
2026-07-21 10:10:05,570 INFO [UserId=16982] Sayfa 7: 50 ürün alındı. (Toplam: 760)
2026-07-21 10:10:05,803 INFO [UserId=16982] Sayfa 8: 50 ürün alındı. (Toplam: 760)
2026-07-21 10:10:06,241 INFO [UserId=16982] Sayfa 9: 50 ürün alındı. (Toplam: 760)
2026-07-21 10:10:06,477 INFO [UserId=16982] Sayfa 10: 50 ürün alındı. (Toplam: 760)
2026-07-21 10:10:06,714 INFO [UserId=16982] Sayfa 11: 50 ürün alındı. (Toplam: 760)
2026-07-21 10:10:06,979 INFO [UserId=16982] Sayfa 12: 50 ürün alındı. (Toplam: 760)
2026-07-21 10:10:07,195 INFO [UserId=16982] Sayfa 13: 50 ürün alındı. (Toplam: 760)
2026-07-21 10:10:07,603 INFO [UserId=16982] Sayfa 14: 50 ürün alındı. (Toplam: 760)
2026-07-21 10:10:07,838 INFO [UserId=16982] Sayfa 15: 50 ürün alındı. (Toplam: 760)
2026-07-21 10:10:08,024 INFO [UserId=16982] Sayfa 16: 10 ürün alındı. (Toplam: 760)
2026-07-21 10:10:08,024 INFO [UserId=16982] Toplam 760 ürün çekildi.
2026-07-21 10:10:08,235 INFO [UserId=19598] Sayfa 1: 50 ürün alındı. (Toplam: 363)
2026-07-21 10:10:08,442 INFO [UserId=19598] Sayfa 2: 50 ürün alındı. (Toplam: 363)
2026-07-21 10:10:08,697 INFO [UserId=19598] Sayfa 3: 50 ürün alındı. (Toplam: 363)
2026-07-21 10:10:08,944 INFO [UserId=19598] Sayfa 4: 50 ürün alındı. (Toplam: 363)
2026-07-21 10:10:09,141 INFO [UserId=19598] Sayfa 5: 50 ürün alındı. (Toplam: 363)
2026-07-21 10:10:09,356 INFO [UserId=19598] Sayfa 6: 50 ürün alındı. (Toplam: 363)
2026-07-21 10:10:09,601 INFO [UserId=19598] Sayfa 7: 50 ürün alındı. (Toplam: 363)
2026-07-21 10:10:09,785 INFO [UserId=19598] Sayfa 8: 13 ürün alındı. (Toplam: 363)
2026-07-21 10:10:09,785 INFO [UserId=19598] Toplam 363 ürün çekildi.
2026-07-21 10:10:10,019 INFO [UserId=21144] Sayfa 1: 50 ürün alındı. (Toplam: 388)
2026-07-21 10:10:10,246 INFO [UserId=21144] Sayfa 2: 50 ürün alındı. (Toplam: 388)
2026-07-21 10:10:10,460 INFO [UserId=21144] Sayfa 3: 50 ürün alındı. (Toplam: 388)
2026-07-21 10:10:10,678 INFO [UserId=21144] Sayfa 4: 50 ürün alındı. (Toplam: 388)
2026-07-21 10:10:10,926 INFO [UserId=21144] Sayfa 5: 50 ürün alındı. (Toplam: 388)
2026-07-21 10:10:11,154 INFO [UserId=21144] Sayfa 6: 50 ürün alındı. (Toplam: 388)
2026-07-21 10:10:11,368 INFO [UserId=21144] Sayfa 7: 50 ürün alındı. (Toplam: 388)
2026-07-21 10:10:11,584 INFO [UserId=21144] Sayfa 8: 38 ürün alındı. (Toplam: 388)
2026-07-21 10:10:11,584 INFO [UserId=21144] Toplam 388 ürün çekildi.
2026-07-21 10:10:11,817 INFO [UserId=184] Sayfa 1: 50 ürün alındı. (Toplam: 469)
2026-07-21 10:10:12,046 INFO [UserId=184] Sayfa 2: 50 ürün alındı. (Toplam: 469)
2026-07-21 10:10:12,349 INFO [UserId=184] Sayfa 3: 50 ürün alındı. (Toplam: 469)
2026-07-21 10:10:12,615 INFO [UserId=184] Sayfa 4: 50 ürün alındı. (Toplam: 469)
2026-07-21 10:10:12,843 INFO [UserId=184] Sayfa 5: 50 ürün alındı. (Toplam: 469)
2026-07-21 10:10:13,095 INFO [UserId=184] Sayfa 6: 50 ürün alındı. (Toplam: 469)
2026-07-21 10:10:13,391 INFO [UserId=184] Sayfa 7: 50 ürün alındı. (Toplam: 469)
2026-07-21 10:10:13,660 INFO [UserId=184] Sayfa 8: 50 ürün alındı. (Toplam: 469)
2026-07-21 10:10:13,936 INFO [UserId=184] Sayfa 9: 50 ürün alındı. (Toplam: 469)
2026-07-21 10:10:14,190 INFO [UserId=184] Sayfa 10: 19 ürün alındı. (Toplam: 469)
2026-07-21 10:10:14,190 INFO [UserId=184] Toplam 469 ürün çekildi.
2026-07-21 10:10:14,408 INFO [UserId=1735] Sayfa 1: 50 ürün alındı. (Toplam: 315)
2026-07-21 10:10:14,624 INFO [UserId=1735] Sayfa 2: 50 ürün alındı. (Toplam: 315)
2026-07-21 10:10:14,839 INFO [UserId=1735] Sayfa 3: 50 ürün alındı. (Toplam: 315)
2026-07-21 10:10:15,086 INFO [UserId=1735] Sayfa 4: 50 ürün alındı. (Toplam: 315)
2026-07-21 10:10:15,316 INFO [UserId=1735] Sayfa 5: 50 ürün alındı. (Toplam: 315)
2026-07-21 10:10:15,541 INFO [UserId=1735] Sayfa 6: 50 ürün alındı. (Toplam: 315)
2026-07-21 10:10:15,754 INFO [UserId=1735] Sayfa 7: 15 ürün alındı. (Toplam: 315)
2026-07-21 10:10:15,755 INFO [UserId=1735] Toplam 315 ürün çekildi.
2026-07-21 10:10:15,998 INFO [UserId=11197] Sayfa 1: 50 ürün alındı. (Toplam: 199)
2026-07-21 10:10:16,222 INFO [UserId=11197] Sayfa 2: 50 ürün alındı. (Toplam: 199)
2026-07-21 10:10:16,447 INFO [UserId=11197] Sayfa 3: 50 ürün alındı. (Toplam: 199)
2026-07-21 10:10:16,674 INFO [UserId=11197] Sayfa 4: 49 ürün alındı. (Toplam: 199)
2026-07-21 10:10:16,674 INFO [UserId=11197] Toplam 199 ürün çekildi.
2026-07-21 10:10:16,894 INFO [UserId=759] Sayfa 1: 50 ürün alındı. (Toplam: 377)
2026-07-21 10:10:17,176 INFO [UserId=759] Sayfa 2: 50 ürün alındı. (Toplam: 377)
2026-07-21 10:10:17,395 INFO [UserId=759] Sayfa 3: 50 ürün alındı. (Toplam: 377)
2026-07-21 10:10:17,621 INFO [UserId=759] Sayfa 4: 50 ürün alındı. (Toplam: 377)
2026-07-21 10:10:17,946 INFO [UserId=759] Sayfa 5: 50 ürün alındı. (Toplam: 377)
2026-07-21 10:10:18,167 INFO [UserId=759] Sayfa 6: 50 ürün alındı. (Toplam: 377)
2026-07-21 10:10:18,391 INFO [UserId=759] Sayfa 7: 50 ürün alındı. (Toplam: 377)
2026-07-21 10:10:18,640 INFO [UserId=759] Sayfa 8: 27 ürün alındı. (Toplam: 377)
2026-07-21 10:10:18,640 INFO [UserId=759] Toplam 377 ürün çekildi.
2026-07-21 10:10:18,879 INFO [UserId=18] Sayfa 1: 50 ürün alındı. (Toplam: 1051)
2026-07-21 10:10:19,125 INFO [UserId=18] Sayfa 2: 50 ürün alındı. (Toplam: 1051)
2026-07-21 10:10:19,416 INFO [UserId=18] Sayfa 3: 50 ürün alındı. (Toplam: 1051)
2026-07-21 10:10:19,657 INFO [UserId=18] Sayfa 4: 50 ürün alındı. (Toplam: 1051)
2026-07-21 10:10:19,873 INFO [UserId=18] Sayfa 5: 50 ürün alındı. (Toplam: 1051)
2026-07-21 10:10:20,104 INFO [UserId=18] Sayfa 6: 50 ürün alındı. (Toplam: 1051)
2026-07-21 10:10:20,326 INFO [UserId=18] Sayfa 7: 50 ürün alındı. (Toplam: 1051)
2026-07-21 10:10:20,566 INFO [UserId=18] Sayfa 8: 50 ürün alındı. (Toplam: 1051)
2026-07-21 10:10:20,811 INFO [UserId=18] Sayfa 9: 50 ürün alındı. (Toplam: 1051)
2026-07-21 10:10:21,042 INFO [UserId=18] Sayfa 10: 50 ürün alındı. (Toplam: 1051)
2026-07-21 10:10:21,305 INFO [UserId=18] Sayfa 11: 50 ürün alındı. (Toplam: 1051)
2026-07-21 10:10:21,569 INFO [UserId=18] Sayfa 12: 50 ürün alındı. (Toplam: 1051)
2026-07-21 10:10:21,869 INFO [UserId=18] Sayfa 13: 50 ürün alındı. (Toplam: 1051)
2026-07-21 10:10:22,127 INFO [UserId=18] Sayfa 14: 50 ürün alındı. (Toplam: 1051)
2026-07-21 10:10:22,375 INFO [UserId=18] Sayfa 15: 50 ürün alındı. (Toplam: 1051)
2026-07-21 10:10:22,606 INFO [UserId=18] Sayfa 16: 50 ürün alındı. (Toplam: 1051)
2026-07-21 10:10:22,833 INFO [UserId=18] Sayfa 17: 50 ürün alındı. (Toplam: 1051)
2026-07-21 10:10:23,067 INFO [UserId=18] Sayfa 18: 50 ürün alındı. (Toplam: 1051)
2026-07-21 10:10:23,303 INFO [UserId=18] Sayfa 19: 50 ürün alındı. (Toplam: 1051)
2026-07-21 10:10:23,564 INFO [UserId=18] Sayfa 20: 50 ürün alındı. (Toplam: 1051)
2026-07-21 10:10:23,798 INFO [UserId=18] Sayfa 21: 50 ürün alındı. (Toplam: 1051)
2026-07-21 10:10:23,986 INFO [UserId=18] Sayfa 22: 1 ürün alındı. (Toplam: 1051)
2026-07-21 10:10:23,986 INFO [UserId=18] Toplam 1051 ürün çekildi.
2026-07-21 10:10:24,019 INFO Varyantlı XML feed yazıldı: docs/ecza1-feed.xml (4527 satır / varyant)
2026-07-21 10:10:24,021 INFO Tüm mağazalar için senkronizasyon tamamlandı.
2026-07-21 16:07:28,664 INFO Giriş başarılı (302 yönlendirme -> /).
2026-07-21 16:08:25,601 INFO Kategori/marka tablosu hazır: 658 kategori, 3323 marka bulundu.
2026-07-21 16:08:25,813 INFO [UserId=7982] Sayfa 1: 50 ürün alındı. (Toplam: 613)
2026-07-21 16:08:26,023 INFO [UserId=7982] Sayfa 2: 50 ürün alındı. (Toplam: 613)
2026-07-21 16:08:26,237 INFO [UserId=7982] Sayfa 3: 50 ürün alındı. (Toplam: 613)
2026-07-21 16:08:26,446 INFO [UserId=7982] Sayfa 4: 50 ürün alındı. (Toplam: 613)
2026-07-21 16:08:26,655 INFO [UserId=7982] Sayfa 5: 50 ürün alındı. (Toplam: 613)
2026-07-21 16:08:26,865 INFO [UserId=7982] Sayfa 6: 50 ürün alındı. (Toplam: 613)
2026-07-21 16:08:27,083 INFO [UserId=7982] Sayfa 7: 50 ürün alındı. (Toplam: 613)
2026-07-21 16:08:27,297 INFO [UserId=7982] Sayfa 8: 50 ürün alındı. (Toplam: 613)
2026-07-21 16:08:27,504 INFO [UserId=7982] Sayfa 9: 50 ürün alındı. (Toplam: 613)
2026-07-21 16:08:27,708 INFO [UserId=7982] Sayfa 10: 50 ürün alındı. (Toplam: 613)
2026-07-21 16:08:27,911 INFO [UserId=7982] Sayfa 11: 50 ürün alındı. (Toplam: 613)
2026-07-21 16:08:28,119 INFO [UserId=7982] Sayfa 12: 50 ürün alındı. (Toplam: 613)
2026-07-21 16:08:28,297 INFO [UserId=7982] Sayfa 13: 13 ürün alındı. (Toplam: 613)
2026-07-21 16:08:28,297 INFO [UserId=7982] Toplam 613 ürün çekildi.
2026-07-21 16:08:28,503 INFO [UserId=16982] Sayfa 1: 50 ürün alındı. (Toplam: 757)
2026-07-21 16:08:28,712 INFO [UserId=16982] Sayfa 2: 50 ürün alındı. (Toplam: 757)
2026-07-21 16:08:28,929 INFO [UserId=16982] Sayfa 3: 50 ürün alındı. (Toplam: 757)
2026-07-21 16:08:29,145 INFO [UserId=16982] Sayfa 4: 50 ürün alındı. (Toplam: 757)
2026-07-21 16:08:29,367 INFO [UserId=16982] Sayfa 5: 50 ürün alındı. (Toplam: 757)
2026-07-21 16:08:29,573 INFO [UserId=16982] Sayfa 6: 50 ürün alındı. (Toplam: 757)
2026-07-21 16:08:29,779 INFO [UserId=16982] Sayfa 7: 50 ürün alındı. (Toplam: 757)
2026-07-21 16:08:30,007 INFO [UserId=16982] Sayfa 8: 50 ürün alındı. (Toplam: 757)
2026-07-21 16:08:30,247 INFO [UserId=16982] Sayfa 9: 50 ürün alındı. (Toplam: 757)
2026-07-21 16:08:30,466 INFO [UserId=16982] Sayfa 10: 50 ürün alındı. (Toplam: 757)
2026-07-21 16:08:30,690 INFO [UserId=16982] Sayfa 11: 50 ürün alındı. (Toplam: 757)
2026-07-21 16:08:30,932 INFO [UserId=16982] Sayfa 12: 50 ürün alındı. (Toplam: 757)
2026-07-21 16:08:31,141 INFO [UserId=16982] Sayfa 13: 50 ürün alındı. (Toplam: 757)
2026-07-21 16:08:31,351 INFO [UserId=16982] Sayfa 14: 50 ürün alındı. (Toplam: 757)
2026-07-21 16:08:31,563 INFO [UserId=16982] Sayfa 15: 50 ürün alındı. (Toplam: 757)
2026-07-21 16:08:31,736 INFO [UserId=16982] Sayfa 16: 7 ürün alındı. (Toplam: 757)
2026-07-21 16:08:31,737 INFO [UserId=16982] Toplam 757 ürün çekildi.
2026-07-21 16:08:31,928 INFO [UserId=19598] Sayfa 1: 50 ürün alındı. (Toplam: 360)
2026-07-21 16:08:32,126 INFO [UserId=19598] Sayfa 2: 50 ürün alındı. (Toplam: 360)
2026-07-21 16:08:32,316 INFO [UserId=19598] Sayfa 3: 50 ürün alındı. (Toplam: 360)
2026-07-21 16:08:32,508 INFO [UserId=19598] Sayfa 4: 50 ürün alındı. (Toplam: 360)
2026-07-21 16:08:32,691 INFO [UserId=19598] Sayfa 5: 50 ürün alındı. (Toplam: 360)
2026-07-21 16:08:32,892 INFO [UserId=19598] Sayfa 6: 50 ürün alındı. (Toplam: 360)
2026-07-21 16:08:33,097 INFO [UserId=19598] Sayfa 7: 50 ürün alındı. (Toplam: 360)
2026-07-21 16:08:33,268 INFO [UserId=19598] Sayfa 8: 10 ürün alındı. (Toplam: 360)
2026-07-21 16:08:33,268 INFO [UserId=19598] Toplam 360 ürün çekildi.
2026-07-21 16:08:33,484 INFO [UserId=21144] Sayfa 1: 50 ürün alındı. (Toplam: 384)
2026-07-21 16:08:33,702 INFO [UserId=21144] Sayfa 2: 50 ürün alındı. (Toplam: 384)
2026-07-21 16:08:33,905 INFO [UserId=21144] Sayfa 3: 50 ürün alındı. (Toplam: 384)
2026-07-21 16:08:34,115 INFO [UserId=21144] Sayfa 4: 50 ürün alındı. (Toplam: 384)
2026-07-21 16:08:34,342 INFO [UserId=21144] Sayfa 5: 50 ürün alındı. (Toplam: 384)
2026-07-21 16:08:34,555 INFO [UserId=21144] Sayfa 6: 50 ürün alındı. (Toplam: 384)
2026-07-21 16:08:34,761 INFO [UserId=21144] Sayfa 7: 50 ürün alındı. (Toplam: 384)
2026-07-21 16:08:34,955 INFO [UserId=21144] Sayfa 8: 34 ürün alındı. (Toplam: 384)
2026-07-21 16:08:34,955 INFO [UserId=21144] Toplam 384 ürün çekildi.
2026-07-21 16:08:35,170 INFO [UserId=184] Sayfa 1: 50 ürün alındı. (Toplam: 465)
2026-07-21 16:08:35,378 INFO [UserId=184] Sayfa 2: 50 ürün alındı. (Toplam: 465)
2026-07-21 16:08:35,594 INFO [UserId=184] Sayfa 3: 50 ürün alındı. (Toplam: 465)
2026-07-21 16:08:35,799 INFO [UserId=184] Sayfa 4: 50 ürün alındı. (Toplam: 465)
2026-07-21 16:08:36,020 INFO [UserId=184] Sayfa 5: 50 ürün alındı. (Toplam: 465)
2026-07-21 16:08:36,266 INFO [UserId=184] Sayfa 6: 50 ürün alındı. (Toplam: 465)
2026-07-21 16:08:36,509 INFO [UserId=184] Sayfa 7: 50 ürün alındı. (Toplam: 465)
2026-07-21 16:08:36,718 INFO [UserId=184] Sayfa 8: 50 ürün alındı. (Toplam: 465)
2026-07-21 16:08:36,932 INFO [UserId=184] Sayfa 9: 50 ürün alındı. (Toplam: 465)
2026-07-21 16:08:37,111 INFO [UserId=184] Sayfa 10: 15 ürün alındı. (Toplam: 465)
2026-07-21 16:08:37,111 INFO [UserId=184] Toplam 465 ürün çekildi.
2026-07-21 16:08:37,307 INFO [UserId=1735] Sayfa 1: 50 ürün alındı. (Toplam: 315)
2026-07-21 16:08:37,519 INFO [UserId=1735] Sayfa 2: 50 ürün alındı. (Toplam: 315)
2026-07-21 16:08:37,725 INFO [UserId=1735] Sayfa 3: 50 ürün alındı. (Toplam: 315)
2026-07-21 16:08:37,926 INFO [UserId=1735] Sayfa 4: 50 ürün alındı. (Toplam: 315)
2026-07-21 16:08:38,143 INFO [UserId=1735] Sayfa 5: 50 ürün alındı. (Toplam: 315)
2026-07-21 16:08:38,348 INFO [UserId=1735] Sayfa 6: 50 ürün alındı. (Toplam: 315)
2026-07-21 16:08:38,517 INFO [UserId=1735] Sayfa 7: 15 ürün alındı. (Toplam: 315)
2026-07-21 16:08:38,517 INFO [UserId=1735] Toplam 315 ürün çekildi.
2026-07-21 16:08:38,731 INFO [UserId=11197] Sayfa 1: 50 ürün alındı. (Toplam: 198)
2026-07-21 16:08:38,936 INFO [UserId=11197] Sayfa 2: 50 ürün alındı. (Toplam: 198)
2026-07-21 16:08:39,146 INFO [UserId=11197] Sayfa 3: 50 ürün alındı. (Toplam: 198)
2026-07-21 16:08:39,346 INFO [UserId=11197] Sayfa 4: 48 ürün alındı. (Toplam: 198)
2026-07-21 16:08:39,346 INFO [UserId=11197] Toplam 198 ürün çekildi.
2026-07-21 16:08:39,554 INFO [UserId=759] Sayfa 1: 50 ürün alındı. (Toplam: 369)
2026-07-21 16:08:39,758 INFO [UserId=759] Sayfa 2: 50 ürün alındı. (Toplam: 369)
2026-07-21 16:08:39,967 INFO [UserId=759] Sayfa 3: 50 ürün alındı. (Toplam: 369)
2026-07-21 16:08:40,195 INFO [UserId=759] Sayfa 4: 50 ürün alındı. (Toplam: 369)
2026-07-21 16:08:40,433 INFO [UserId=759] Sayfa 5: 50 ürün alındı. (Toplam: 369)
2026-07-21 16:08:40,640 INFO [UserId=759] Sayfa 6: 50 ürün alındı. (Toplam: 369)
2026-07-21 16:08:40,849 INFO [UserId=759] Sayfa 7: 50 ürün alındı. (Toplam: 369)
2026-07-21 16:08:41,026 INFO [UserId=759] Sayfa 8: 19 ürün alındı. (Toplam: 369)
2026-07-21 16:08:41,026 INFO [UserId=759] Toplam 369 ürün çekildi.
2026-07-21 16:08:41,252 INFO [UserId=18] Sayfa 1: 50 ürün alındı. (Toplam: 1048)
2026-07-21 16:08:41,488 INFO [UserId=18] Sayfa 2: 50 ürün alındı. (Toplam: 1048)
2026-07-21 16:08:41,711 INFO [UserId=18] Sayfa 3: 50 ürün alındı. (Toplam: 1048)
2026-07-21 16:08:41,986 INFO [UserId=18] Sayfa 4: 50 ürün alındı. (Toplam: 1048)
2026-07-21 16:08:42,205 INFO [UserId=18] Sayfa 5: 50 ürün alındı. (Toplam: 1048)
2026-07-21 16:08:42,434 INFO [UserId=18] Sayfa 6: 50 ürün alındı. (Toplam: 1048)
2026-07-21 16:08:42,646 INFO [UserId=18] Sayfa 7: 50 ürün alındı. (Toplam: 1048)
2026-07-21 16:08:42,862 INFO [UserId=18] Sayfa 8: 50 ürün alındı. (Toplam: 1048)
2026-07-21 16:08:43,088 INFO [UserId=18] Sayfa 9: 50 ürün alındı. (Toplam: 1048)
2026-07-21 16:08:43,301 INFO [UserId=18] Sayfa 10: 50 ürün alındı. (Toplam: 1048)
2026-07-21 16:08:43,513 INFO [UserId=18] Sayfa 11: 50 ürün alındı. (Toplam: 1048)
2026-07-21 16:08:43,761 INFO [UserId=18] Sayfa 12: 50 ürün alındı. (Toplam: 1048)
2026-07-21 16:08:44,010 INFO [UserId=18] Sayfa 13: 50 ürün alındı. (Toplam: 1048)
2026-07-21 16:08:44,245 INFO [UserId=18] Sayfa 14: 50 ürün alındı. (Toplam: 1048)
2026-07-21 16:08:44,469 INFO [UserId=18] Sayfa 15: 50 ürün alındı. (Toplam: 1048)
2026-07-21 16:08:44,706 INFO [UserId=18] Sayfa 16: 50 ürün alındı. (Toplam: 1048)
2026-07-21 16:08:44,941 INFO [UserId=18] Sayfa 17: 50 ürün alındı. (Toplam: 1048)
2026-07-21 16:08:45,283 INFO [UserId=18] Sayfa 18: 50 ürün alındı. (Toplam: 1048)
2026-07-21 16:08:45,507 INFO [UserId=18] Sayfa 19: 50 ürün alındı. (Toplam: 1048)
2026-07-21 16:08:45,721 INFO [UserId=18] Sayfa 20: 50 ürün alındı. (Toplam: 1048)
2026-07-21 16:08:45,988 INFO [UserId=18] Sayfa 21: 48 ürün alındı. (Toplam: 1048)
2026-07-21 16:08:45,988 INFO [UserId=18] Toplam 1048 ürün çekildi.
2026-07-21 16:08:46,026 INFO Varyantlı XML feed yazıldı: docs/ecza1-feed.xml (4509 satır / varyant)
2026-07-21 16:08:46,028 INFO Tüm mağazalar için senkronizasyon tamamlandı.
2026-07-21 20:51:26,929 INFO Giriş başarılı (302 yönlendirme -> /).
2026-07-21 20:52:35,019 INFO Kategori/marka tablosu hazır: 658 kategori, 3323 marka bulundu.
2026-07-21 20:52:35,299 INFO [UserId=7982] Sayfa 1: 50 ürün alındı. (Toplam: 611)
2026-07-21 20:52:35,569 INFO [UserId=7982] Sayfa 2: 50 ürün alındı. (Toplam: 611)
2026-07-21 20:52:35,845 INFO [UserId=7982] Sayfa 3: 50 ürün alındı. (Toplam: 611)
2026-07-21 20:52:36,120 INFO [UserId=7982] Sayfa 4: 50 ürün alındı. (Toplam: 611)
2026-07-21 20:52:36,386 INFO [UserId=7982] Sayfa 5: 50 ürün alındı. (Toplam: 611)
2026-07-21 20:52:36,657 INFO [UserId=7982] Sayfa 6: 50 ürün alındı. (Toplam: 611)
2026-07-21 20:52:36,933 INFO [UserId=7982] Sayfa 7: 50 ürün alındı. (Toplam: 611)
2026-07-21 20:52:37,203 INFO [UserId=7982] Sayfa 8: 50 ürün alındı. (Toplam: 611)
2026-07-21 20:52:37,480 INFO [UserId=7982] Sayfa 9: 50 ürün alındı. (Toplam: 611)
2026-07-21 20:52:37,742 INFO [UserId=7982] Sayfa 10: 50 ürün alındı. (Toplam: 611)
2026-07-21 20:52:38,004 INFO [UserId=7982] Sayfa 11: 50 ürün alındı. (Toplam: 611)
2026-07-21 20:52:38,293 INFO [UserId=7982] Sayfa 12: 50 ürün alındı. (Toplam: 611)
2026-07-21 20:52:38,533 INFO [UserId=7982] Sayfa 13: 11 ürün alındı. (Toplam: 611)
2026-07-21 20:52:38,534 INFO [UserId=7982] Toplam 611 ürün çekildi.
2026-07-21 20:52:38,812 INFO [UserId=16982] Sayfa 1: 50 ürün alındı. (Toplam: 756)
2026-07-21 20:52:39,084 INFO [UserId=16982] Sayfa 2: 50 ürün alındı. (Toplam: 756)
2026-07-21 20:52:39,401 INFO [UserId=16982] Sayfa 3: 50 ürün alındı. (Toplam: 756)
2026-07-21 20:52:39,680 INFO [UserId=16982] Sayfa 4: 50 ürün alındı. (Toplam: 756)
2026-07-21 20:52:39,942 INFO [UserId=16982] Sayfa 5: 50 ürün alındı. (Toplam: 756)
2026-07-21 20:52:40,210 INFO [UserId=16982] Sayfa 6: 50 ürün alındı. (Toplam: 756)
2026-07-21 20:52:40,481 INFO [UserId=16982] Sayfa 7: 50 ürün alındı. (Toplam: 756)
2026-07-21 20:52:40,762 INFO [UserId=16982] Sayfa 8: 50 ürün alındı. (Toplam: 756)
2026-07-21 20:52:41,051 INFO [UserId=16982] Sayfa 9: 50 ürün alındı. (Toplam: 756)
2026-07-21 20:52:41,336 INFO [UserId=16982] Sayfa 10: 50 ürün alındı. (Toplam: 756)
2026-07-21 20:52:41,623 INFO [UserId=16982] Sayfa 11: 50 ürün alındı. (Toplam: 756)
2026-07-21 20:52:41,929 INFO [UserId=16982] Sayfa 12: 50 ürün alındı. (Toplam: 756)
2026-07-21 20:52:42,203 INFO [UserId=16982] Sayfa 13: 50 ürün alındı. (Toplam: 756)
2026-07-21 20:52:42,473 INFO [UserId=16982] Sayfa 14: 50 ürün alındı. (Toplam: 756)
2026-07-21 20:52:42,749 INFO [UserId=16982] Sayfa 15: 50 ürün alındı. (Toplam: 756)
2026-07-21 20:52:42,987 INFO [UserId=16982] Sayfa 16: 6 ürün alındı. (Toplam: 756)
2026-07-21 20:52:42,987 INFO [UserId=16982] Toplam 756 ürün çekildi.
2026-07-21 20:52:43,241 INFO [UserId=19598] Sayfa 1: 50 ürün alındı. (Toplam: 360)
2026-07-21 20:52:43,494 INFO [UserId=19598] Sayfa 2: 50 ürün alındı. (Toplam: 360)
2026-07-21 20:52:43,743 INFO [UserId=19598] Sayfa 3: 50 ürün alındı. (Toplam: 360)
2026-07-21 20:52:43,999 INFO [UserId=19598] Sayfa 4: 50 ürün alındı. (Toplam: 360)
2026-07-21 20:52:44,246 INFO [UserId=19598] Sayfa 5: 50 ürün alındı. (Toplam: 360)
2026-07-21 20:52:44,517 INFO [UserId=19598] Sayfa 6: 50 ürün alındı. (Toplam: 360)
2026-07-21 20:52:44,789 INFO [UserId=19598] Sayfa 7: 50 ürün alındı. (Toplam: 360)
2026-07-21 20:52:45,022 INFO [UserId=19598] Sayfa 8: 10 ürün alındı. (Toplam: 360)
2026-07-21 20:52:45,022 INFO [UserId=19598] Toplam 360 ürün çekildi.
2026-07-21 20:52:45,299 INFO [UserId=21144] Sayfa 1: 50 ürün alındı. (Toplam: 384)
2026-07-21 20:52:45,578 INFO [UserId=21144] Sayfa 2: 50 ürün alındı. (Toplam: 384)
2026-07-21 20:52:45,843 INFO [UserId=21144] Sayfa 3: 50 ürün alındı. (Toplam: 384)
2026-07-21 20:52:46,114 INFO [UserId=21144] Sayfa 4: 50 ürün alındı. (Toplam: 384)
2026-07-21 20:52:46,398 INFO [UserId=21144] Sayfa 5: 50 ürün alındı. (Toplam: 384)
2026-07-21 20:52:46,680 INFO [UserId=21144] Sayfa 6: 50 ürün alındı. (Toplam: 384)
2026-07-21 20:52:46,956 INFO [UserId=21144] Sayfa 7: 50 ürün alındı. (Toplam: 384)
2026-07-21 20:52:47,216 INFO [UserId=21144] Sayfa 8: 34 ürün alındı. (Toplam: 384)
2026-07-21 20:52:47,216 INFO [UserId=21144] Toplam 384 ürün çekildi.
2026-07-21 20:52:47,498 INFO [UserId=184] Sayfa 1: 50 ürün alındı. (Toplam: 465)
2026-07-21 20:52:47,779 INFO [UserId=184] Sayfa 2: 50 ürün alındı. (Toplam: 465)
2026-07-21 20:52:48,062 INFO [UserId=184] Sayfa 3: 50 ürün alındı. (Toplam: 465)
2026-07-21 20:52:48,335 INFO [UserId=184] Sayfa 4: 50 ürün alındı. (Toplam: 465)
2026-07-21 20:52:48,616 INFO [UserId=184] Sayfa 5: 50 ürün alındı. (Toplam: 465)
2026-07-21 20:52:48,925 INFO [UserId=184] Sayfa 6: 50 ürün alındı. (Toplam: 465)
2026-07-21 20:52:49,229 INFO [UserId=184] Sayfa 7: 50 ürün alındı. (Toplam: 465)
2026-07-21 20:52:49,501 INFO [UserId=184] Sayfa 8: 50 ürün alındı. (Toplam: 465)
2026-07-21 20:52:49,775 INFO [UserId=184] Sayfa 9: 50 ürün alındı. (Toplam: 465)
2026-07-21 20:52:50,012 INFO [UserId=184] Sayfa 10: 15 ürün alındı. (Toplam: 465)
2026-07-21 20:52:50,013 INFO [UserId=184] Toplam 465 ürün çekildi.
2026-07-21 20:52:50,276 INFO [UserId=1735] Sayfa 1: 50 ürün alındı. (Toplam: 315)
2026-07-21 20:52:50,550 INFO [UserId=1735] Sayfa 2: 50 ürün alındı. (Toplam: 315)
2026-07-21 20:52:50,819 INFO [UserId=1735] Sayfa 3: 50 ürün alındı. (Toplam: 315)
2026-07-21 20:52:51,085 INFO [UserId=1735] Sayfa 4: 50 ürün alındı. (Toplam: 315)
2026-07-21 20:52:51,366 INFO [UserId=1735] Sayfa 5: 50 ürün alındı. (Toplam: 315)
2026-07-21 20:52:51,657 INFO [UserId=1735] Sayfa 6: 50 ürün alındı. (Toplam: 315)
2026-07-21 20:52:51,891 INFO [UserId=1735] Sayfa 7: 15 ürün alındı. (Toplam: 315)
2026-07-21 20:52:51,891 INFO [UserId=1735] Toplam 315 ürün çekildi.
2026-07-21 20:52:52,156 INFO [UserId=11197] Sayfa 1: 50 ürün alındı. (Toplam: 198)
2026-07-21 20:52:52,427 INFO [UserId=11197] Sayfa 2: 50 ürün alındı. (Toplam: 198)
2026-07-21 20:52:52,695 INFO [UserId=11197] Sayfa 3: 50 ürün alındı. (Toplam: 198)
2026-07-21 20:52:52,959 INFO [UserId=11197] Sayfa 4: 48 ürün alındı. (Toplam: 198)
2026-07-21 20:52:52,959 INFO [UserId=11197] Toplam 198 ürün çekildi.
2026-07-21 20:52:53,236 INFO [UserId=759] Sayfa 1: 50 ürün alındı. (Toplam: 369)
2026-07-21 20:52:53,505 INFO [UserId=759] Sayfa 2: 50 ürün alındı. (Toplam: 369)
2026-07-21 20:52:53,778 INFO [UserId=759] Sayfa 3: 50 ürün alındı. (Toplam: 369)
2026-07-21 20:52:54,062 INFO [UserId=759] Sayfa 4: 50 ürün alındı. (Toplam: 369)
2026-07-21 20:52:54,341 INFO [UserId=759] Sayfa 5: 50 ürün alındı. (Toplam: 369)
2026-07-21 20:52:54,617 INFO [UserId=759] Sayfa 6: 50 ürün alındı. (Toplam: 369)
2026-07-21 20:52:54,891 INFO [UserId=759] Sayfa 7: 50 ürün alındı. (Toplam: 369)
2026-07-21 20:52:55,130 INFO [UserId=759] Sayfa 8: 19 ürün alındı. (Toplam: 369)
2026-07-21 20:52:55,130 INFO [UserId=759] Toplam 369 ürün çekildi.
2026-07-21 20:52:55,413 INFO [UserId=18] Sayfa 1: 50 ürün alındı. (Toplam: 1047)
2026-07-21 20:52:55,704 INFO [UserId=18] Sayfa 2: 50 ürün alındı. (Toplam: 1047)
2026-07-21 20:52:55,999 INFO [UserId=18] Sayfa 3: 50 ürün alındı. (Toplam: 1047)
2026-07-21 20:52:56,280 INFO [UserId=18] Sayfa 4: 50 ürün alındı. (Toplam: 1047)
2026-07-21 20:52:56,555 INFO [UserId=18] Sayfa 5: 50 ürün alındı. (Toplam: 1047)
2026-07-21 20:52:56,831 INFO [UserId=18] Sayfa 6: 50 ürün alındı. (Toplam: 1047)
2026-07-21 20:52:57,101 INFO [UserId=18] Sayfa 7: 50 ürün alındı. (Toplam: 1047)
2026-07-21 20:52:57,379 INFO [UserId=18] Sayfa 8: 50 ürün alındı. (Toplam: 1047)
2026-07-21 20:52:57,667 INFO [UserId=18] Sayfa 9: 50 ürün alındı. (Toplam: 1047)
2026-07-21 20:52:57,946 INFO [UserId=18] Sayfa 10: 50 ürün alındı. (Toplam: 1047)
2026-07-21 20:52:58,224 INFO [UserId=18] Sayfa 11: 50 ürün alındı. (Toplam: 1047)
2026-07-21 20:52:58,533 INFO [UserId=18] Sayfa 12: 50 ürün alındı. (Toplam: 1047)
2026-07-21 20:52:58,851 INFO [UserId=18] Sayfa 13: 50 ürün alındı. (Toplam: 1047)
2026-07-21 20:52:59,153 INFO [UserId=18] Sayfa 14: 50 ürün alındı. (Toplam: 1047)
2026-07-21 20:52:59,546 INFO [UserId=18] Sayfa 15: 50 ürün alındı. (Toplam: 1047)
2026-07-21 20:52:59,846 INFO [UserId=18] Sayfa 16: 50 ürün alındı. (Toplam: 1047)
2026-07-21 20:53:00,128 INFO [UserId=18] Sayfa 17: 50 ürün alındı. (Toplam: 1047)
2026-07-21 20:53:00,418 INFO [UserId=18] Sayfa 18: 50 ürün alındı. (Toplam: 1047)
2026-07-21 20:53:00,701 INFO [UserId=18] Sayfa 19: 50 ürün alındı. (Toplam: 1047)
2026-07-21 20:53:00,969 INFO [UserId=18] Sayfa 20: 50 ürün alındı. (Toplam: 1047)
2026-07-21 20:53:01,247 INFO [UserId=18] Sayfa 21: 47 ürün alındı. (Toplam: 1047)
2026-07-21 20:53:01,247 INFO [UserId=18] Toplam 1047 ürün çekildi.
2026-07-21 20:53:01,283 INFO Varyantlı XML feed yazıldı: docs/ecza1-feed.xml (4505 satır / varyant)
2026-07-21 20:53:01,285 INFO Tüm mağazalar için senkronizasyon tamamlandı.
2026-07-22 00:09:29,756 INFO Giriş başarılı (302 yönlendirme -> /).
2026-07-22 00:10:34,354 INFO Kategori/marka tablosu hazır: 658 kategori, 3322 marka bulundu.
2026-07-22 00:10:34,622 INFO [UserId=7982] Sayfa 1: 50 ürün alındı. (Toplam: 610)
2026-07-22 00:10:34,897 INFO [UserId=7982] Sayfa 2: 50 ürün alındı. (Toplam: 610)
2026-07-22 00:10:35,167 INFO [UserId=7982] Sayfa 3: 50 ürün alındı. (Toplam: 610)
2026-07-22 00:10:35,430 INFO [UserId=7982] Sayfa 4: 50 ürün alındı. (Toplam: 610)
2026-07-22 00:10:35,694 INFO [UserId=7982] Sayfa 5: 50 ürün alındı. (Toplam: 610)
2026-07-22 00:10:35,956 INFO [UserId=7982] Sayfa 6: 50 ürün alındı. (Toplam: 610)
2026-07-22 00:10:36,228 INFO [UserId=7982] Sayfa 7: 50 ürün alındı. (Toplam: 610)
2026-07-22 00:10:36,514 INFO [UserId=7982] Sayfa 8: 50 ürün alındı. (Toplam: 610)
2026-07-22 00:10:36,791 INFO [UserId=7982] Sayfa 9: 50 ürün alındı. (Toplam: 610)
2026-07-22 00:10:37,057 INFO [UserId=7982] Sayfa 10: 50 ürün alındı. (Toplam: 610)
2026-07-22 00:10:37,318 INFO [UserId=7982] Sayfa 11: 50 ürün alındı. (Toplam: 610)
2026-07-22 00:10:37,593 INFO [UserId=7982] Sayfa 12: 50 ürün alındı. (Toplam: 610)
2026-07-22 00:10:37,829 INFO [UserId=7982] Sayfa 13: 10 ürün alındı. (Toplam: 610)
2026-07-22 00:10:37,829 INFO [UserId=7982] Toplam 610 ürün çekildi.
2026-07-22 00:10:38,107 INFO [UserId=16982] Sayfa 1: 50 ürün alındı. (Toplam: 756)
2026-07-22 00:10:38,374 INFO [UserId=16982] Sayfa 2: 50 ürün alındı. (Toplam: 756)
2026-07-22 00:10:38,648 INFO [UserId=16982] Sayfa 3: 50 ürün alındı. (Toplam: 756)
2026-07-22 00:10:38,927 INFO [UserId=16982] Sayfa 4: 50 ürün alındı. (Toplam: 756)
2026-07-22 00:10:39,188 INFO [UserId=16982] Sayfa 5: 50 ürün alındı. (Toplam: 756)
2026-07-22 00:10:39,451 INFO [UserId=16982] Sayfa 6: 50 ürün alındı. (Toplam: 756)
2026-07-22 00:10:39,714 INFO [UserId=16982] Sayfa 7: 50 ürün alındı. (Toplam: 756)
2026-07-22 00:10:39,987 INFO [UserId=16982] Sayfa 8: 50 ürün alındı. (Toplam: 756)
2026-07-22 00:10:40,261 INFO [UserId=16982] Sayfa 9: 50 ürün alındı. (Toplam: 756)
2026-07-22 00:10:40,530 INFO [UserId=16982] Sayfa 10: 50 ürün alındı. (Toplam: 756)
2026-07-22 00:10:40,808 INFO [UserId=16982] Sayfa 11: 50 ürün alındı. (Toplam: 756)
2026-07-22 00:10:41,112 INFO [UserId=16982] Sayfa 12: 50 ürün alındı. (Toplam: 756)
2026-07-22 00:10:41,387 INFO [UserId=16982] Sayfa 13: 50 ürün alındı. (Toplam: 756)
2026-07-22 00:10:41,652 INFO [UserId=16982] Sayfa 14: 50 ürün alındı. (Toplam: 756)
2026-07-22 00:10:41,933 INFO [UserId=16982] Sayfa 15: 50 ürün alındı. (Toplam: 756)
2026-07-22 00:10:42,169 INFO [UserId=16982] Sayfa 16: 6 ürün alındı. (Toplam: 756)
2026-07-22 00:10:42,169 INFO [UserId=16982] Toplam 756 ürün çekildi.
2026-07-22 00:10:42,433 INFO [UserId=19598] Sayfa 1: 50 ürün alındı. (Toplam: 360)
2026-07-22 00:10:42,686 INFO [UserId=19598] Sayfa 2: 50 ürün alındı. (Toplam: 360)
2026-07-22 00:10:42,936 INFO [UserId=19598] Sayfa 3: 50 ürün alındı. (Toplam: 360)
2026-07-22 00:10:43,196 INFO [UserId=19598] Sayfa 4: 50 ürün alındı. (Toplam: 360)
2026-07-22 00:10:43,438 INFO [UserId=19598] Sayfa 5: 50 ürün alındı. (Toplam: 360)
2026-07-22 00:10:43,693 INFO [UserId=19598] Sayfa 6: 50 ürün alındı. (Toplam: 360)
2026-07-22 00:10:43,962 INFO [UserId=19598] Sayfa 7: 50 ürün alındı. (Toplam: 360)
2026-07-22 00:10:44,194 INFO [UserId=19598] Sayfa 8: 10 ürün alındı. (Toplam: 360)
2026-07-22 00:10:44,194 INFO [UserId=19598] Toplam 360 ürün çekildi.
2026-07-22 00:10:44,467 INFO [UserId=21144] Sayfa 1: 50 ürün alındı. (Toplam: 384)
2026-07-22 00:10:44,740 INFO [UserId=21144] Sayfa 2: 50 ürün alındı. (Toplam: 384)
2026-07-22 00:10:45,002 INFO [UserId=21144] Sayfa 3: 50 ürün alındı. (Toplam: 384)
2026-07-22 00:10:45,270 INFO [UserId=21144] Sayfa 4: 50 ürün alındı. (Toplam: 384)
2026-07-22 00:10:45,545 INFO [UserId=21144] Sayfa 5: 50 ürün alındı. (Toplam: 384)
2026-07-22 00:10:45,816 INFO [UserId=21144] Sayfa 6: 50 ürün alındı. (Toplam: 384)
2026-07-22 00:10:46,080 INFO [UserId=21144] Sayfa 7: 50 ürün alındı. (Toplam: 384)
2026-07-22 00:10:46,328 INFO [UserId=21144] Sayfa 8: 34 ürün alındı. (Toplam: 384)
2026-07-22 00:10:46,328 INFO [UserId=21144] Toplam 384 ürün çekildi.
2026-07-22 00:10:46,601 INFO [UserId=184] Sayfa 1: 50 ürün alındı. (Toplam: 465)
2026-07-22 00:10:46,870 INFO [UserId=184] Sayfa 2: 50 ürün alındı. (Toplam: 465)
2026-07-22 00:10:47,142 INFO [UserId=184] Sayfa 3: 50 ürün alındı. (Toplam: 465)
2026-07-22 00:10:47,408 INFO [UserId=184] Sayfa 4: 50 ürün alındı. (Toplam: 465)
2026-07-22 00:10:47,687 INFO [UserId=184] Sayfa 5: 50 ürün alındı. (Toplam: 465)
2026-07-22 00:10:47,986 INFO [UserId=184] Sayfa 6: 50 ürün alındı. (Toplam: 465)
2026-07-22 00:10:48,294 INFO [UserId=184] Sayfa 7: 50 ürün alındı. (Toplam: 465)
2026-07-22 00:10:48,564 INFO [UserId=184] Sayfa 8: 50 ürün alındı. (Toplam: 465)
2026-07-22 00:10:48,848 INFO [UserId=184] Sayfa 9: 50 ürün alındı. (Toplam: 465)
2026-07-22 00:10:49,081 INFO [UserId=184] Sayfa 10: 15 ürün alındı. (Toplam: 465)
2026-07-22 00:10:49,081 INFO [UserId=184] Toplam 465 ürün çekildi.
2026-07-22 00:10:49,333 INFO [UserId=1735] Sayfa 1: 50 ürün alındı. (Toplam: 315)
2026-07-22 00:10:49,596 INFO [UserId=1735] Sayfa 2: 50 ürün alındı. (Toplam: 315)
2026-07-22 00:10:49,860 INFO [UserId=1735] Sayfa 3: 50 ürün alındı. (Toplam: 315)
2026-07-22 00:10:50,117 INFO [UserId=1735] Sayfa 4: 50 ürün alındı. (Toplam: 315)
2026-07-22 00:10:50,405 INFO [UserId=1735] Sayfa 5: 50 ürün alındı. (Toplam: 315)
2026-07-22 00:10:50,666 INFO [UserId=1735] Sayfa 6: 50 ürün alındı. (Toplam: 315)
2026-07-22 00:10:50,898 INFO [UserId=1735] Sayfa 7: 15 ürün alındı. (Toplam: 315)
2026-07-22 00:10:50,898 INFO [UserId=1735] Toplam 315 ürün çekildi.
2026-07-22 00:10:51,158 INFO [UserId=11197] Sayfa 1: 50 ürün alındı. (Toplam: 198)
2026-07-22 00:10:51,417 INFO [UserId=11197] Sayfa 2: 50 ürün alındı. (Toplam: 198)
2026-07-22 00:10:51,682 INFO [UserId=11197] Sayfa 3: 50 ürün alındı. (Toplam: 198)
2026-07-22 00:10:51,940 INFO [UserId=11197] Sayfa 4: 48 ürün alındı. (Toplam: 198)
2026-07-22 00:10:51,940 INFO [UserId=11197] Toplam 198 ürün çekildi.
2026-07-22 00:10:52,213 INFO [UserId=759] Sayfa 1: 50 ürün alındı. (Toplam: 369)
2026-07-22 00:10:52,476 INFO [UserId=759] Sayfa 2: 50 ürün alındı. (Toplam: 369)
2026-07-22 00:10:52,746 INFO [UserId=759] Sayfa 3: 50 ürün alındı. (Toplam: 369)
2026-07-22 00:10:53,018 INFO [UserId=759] Sayfa 4: 50 ürün alındı. (Toplam: 369)
2026-07-22 00:10:53,307 INFO [UserId=759] Sayfa 5: 50 ürün alındı. (Toplam: 369)
2026-07-22 00:10:53,583 INFO [UserId=759] Sayfa 6: 50 ürün alındı. (Toplam: 369)
2026-07-22 00:10:53,850 INFO [UserId=759] Sayfa 7: 50 ürün alındı. (Toplam: 369)
2026-07-22 00:10:54,091 INFO [UserId=759] Sayfa 8: 19 ürün alındı. (Toplam: 369)
2026-07-22 00:10:54,091 INFO [UserId=759] Toplam 369 ürün çekildi.
2026-07-22 00:10:54,373 INFO [UserId=18] Sayfa 1: 50 ürün alındı. (Toplam: 1044)
2026-07-22 00:10:54,662 INFO [UserId=18] Sayfa 2: 50 ürün alındı. (Toplam: 1044)
2026-07-22 00:10:54,941 INFO [UserId=18] Sayfa 3: 50 ürün alındı. (Toplam: 1044)
2026-07-22 00:10:55,217 INFO [UserId=18] Sayfa 4: 50 ürün alındı. (Toplam: 1044)
2026-07-22 00:10:55,486 INFO [UserId=18] Sayfa 5: 50 ürün alındı. (Toplam: 1044)
2026-07-22 00:10:55,767 INFO [UserId=18] Sayfa 6: 50 ürün alındı. (Toplam: 1044)
2026-07-22 00:10:56,044 INFO [UserId=18] Sayfa 7: 50 ürün alındı. (Toplam: 1044)
2026-07-22 00:10:56,319 INFO [UserId=18] Sayfa 8: 50 ürün alındı. (Toplam: 1044)
2026-07-22 00:10:56,615 INFO [UserId=18] Sayfa 9: 50 ürün alındı. (Toplam: 1044)
2026-07-22 00:10:56,891 INFO [UserId=18] Sayfa 10: 50 ürün alındı. (Toplam: 1044)
2026-07-22 00:10:57,166 INFO [UserId=18] Sayfa 11: 50 ürün alındı. (Toplam: 1044)
2026-07-22 00:10:57,472 INFO [UserId=18] Sayfa 12: 50 ürün alındı. (Toplam: 1044)
2026-07-22 00:10:57,777 INFO [UserId=18] Sayfa 13: 50 ürün alındı. (Toplam: 1044)
2026-07-22 00:10:58,072 INFO [UserId=18] Sayfa 14: 50 ürün alındı. (Toplam: 1044)
2026-07-22 00:10:58,347 INFO [UserId=18] Sayfa 15: 50 ürün alındı. (Toplam: 1044)
2026-07-22 00:10:58,628 INFO [UserId=18] Sayfa 16: 50 ürün alındı. (Toplam: 1044)
2026-07-22 00:10:58,915 INFO [UserId=18] Sayfa 17: 50 ürün alındı. (Toplam: 1044)
2026-07-22 00:10:59,205 INFO [UserId=18] Sayfa 18: 50 ürün alındı. (Toplam: 1044)
2026-07-22 00:10:59,491 INFO [UserId=18] Sayfa 19: 50 ürün alındı. (Toplam: 1044)
2026-07-22 00:10:59,767 INFO [UserId=18] Sayfa 20: 50 ürün alındı. (Toplam: 1044)
2026-07-22 00:11:00,036 INFO [UserId=18] Sayfa 21: 44 ürün alındı. (Toplam: 1044)
2026-07-22 00:11:00,036 INFO [UserId=18] Toplam 1044 ürün çekildi.
2026-07-22 00:11:00,074 INFO Varyantlı XML feed yazıldı: docs/ecza1-feed.xml (4501 satır / varyant)
2026-07-22 00:11:00,076 INFO Tüm mağazalar için senkronizasyon tamamlandı.
2026-07-22 10:07:58,355 INFO Giriş başarılı (302 yönlendirme -> /).
2026-07-22 10:09:10,615 INFO Kategori/marka tablosu hazır: 658 kategori, 3312 marka bulundu.
2026-07-22 10:09:10,840 INFO [UserId=7982] Sayfa 1: 50 ürün alındı. (Toplam: 645)
2026-07-22 10:09:11,064 INFO [UserId=7982] Sayfa 2: 50 ürün alındı. (Toplam: 645)
2026-07-22 10:09:11,286 INFO [UserId=7982] Sayfa 3: 50 ürün alındı. (Toplam: 645)
2026-07-22 10:09:11,507 INFO [UserId=7982] Sayfa 4: 50 ürün alındı. (Toplam: 645)
2026-07-22 10:09:11,760 INFO [UserId=7982] Sayfa 5: 50 ürün alındı. (Toplam: 645)
2026-07-22 10:09:11,979 INFO [UserId=7982] Sayfa 6: 50 ürün alındı. (Toplam: 645)
2026-07-22 10:09:12,208 INFO [UserId=7982] Sayfa 7: 50 ürün alındı. (Toplam: 645)
2026-07-22 10:09:12,433 INFO [UserId=7982] Sayfa 8: 50 ürün alındı. (Toplam: 645)
2026-07-22 10:09:12,684 INFO [UserId=7982] Sayfa 9: 50 ürün alındı. (Toplam: 645)
2026-07-22 10:09:12,909 INFO [UserId=7982] Sayfa 10: 50 ürün alındı. (Toplam: 645)
2026-07-22 10:09:13,121 INFO [UserId=7982] Sayfa 11: 50 ürün alındı. (Toplam: 645)
2026-07-22 10:09:13,339 INFO [UserId=7982] Sayfa 12: 50 ürün alındı. (Toplam: 645)
2026-07-22 10:09:13,557 INFO [UserId=7982] Sayfa 13: 45 ürün alındı. (Toplam: 645)
2026-07-22 10:09:13,557 INFO [UserId=7982] Toplam 645 ürün çekildi.
2026-07-22 10:09:13,776 INFO [UserId=16982] Sayfa 1: 50 ürün alındı. (Toplam: 756)
2026-07-22 10:09:14,002 INFO [UserId=16982] Sayfa 2: 50 ürün alındı. (Toplam: 756)
2026-07-22 10:09:14,230 INFO [UserId=16982] Sayfa 3: 50 ürün alındı. (Toplam: 756)
2026-07-22 10:09:14,451 INFO [UserId=16982] Sayfa 4: 50 ürün alındı. (Toplam: 756)
2026-07-22 10:09:14,660 INFO [UserId=16982] Sayfa 5: 50 ürün alındı. (Toplam: 756)
2026-07-22 10:09:14,876 INFO [UserId=16982] Sayfa 6: 50 ürün alındı. (Toplam: 756)
2026-07-22 10:09:15,113 INFO [UserId=16982] Sayfa 7: 50 ürün alındı. (Toplam: 756)
2026-07-22 10:09:15,346 INFO [UserId=16982] Sayfa 8: 50 ürün alındı. (Toplam: 756)
2026-07-22 10:09:15,572 INFO [UserId=16982] Sayfa 9: 50 ürün alındı. (Toplam: 756)
2026-07-22 10:09:15,863 INFO [UserId=16982] Sayfa 10: 50 ürün alındı. (Toplam: 756)
2026-07-22 10:09:16,097 INFO [UserId=16982] Sayfa 11: 50 ürün alındı. (Toplam: 756)
2026-07-22 10:09:16,349 INFO [UserId=16982] Sayfa 12: 50 ürün alındı. (Toplam: 756)
2026-07-22 10:09:16,568 INFO [UserId=16982] Sayfa 13: 50 ürün alındı. (Toplam: 756)
2026-07-22 10:09:16,824 INFO [UserId=16982] Sayfa 14: 50 ürün alındı. (Toplam: 756)
2026-07-22 10:09:17,056 INFO [UserId=16982] Sayfa 15: 50 ürün alındı. (Toplam: 756)
2026-07-22 10:09:17,241 INFO [UserId=16982] Sayfa 16: 6 ürün alındı. (Toplam: 756)
2026-07-22 10:09:17,241 INFO [UserId=16982] Toplam 756 ürün çekildi.
2026-07-22 10:09:17,450 INFO [UserId=19598] Sayfa 1: 50 ürün alındı. (Toplam: 359)
2026-07-22 10:09:17,662 INFO [UserId=19598] Sayfa 2: 50 ürün alındı. (Toplam: 359)
2026-07-22 10:09:17,868 INFO [UserId=19598] Sayfa 3: 50 ürün alındı. (Toplam: 359)
2026-07-22 10:09:18,078 INFO [UserId=19598] Sayfa 4: 50 ürün alındı. (Toplam: 359)
2026-07-22 10:09:18,279 INFO [UserId=19598] Sayfa 5: 50 ürün alındı. (Toplam: 359)
2026-07-22 10:09:18,492 INFO [UserId=19598] Sayfa 6: 50 ürün alındı. (Toplam: 359)
2026-07-22 10:09:18,714 INFO [UserId=19598] Sayfa 7: 50 ürün alındı. (Toplam: 359)
2026-07-22 10:09:18,904 INFO [UserId=19598] Sayfa 8: 9 ürün alındı. (Toplam: 359)
2026-07-22 10:09:18,904 INFO [UserId=19598] Toplam 359 ürün çekildi.
2026-07-22 10:09:19,135 INFO [UserId=21144] Sayfa 1: 50 ürün alındı. (Toplam: 383)
2026-07-22 10:09:19,370 INFO [UserId=21144] Sayfa 2: 50 ürün alındı. (Toplam: 383)
2026-07-22 10:09:19,591 INFO [UserId=21144] Sayfa 3: 50 ürün alındı. (Toplam: 383)
2026-07-22 10:09:19,812 INFO [UserId=21144] Sayfa 4: 50 ürün alındı. (Toplam: 383)
2026-07-22 10:09:20,053 INFO [UserId=21144] Sayfa 5: 50 ürün alındı. (Toplam: 383)
2026-07-22 10:09:20,281 INFO [UserId=21144] Sayfa 6: 50 ürün alındı. (Toplam: 383)
2026-07-22 10:09:20,497 INFO [UserId=21144] Sayfa 7: 50 ürün alındı. (Toplam: 383)
2026-07-22 10:09:20,705 INFO [UserId=21144] Sayfa 8: 33 ürün alındı. (Toplam: 383)
2026-07-22 10:09:20,705 INFO [UserId=21144] Toplam 383 ürün çekildi.
2026-07-22 10:09:20,933 INFO [UserId=184] Sayfa 1: 50 ürün alındı. (Toplam: 498)
2026-07-22 10:09:21,161 INFO [UserId=184] Sayfa 2: 50 ürün alındı. (Toplam: 498)
2026-07-22 10:09:21,393 INFO [UserId=184] Sayfa 3: 50 ürün alındı. (Toplam: 498)
2026-07-22 10:09:21,623 INFO [UserId=184] Sayfa 4: 50 ürün alındı. (Toplam: 498)
2026-07-22 10:09:21,882 INFO [UserId=184] Sayfa 5: 50 ürün alındı. (Toplam: 498)
2026-07-22 10:09:22,141 INFO [UserId=184] Sayfa 6: 50 ürün alındı. (Toplam: 498)
2026-07-22 10:09:22,522 INFO [UserId=184] Sayfa 7: 50 ürün alındı. (Toplam: 498)
2026-07-22 10:09:22,777 INFO [UserId=184] Sayfa 8: 50 ürün alındı. (Toplam: 498)
2026-07-22 10:09:23,070 INFO [UserId=184] Sayfa 9: 50 ürün alındı. (Toplam: 498)
2026-07-22 10:09:23,298 INFO [UserId=184] Sayfa 10: 48 ürün alındı. (Toplam: 498)
2026-07-22 10:09:23,298 INFO [UserId=184] Toplam 498 ürün çekildi.
2026-07-22 10:09:23,562 INFO [UserId=1735] Sayfa 1: 50 ürün alındı. (Toplam: 314)
2026-07-22 10:09:23,791 INFO [UserId=1735] Sayfa 2: 50 ürün alındı. (Toplam: 314)
2026-07-22 10:09:24,018 INFO [UserId=1735] Sayfa 3: 50 ürün alındı. (Toplam: 314)
2026-07-22 10:09:24,238 INFO [UserId=1735] Sayfa 4: 50 ürün alındı. (Toplam: 314)
2026-07-22 10:09:24,467 INFO [UserId=1735] Sayfa 5: 50 ürün alındı. (Toplam: 314)
2026-07-22 10:09:24,702 INFO [UserId=1735] Sayfa 6: 50 ürün alındı. (Toplam: 314)
2026-07-22 10:09:24,885 INFO [UserId=1735] Sayfa 7: 14 ürün alındı. (Toplam: 314)
2026-07-22 10:09:24,885 INFO [UserId=1735] Toplam 314 ürün çekildi.
2026-07-22 10:09:25,102 INFO [UserId=11197] Sayfa 1: 50 ürün alındı. (Toplam: 197)
2026-07-22 10:09:25,320 INFO [UserId=11197] Sayfa 2: 50 ürün alındı. (Toplam: 197)
2026-07-22 10:09:25,540 INFO [UserId=11197] Sayfa 3: 50 ürün alındı. (Toplam: 197)
2026-07-22 10:09:25,758 INFO [UserId=11197] Sayfa 4: 47 ürün alındı. (Toplam: 197)
2026-07-22 10:09:25,758 INFO [UserId=11197] Toplam 197 ürün çekildi.
2026-07-22 10:09:25,987 INFO [UserId=759] Sayfa 1: 50 ürün alındı. (Toplam: 368)
2026-07-22 10:09:26,214 INFO [UserId=759] Sayfa 2: 50 ürün alındı. (Toplam: 368)
2026-07-22 10:09:26,436 INFO [UserId=759] Sayfa 3: 50 ürün alındı. (Toplam: 368)
2026-07-22 10:09:26,685 INFO [UserId=759] Sayfa 4: 50 ürün alındı. (Toplam: 368)
2026-07-22 10:09:26,918 INFO [UserId=759] Sayfa 5: 50 ürün alındı. (Toplam: 368)
2026-07-22 10:09:27,150 INFO [UserId=759] Sayfa 6: 50 ürün alındı. (Toplam: 368)
2026-07-22 10:09:27,372 INFO [UserId=759] Sayfa 7: 50 ürün alındı. (Toplam: 368)
2026-07-22 10:09:27,572 INFO [UserId=759] Sayfa 8: 18 ürün alındı. (Toplam: 368)
2026-07-22 10:09:27,573 INFO [UserId=759] Toplam 368 ürün çekildi.
2026-07-22 10:09:27,811 INFO [UserId=18] Sayfa 1: 50 ürün alındı. (Toplam: 1041)
2026-07-22 10:09:28,095 INFO [UserId=18] Sayfa 2: 50 ürün alındı. (Toplam: 1041)
2026-07-22 10:09:28,329 INFO [UserId=18] Sayfa 3: 50 ürün alındı. (Toplam: 1041)
2026-07-22 10:09:28,568 INFO [UserId=18] Sayfa 4: 50 ürün alındı. (Toplam: 1041)
2026-07-22 10:09:28,793 INFO [UserId=18] Sayfa 5: 50 ürün alındı. (Toplam: 1041)
2026-07-22 10:09:29,025 INFO [UserId=18] Sayfa 6: 50 ürün alındı. (Toplam: 1041)
2026-07-22 10:09:29,246 INFO [UserId=18] Sayfa 7: 50 ürün alındı. (Toplam: 1041)
2026-07-22 10:09:29,478 INFO [UserId=18] Sayfa 8: 50 ürün alındı. (Toplam: 1041)
2026-07-22 10:09:29,728 INFO [UserId=18] Sayfa 9: 50 ürün alındı. (Toplam: 1041)
2026-07-22 10:09:29,975 INFO [UserId=18] Sayfa 10: 50 ürün alındı. (Toplam: 1041)
2026-07-22 10:09:30,256 INFO [UserId=18] Sayfa 11: 50 ürün alındı. (Toplam: 1041)
2026-07-22 10:09:30,521 INFO [UserId=18] Sayfa 12: 50 ürün alındı. (Toplam: 1041)
2026-07-22 10:09:30,783 INFO [UserId=18] Sayfa 13: 50 ürün alındı. (Toplam: 1041)
2026-07-22 10:09:31,051 INFO [UserId=18] Sayfa 14: 50 ürün alındı. (Toplam: 1041)
2026-07-22 10:09:31,286 INFO [UserId=18] Sayfa 15: 50 ürün alındı. (Toplam: 1041)
2026-07-22 10:09:31,528 INFO [UserId=18] Sayfa 16: 50 ürün alındı. (Toplam: 1041)
2026-07-22 10:09:31,758 INFO [UserId=18] Sayfa 17: 50 ürün alındı. (Toplam: 1041)
2026-07-22 10:09:32,025 INFO [UserId=18] Sayfa 18: 50 ürün alındı. (Toplam: 1041)
2026-07-22 10:09:32,259 INFO [UserId=18] Sayfa 19: 50 ürün alındı. (Toplam: 1041)
2026-07-22 10:09:32,484 INFO [UserId=18] Sayfa 20: 50 ürün alındı. (Toplam: 1041)
2026-07-22 10:09:32,709 INFO [UserId=18] Sayfa 21: 41 ürün alındı. (Toplam: 1041)
2026-07-22 10:09:32,709 INFO [UserId=18] Toplam 1041 ürün çekildi.
2026-07-22 10:09:32,739 INFO Varyantlı XML feed yazıldı: docs/ecza1-feed.xml (4561 satır / varyant)
2026-07-22 10:09:32,740 INFO Tüm mağazalar için senkronizasyon tamamlandı.
2026-07-22 16:08:32,758 INFO Giriş başarılı (302 yönlendirme -> /).
2026-07-22 16:09:27,765 INFO Kategori/marka tablosu hazır: 658 kategori, 3316 marka bulundu.
2026-07-22 16:09:28,026 INFO [UserId=7982] Sayfa 1: 50 ürün alındı. (Toplam: 644)
2026-07-22 16:09:28,242 INFO [UserId=7982] Sayfa 2: 50 ürün alındı. (Toplam: 644)
2026-07-22 16:09:28,461 INFO [UserId=7982] Sayfa 3: 50 ürün alındı. (Toplam: 644)
2026-07-22 16:09:28,672 INFO [UserId=7982] Sayfa 4: 50 ürün alındı. (Toplam: 644)
2026-07-22 16:09:28,875 INFO [UserId=7982] Sayfa 5: 50 ürün alındı. (Toplam: 644)
2026-07-22 16:09:29,086 INFO [UserId=7982] Sayfa 6: 50 ürün alındı. (Toplam: 644)
2026-07-22 16:09:29,305 INFO [UserId=7982] Sayfa 7: 50 ürün alındı. (Toplam: 644)
2026-07-22 16:09:29,549 INFO [UserId=7982] Sayfa 8: 50 ürün alındı. (Toplam: 644)
2026-07-22 16:09:29,767 INFO [UserId=7982] Sayfa 9: 50 ürün alındı. (Toplam: 644)
2026-07-22 16:09:29,981 INFO [UserId=7982] Sayfa 10: 50 ürün alındı. (Toplam: 644)
2026-07-22 16:09:30,182 INFO [UserId=7982] Sayfa 11: 50 ürün alındı. (Toplam: 644)
2026-07-22 16:09:30,392 INFO [UserId=7982] Sayfa 12: 50 ürün alındı. (Toplam: 644)
2026-07-22 16:09:30,594 INFO [UserId=7982] Sayfa 13: 44 ürün alındı. (Toplam: 644)
2026-07-22 16:09:30,594 INFO [UserId=7982] Toplam 644 ürün çekildi.
2026-07-22 16:09:30,807 INFO [UserId=16982] Sayfa 1: 50 ürün alındı. (Toplam: 780)
2026-07-22 16:09:31,022 INFO [UserId=16982] Sayfa 2: 50 ürün alındı. (Toplam: 780)
2026-07-22 16:09:31,246 INFO [UserId=16982] Sayfa 3: 50 ürün alındı. (Toplam: 780)
2026-07-22 16:09:31,535 INFO [UserId=16982] Sayfa 4: 50 ürün alındı. (Toplam: 780)
2026-07-22 16:09:31,731 INFO [UserId=16982] Sayfa 5: 50 ürün alındı. (Toplam: 780)
2026-07-22 16:09:32,023 INFO [UserId=16982] Sayfa 6: 50 ürün alındı. (Toplam: 780)
2026-07-22 16:09:32,268 INFO [UserId=16982] Sayfa 7: 50 ürün alındı. (Toplam: 780)
2026-07-22 16:09:32,504 INFO [UserId=16982] Sayfa 8: 50 ürün alındı. (Toplam: 780)
2026-07-22 16:09:32,734 INFO [UserId=16982] Sayfa 9: 50 ürün alındı. (Toplam: 780)
2026-07-22 16:09:32,950 INFO [UserId=16982] Sayfa 10: 50 ürün alındı. (Toplam: 780)
2026-07-22 16:09:33,176 INFO [UserId=16982] Sayfa 11: 50 ürün alındı. (Toplam: 780)
2026-07-22 16:09:33,417 INFO [UserId=16982] Sayfa 12: 50 ürün alındı. (Toplam: 780)
2026-07-22 16:09:33,643 INFO [UserId=16982] Sayfa 13: 50 ürün alındı. (Toplam: 780)
2026-07-22 16:09:33,865 INFO [UserId=16982] Sayfa 14: 50 ürün alındı. (Toplam: 780)
2026-07-22 16:09:34,084 INFO [UserId=16982] Sayfa 15: 50 ürün alındı. (Toplam: 780)
2026-07-22 16:09:34,278 INFO [UserId=16982] Sayfa 16: 30 ürün alındı. (Toplam: 780)
2026-07-22 16:09:34,279 INFO [UserId=16982] Toplam 780 ürün çekildi.
2026-07-22 16:09:34,475 INFO [UserId=19598] Sayfa 1: 50 ürün alındı. (Toplam: 358)
2026-07-22 16:09:34,671 INFO [UserId=19598] Sayfa 2: 50 ürün alındı. (Toplam: 358)
2026-07-22 16:09:34,868 INFO [UserId=19598] Sayfa 3: 50 ürün alındı. (Toplam: 358)
2026-07-22 16:09:35,070 INFO [UserId=19598] Sayfa 4: 50 ürün alındı. (Toplam: 358)
2026-07-22 16:09:35,256 INFO [UserId=19598] Sayfa 5: 50 ürün alındı. (Toplam: 358)
2026-07-22 16:09:35,459 INFO [UserId=19598] Sayfa 6: 50 ürün alındı. (Toplam: 358)
2026-07-22 16:09:35,669 INFO [UserId=19598] Sayfa 7: 50 ürün alındı. (Toplam: 358)
2026-07-22 16:09:35,844 INFO [UserId=19598] Sayfa 8: 8 ürün alındı. (Toplam: 358)
2026-07-22 16:09:35,844 INFO [UserId=19598] Toplam 358 ürün çekildi.
2026-07-22 16:09:36,058 INFO [UserId=21144] Sayfa 1: 50 ürün alındı. (Toplam: 386)
2026-07-22 16:09:36,271 INFO [UserId=21144] Sayfa 2: 50 ürün alındı. (Toplam: 386)
2026-07-22 16:09:36,475 INFO [UserId=21144] Sayfa 3: 50 ürün alındı. (Toplam: 386)
2026-07-22 16:09:36,685 INFO [UserId=21144] Sayfa 4: 50 ürün alındı. (Toplam: 386)
2026-07-22 16:09:36,911 INFO [UserId=21144] Sayfa 5: 50 ürün alındı. (Toplam: 386)
2026-07-22 16:09:37,126 INFO [UserId=21144] Sayfa 6: 50 ürün alındı. (Toplam: 386)
2026-07-22 16:09:37,339 INFO [UserId=21144] Sayfa 7: 50 ürün alındı. (Toplam: 386)
2026-07-22 16:09:37,549 INFO [UserId=21144] Sayfa 8: 36 ürün alındı. (Toplam: 386)
2026-07-22 16:09:37,549 INFO [UserId=21144] Toplam 386 ürün çekildi.
2026-07-22 16:09:37,770 INFO [UserId=184] Sayfa 1: 50 ürün alındı. (Toplam: 492)
2026-07-22 16:09:37,999 INFO [UserId=184] Sayfa 2: 50 ürün alındı. (Toplam: 492)
2026-07-22 16:09:38,216 INFO [UserId=184] Sayfa 3: 50 ürün alındı. (Toplam: 492)
2026-07-22 16:09:38,427 INFO [UserId=184] Sayfa 4: 50 ürün alındı. (Toplam: 492)
2026-07-22 16:09:38,638 INFO [UserId=184] Sayfa 5: 50 ürün alındı. (Toplam: 492)
2026-07-22 16:09:38,868 INFO [UserId=184] Sayfa 6: 50 ürün alındı. (Toplam: 492)
2026-07-22 16:09:39,508 INFO [UserId=184] Sayfa 7: 50 ürün alındı. (Toplam: 492)
2026-07-22 16:09:39,732 INFO [UserId=184] Sayfa 8: 50 ürün alındı. (Toplam: 492)
2026-07-22 16:09:39,952 INFO [UserId=184] Sayfa 9: 50 ürün alındı. (Toplam: 492)
2026-07-22 16:09:40,155 INFO [UserId=184] Sayfa 10: 42 ürün alındı. (Toplam: 492)
2026-07-22 16:09:40,156 INFO [UserId=184] Toplam 492 ürün çekildi.
2026-07-22 16:09:40,355 INFO [UserId=1735] Sayfa 1: 50 ürün alındı. (Toplam: 312)
2026-07-22 16:09:40,571 INFO [UserId=1735] Sayfa 2: 50 ürün alındı. (Toplam: 312)
2026-07-22 16:09:40,805 INFO [UserId=1735] Sayfa 3: 50 ürün alındı. (Toplam: 312)
2026-07-22 16:09:41,016 INFO [UserId=1735] Sayfa 4: 50 ürün alındı. (Toplam: 312)
2026-07-22 16:09:41,233 INFO [UserId=1735] Sayfa 5: 50 ürün alındı. (Toplam: 312)
2026-07-22 16:09:41,437 INFO [UserId=1735] Sayfa 6: 50 ürün alındı. (Toplam: 312)
2026-07-22 16:09:41,606 INFO [UserId=1735] Sayfa 7: 12 ürün alındı. (Toplam: 312)
2026-07-22 16:09:41,606 INFO [UserId=1735] Toplam 312 ürün çekildi.
2026-07-22 16:09:41,812 INFO [UserId=11197] Sayfa 1: 50 ürün alındı. (Toplam: 208)
2026-07-22 16:09:42,013 INFO [UserId=11197] Sayfa 2: 50 ürün alındı. (Toplam: 208)
2026-07-22 16:09:42,218 INFO [UserId=11197] Sayfa 3: 50 ürün alındı. (Toplam: 208)
2026-07-22 16:09:42,425 INFO [UserId=11197] Sayfa 4: 50 ürün alındı. (Toplam: 208)
2026-07-22 16:09:42,588 INFO [UserId=11197] Sayfa 5: 8 ürün alındı. (Toplam: 208)
2026-07-22 16:09:42,589 INFO [UserId=11197] Toplam 208 ürün çekildi.
2026-07-22 16:09:42,802 INFO [UserId=759] Sayfa 1: 50 ürün alındı. (Toplam: 386)
2026-07-22 16:09:43,013 INFO [UserId=759] Sayfa 2: 50 ürün alındı. (Toplam: 386)
2026-07-22 16:09:43,295 INFO [UserId=759] Sayfa 3: 50 ürün alındı. (Toplam: 386)
2026-07-22 16:09:43,504 INFO [UserId=759] Sayfa 4: 50 ürün alındı. (Toplam: 386)
2026-07-22 16:09:43,732 INFO [UserId=759] Sayfa 5: 50 ürün alındı. (Toplam: 386)
2026-07-22 16:09:43,942 INFO [UserId=759] Sayfa 6: 50 ürün alındı. (Toplam: 386)
2026-07-22 16:09:44,152 INFO [UserId=759] Sayfa 7: 50 ürün alındı. (Toplam: 386)
2026-07-22 16:09:44,352 INFO [UserId=759] Sayfa 8: 36 ürün alındı. (Toplam: 386)
2026-07-22 16:09:44,353 INFO [UserId=759] Toplam 386 ürün çekildi.
2026-07-22 16:09:44,574 INFO [UserId=18] Sayfa 1: 50 ürün alındı. (Toplam: 1042)
2026-07-22 16:09:44,802 INFO [UserId=18] Sayfa 2: 50 ürün alındı. (Toplam: 1042)
2026-07-22 16:09:45,039 INFO [UserId=18] Sayfa 3: 50 ürün alındı. (Toplam: 1042)
2026-07-22 16:09:45,257 INFO [UserId=18] Sayfa 4: 50 ürün alındı. (Toplam: 1042)
2026-07-22 16:09:45,469 INFO [UserId=18] Sayfa 5: 50 ürün alındı. (Toplam: 1042)
2026-07-22 16:09:45,688 INFO [UserId=18] Sayfa 6: 50 ürün alındı. (Toplam: 1042)
2026-07-22 16:09:45,897 INFO [UserId=18] Sayfa 7: 50 ürün alındı. (Toplam: 1042)
2026-07-22 16:09:46,116 INFO [UserId=18] Sayfa 8: 50 ürün alındı. (Toplam: 1042)
2026-07-22 16:09:46,340 INFO [UserId=18] Sayfa 9: 50 ürün alındı. (Toplam: 1042)
2026-07-22 16:09:46,559 INFO [UserId=18] Sayfa 10: 50 ürün alındı. (Toplam: 1042)
2026-07-22 16:09:46,789 INFO [UserId=18] Sayfa 11: 50 ürün alındı. (Toplam: 1042)
2026-07-22 16:09:47,049 INFO [UserId=18] Sayfa 12: 50 ürün alındı. (Toplam: 1042)
2026-07-22 16:09:47,328 INFO [UserId=18] Sayfa 13: 50 ürün alındı. (Toplam: 1042)
2026-07-22 16:09:47,630 INFO [UserId=18] Sayfa 14: 50 ürün alındı. (Toplam: 1042)
2026-07-22 16:09:47,847 INFO [UserId=18] Sayfa 15: 50 ürün alındı. (Toplam: 1042)
2026-07-22 16:09:48,077 INFO [UserId=18] Sayfa 16: 50 ürün alındı. (Toplam: 1042)
2026-07-22 16:09:48,292 INFO [UserId=18] Sayfa 17: 50 ürün alındı. (Toplam: 1042)
2026-07-22 16:09:48,516 INFO [UserId=18] Sayfa 18: 50 ürün alındı. (Toplam: 1042)
2026-07-22 16:09:48,745 INFO [UserId=18] Sayfa 19: 50 ürün alındı. (Toplam: 1042)
2026-07-22 16:09:48,962 INFO [UserId=18] Sayfa 20: 50 ürün alındı. (Toplam: 1042)
2026-07-22 16:09:49,177 INFO [UserId=18] Sayfa 21: 42 ürün alındı. (Toplam: 1042)
2026-07-22 16:09:49,178 INFO [UserId=18] Toplam 1042 ürün çekildi.
2026-07-22 16:09:49,215 INFO Varyantlı XML feed yazıldı: docs/ecza1-feed.xml (4608 satır / varyant)
2026-07-22 16:09:49,217 INFO Tüm mağazalar için senkronizasyon tamamlandı.
2026-07-22 20:56:17,120 INFO Giriş başarılı (302 yönlendirme -> /).
2026-07-22 20:57:19,004 INFO Kategori/marka tablosu hazır: 658 kategori, 3316 marka bulundu.
2026-07-22 20:57:19,255 INFO [UserId=7982] Sayfa 1: 50 ürün alındı. (Toplam: 644)
2026-07-22 20:57:19,498 INFO [UserId=7982] Sayfa 2: 50 ürün alındı. (Toplam: 644)
2026-07-22 20:57:19,738 INFO [UserId=7982] Sayfa 3: 50 ürün alındı. (Toplam: 644)
2026-07-22 20:57:19,981 INFO [UserId=7982] Sayfa 4: 50 ürün alındı. (Toplam: 644)
2026-07-22 20:57:20,220 INFO [UserId=7982] Sayfa 5: 50 ürün alındı. (Toplam: 644)
2026-07-22 20:57:20,462 INFO [UserId=7982] Sayfa 6: 50 ürün alındı. (Toplam: 644)
2026-07-22 20:57:20,711 INFO [UserId=7982] Sayfa 7: 50 ürün alındı. (Toplam: 644)
2026-07-22 20:57:20,953 INFO [UserId=7982] Sayfa 8: 50 ürün alındı. (Toplam: 644)
2026-07-22 20:57:21,196 INFO [UserId=7982] Sayfa 9: 50 ürün alındı. (Toplam: 644)
2026-07-22 20:57:21,446 INFO [UserId=7982] Sayfa 10: 50 ürün alındı. (Toplam: 644)
2026-07-22 20:57:21,679 INFO [UserId=7982] Sayfa 11: 50 ürün alındı. (Toplam: 644)
2026-07-22 20:57:21,919 INFO [UserId=7982] Sayfa 12: 50 ürün alındı. (Toplam: 644)
2026-07-22 20:57:22,152 INFO [UserId=7982] Sayfa 13: 44 ürün alındı. (Toplam: 644)
2026-07-22 20:57:22,152 INFO [UserId=7982] Toplam 644 ürün çekildi.
2026-07-22 20:57:22,393 INFO [UserId=16982] Sayfa 1: 50 ürün alındı. (Toplam: 779)
2026-07-22 20:57:22,630 INFO [UserId=16982] Sayfa 2: 50 ürün alındı. (Toplam: 779)
2026-07-22 20:57:22,890 INFO [UserId=16982] Sayfa 3: 50 ürün alındı. (Toplam: 779)
2026-07-22 20:57:23,149 INFO [UserId=16982] Sayfa 4: 50 ürün alındı. (Toplam: 779)
2026-07-22 20:57:23,381 INFO [UserId=16982] Sayfa 5: 50 ürün alındı. (Toplam: 779)
2026-07-22 20:57:23,621 INFO [UserId=16982] Sayfa 6: 50 ürün alındı. (Toplam: 779)
2026-07-22 20:57:23,858 INFO [UserId=16982] Sayfa 7: 50 ürün alındı. (Toplam: 779)
2026-07-22 20:57:24,112 INFO [UserId=16982] Sayfa 8: 50 ürün alındı. (Toplam: 779)
2026-07-22 20:57:24,362 INFO [UserId=16982] Sayfa 9: 50 ürün alındı. (Toplam: 779)
2026-07-22 20:57:24,603 INFO [UserId=16982] Sayfa 10: 50 ürün alındı. (Toplam: 779)
2026-07-22 20:57:24,861 INFO [UserId=16982] Sayfa 11: 50 ürün alındı. (Toplam: 779)
2026-07-22 20:57:25,126 INFO [UserId=16982] Sayfa 12: 50 ürün alındı. (Toplam: 779)
2026-07-22 20:57:25,370 INFO [UserId=16982] Sayfa 13: 50 ürün alındı. (Toplam: 779)
2026-07-22 20:57:25,613 INFO [UserId=16982] Sayfa 14: 50 ürün alındı. (Toplam: 779)
2026-07-22 20:57:25,861 INFO [UserId=16982] Sayfa 15: 50 ürün alındı. (Toplam: 779)
2026-07-22 20:57:26,083 INFO [UserId=16982] Sayfa 16: 29 ürün alındı. (Toplam: 779)
2026-07-22 20:57:26,083 INFO [UserId=16982] Toplam 779 ürün çekildi.
2026-07-22 20:57:26,307 INFO [UserId=19598] Sayfa 1: 50 ürün alındı. (Toplam: 358)
2026-07-22 20:57:26,538 INFO [UserId=19598] Sayfa 2: 50 ürün alındı. (Toplam: 358)
2026-07-22 20:57:26,760 INFO [UserId=19598] Sayfa 3: 50 ürün alındı. (Toplam: 358)
2026-07-22 20:57:26,980 INFO [UserId=19598] Sayfa 4: 50 ürün alındı. (Toplam: 358)
2026-07-22 20:57:27,198 INFO [UserId=19598] Sayfa 5: 50 ürün alındı. (Toplam: 358)
2026-07-22 20:57:27,431 INFO [UserId=19598] Sayfa 6: 50 ürün alındı. (Toplam: 358)
2026-07-22 20:57:27,668 INFO [UserId=19598] Sayfa 7: 50 ürün alındı. (Toplam: 358)
2026-07-22 20:57:27,864 INFO [UserId=19598] Sayfa 8: 8 ürün alındı. (Toplam: 358)
2026-07-22 20:57:27,864 INFO [UserId=19598] Toplam 358 ürün çekildi.
2026-07-22 20:57:28,118 INFO [UserId=21144] Sayfa 1: 50 ürün alındı. (Toplam: 386)
2026-07-22 20:57:28,361 INFO [UserId=21144] Sayfa 2: 50 ürün alındı. (Toplam: 386)
2026-07-22 20:57:28,600 INFO [UserId=21144] Sayfa 3: 50 ürün alındı. (Toplam: 386)
2026-07-22 20:57:28,837 INFO [UserId=21144] Sayfa 4: 50 ürün alındı. (Toplam: 386)
2026-07-22 20:57:29,094 INFO [UserId=21144] Sayfa 5: 50 ürün alındı. (Toplam: 386)
2026-07-22 20:57:29,337 INFO [UserId=21144] Sayfa 6: 50 ürün alındı. (Toplam: 386)
2026-07-22 20:57:29,570 INFO [UserId=21144] Sayfa 7: 50 ürün alındı. (Toplam: 386)
2026-07-22 20:57:29,792 INFO [UserId=21144] Sayfa 8: 36 ürün alındı. (Toplam: 386)
2026-07-22 20:57:29,793 INFO [UserId=21144] Toplam 386 ürün çekildi.
2026-07-22 20:57:30,036 INFO [UserId=184] Sayfa 1: 50 ürün alındı. (Toplam: 491)
2026-07-22 20:57:30,289 INFO [UserId=184] Sayfa 2: 50 ürün alındı. (Toplam: 491)
2026-07-22 20:57:30,534 INFO [UserId=184] Sayfa 3: 50 ürün alındı. (Toplam: 491)
2026-07-22 20:57:30,775 INFO [UserId=184] Sayfa 4: 50 ürün alındı. (Toplam: 491)
2026-07-22 20:57:31,019 INFO [UserId=184] Sayfa 5: 50 ürün alındı. (Toplam: 491)
2026-07-22 20:57:31,276 INFO [UserId=184] Sayfa 6: 50 ürün alındı. (Toplam: 491)
2026-07-22 20:57:31,549 INFO [UserId=184] Sayfa 7: 50 ürün alındı. (Toplam: 491)
2026-07-22 20:57:31,795 INFO [UserId=184] Sayfa 8: 50 ürün alındı. (Toplam: 491)
2026-07-22 20:57:32,042 INFO [UserId=184] Sayfa 9: 50 ürün alındı. (Toplam: 491)
2026-07-22 20:57:32,271 INFO [UserId=184] Sayfa 10: 41 ürün alındı. (Toplam: 491)
2026-07-22 20:57:32,271 INFO [UserId=184] Toplam 491 ürün çekildi.
2026-07-22 20:57:32,493 INFO [UserId=1735] Sayfa 1: 50 ürün alındı. (Toplam: 312)
2026-07-22 20:57:32,733 INFO [UserId=1735] Sayfa 2: 50 ürün alındı. (Toplam: 312)
2026-07-22 20:57:32,962 INFO [UserId=1735] Sayfa 3: 50 ürün alındı. (Toplam: 312)
2026-07-22 20:57:33,195 INFO [UserId=1735] Sayfa 4: 50 ürün alındı. (Toplam: 312)
2026-07-22 20:57:33,435 INFO [UserId=1735] Sayfa 5: 50 ürün alındı. (Toplam: 312)
2026-07-22 20:57:33,661 INFO [UserId=1735] Sayfa 6: 50 ürün alındı. (Toplam: 312)
2026-07-22 20:57:33,862 INFO [UserId=1735] Sayfa 7: 12 ürün alındı. (Toplam: 312)
2026-07-22 20:57:33,862 INFO [UserId=1735] Toplam 312 ürün çekildi.
2026-07-22 20:57:34,093 INFO [UserId=11197] Sayfa 1: 50 ürün alındı. (Toplam: 207)
2026-07-22 20:57:34,327 INFO [UserId=11197] Sayfa 2: 50 ürün alındı. (Toplam: 207)
2026-07-22 20:57:34,561 INFO [UserId=11197] Sayfa 3: 50 ürün alındı. (Toplam: 207)
2026-07-22 20:57:34,789 INFO [UserId=11197] Sayfa 4: 50 ürün alındı. (Toplam: 207)
2026-07-22 20:57:34,984 INFO [UserId=11197] Sayfa 5: 7 ürün alındı. (Toplam: 207)
2026-07-22 20:57:34,984 INFO [UserId=11197] Toplam 207 ürün çekildi.
2026-07-22 20:57:35,223 INFO [UserId=759] Sayfa 1: 50 ürün alındı. (Toplam: 385)
2026-07-22 20:57:35,455 INFO [UserId=759] Sayfa 2: 50 ürün alındı. (Toplam: 385)
2026-07-22 20:57:35,687 INFO [UserId=759] Sayfa 3: 50 ürün alındı. (Toplam: 385)
2026-07-22 20:57:35,934 INFO [UserId=759] Sayfa 4: 50 ürün alındı. (Toplam: 385)
2026-07-22 20:57:36,193 INFO [UserId=759] Sayfa 5: 50 ürün alındı. (Toplam: 385)
2026-07-22 20:57:36,429 INFO [UserId=759] Sayfa 6: 50 ürün alındı. (Toplam: 385)
2026-07-22 20:57:36,670 INFO [UserId=759] Sayfa 7: 50 ürün alındı. (Toplam: 385)
2026-07-22 20:57:36,919 INFO [UserId=759] Sayfa 8: 35 ürün alındı. (Toplam: 385)
2026-07-22 20:57:36,920 INFO [UserId=759] Toplam 385 ürün çekildi.
2026-07-22 20:57:37,167 INFO [UserId=18] Sayfa 1: 50 ürün alındı. (Toplam: 1043)
2026-07-22 20:57:37,423 INFO [UserId=18] Sayfa 2: 50 ürün alındı. (Toplam: 1043)
2026-07-22 20:57:37,674 INFO [UserId=18] Sayfa 3: 50 ürün alındı. (Toplam: 1043)
2026-07-22 20:57:37,925 INFO [UserId=18] Sayfa 4: 50 ürün alındı. (Toplam: 1043)
2026-07-22 20:57:38,165 INFO [UserId=18] Sayfa 5: 50 ürün alındı. (Toplam: 1043)
2026-07-22 20:57:38,416 INFO [UserId=18] Sayfa 6: 50 ürün alındı. (Toplam: 1043)
2026-07-22 20:57:38,659 INFO [UserId=18] Sayfa 7: 50 ürün alındı. (Toplam: 1043)
2026-07-22 20:57:38,910 INFO [UserId=18] Sayfa 8: 50 ürün alındı. (Toplam: 1043)
2026-07-22 20:57:39,167 INFO [UserId=18] Sayfa 9: 50 ürün alındı. (Toplam: 1043)
2026-07-22 20:57:39,423 INFO [UserId=18] Sayfa 10: 50 ürün alındı. (Toplam: 1043)
2026-07-22 20:57:39,673 INFO [UserId=18] Sayfa 11: 50 ürün alındı. (Toplam: 1043)
2026-07-22 20:57:39,952 INFO [UserId=18] Sayfa 12: 50 ürün alındı. (Toplam: 1043)
2026-07-22 20:57:40,233 INFO [UserId=18] Sayfa 13: 50 ürün alındı. (Toplam: 1043)
2026-07-22 20:57:40,497 INFO [UserId=18] Sayfa 14: 50 ürün alındı. (Toplam: 1043)
2026-07-22 20:57:40,745 INFO [UserId=18] Sayfa 15: 50 ürün alındı. (Toplam: 1043)
2026-07-22 20:57:41,001 INFO [UserId=18] Sayfa 16: 50 ürün alındı. (Toplam: 1043)
2026-07-22 20:57:41,255 INFO [UserId=18] Sayfa 17: 50 ürün alındı. (Toplam: 1043)
2026-07-22 20:57:41,504 INFO [UserId=18] Sayfa 18: 50 ürün alındı. (Toplam: 1043)
2026-07-22 20:57:41,751 INFO [UserId=18] Sayfa 19: 50 ürün alındı. (Toplam: 1043)
2026-07-22 20:57:41,994 INFO [UserId=18] Sayfa 20: 50 ürün alındı. (Toplam: 1043)
2026-07-22 20:57:42,238 INFO [UserId=18] Sayfa 21: 43 ürün alındı. (Toplam: 1043)
2026-07-22 20:57:42,238 INFO [UserId=18] Toplam 1043 ürün çekildi.
2026-07-22 20:57:42,276 INFO Varyantlı XML feed yazıldı: docs/ecza1-feed.xml (4605 satır / varyant)
2026-07-22 20:57:42,278 INFO Tüm mağazalar için senkronizasyon tamamlandı.
2026-07-23 06:38:16,773 INFO Giriş başarılı (302 yönlendirme -> /).
2026-07-23 06:39:34,957 INFO Kategori/marka tablosu hazır: 658 kategori, 3318 marka bulundu.
2026-07-23 06:39:35,230 INFO [UserId=7982] Sayfa 1: 50 ürün alındı. (Toplam: 642)
2026-07-23 06:39:35,497 INFO [UserId=7982] Sayfa 2: 50 ürün alındı. (Toplam: 642)
2026-07-23 06:39:35,769 INFO [UserId=7982] Sayfa 3: 50 ürün alındı. (Toplam: 642)
2026-07-23 06:39:36,037 INFO [UserId=7982] Sayfa 4: 50 ürün alındı. (Toplam: 642)
2026-07-23 06:39:36,295 INFO [UserId=7982] Sayfa 5: 50 ürün alındı. (Toplam: 642)
2026-07-23 06:39:36,559 INFO [UserId=7982] Sayfa 6: 50 ürün alındı. (Toplam: 642)
2026-07-23 06:39:36,836 INFO [UserId=7982] Sayfa 7: 50 ürün alındı. (Toplam: 642)
2026-07-23 06:39:37,098 INFO [UserId=7982] Sayfa 8: 50 ürün alındı. (Toplam: 642)
2026-07-23 06:39:37,381 INFO [UserId=7982] Sayfa 9: 50 ürün alındı. (Toplam: 642)
2026-07-23 06:39:37,651 INFO [UserId=7982] Sayfa 10: 50 ürün alındı. (Toplam: 642)
2026-07-23 06:39:37,908 INFO [UserId=7982] Sayfa 11: 50 ürün alındı. (Toplam: 642)
2026-07-23 06:39:38,168 INFO [UserId=7982] Sayfa 12: 50 ürün alındı. (Toplam: 642)
2026-07-23 06:39:38,462 INFO [UserId=7982] Sayfa 13: 42 ürün alındı. (Toplam: 642)
2026-07-23 06:39:38,462 INFO [UserId=7982] Toplam 642 ürün çekildi.
2026-07-23 06:39:38,728 INFO [UserId=16982] Sayfa 1: 50 ürün alındı. (Toplam: 779)
2026-07-23 06:39:39,022 INFO [UserId=16982] Sayfa 2: 50 ürün alındı. (Toplam: 779)
2026-07-23 06:39:39,316 INFO [UserId=16982] Sayfa 3: 50 ürün alındı. (Toplam: 779)
2026-07-23 06:39:39,589 INFO [UserId=16982] Sayfa 4: 50 ürün alındı. (Toplam: 779)
2026-07-23 06:39:39,842 INFO [UserId=16982] Sayfa 5: 50 ürün alındı. (Toplam: 779)
2026-07-23 06:39:40,108 INFO [UserId=16982] Sayfa 6: 50 ürün alındı. (Toplam: 779)
2026-07-23 06:39:40,409 INFO [UserId=16982] Sayfa 7: 50 ürün alındı. (Toplam: 779)
2026-07-23 06:39:40,688 INFO [UserId=16982] Sayfa 8: 50 ürün alındı. (Toplam: 779)
2026-07-23 06:39:40,966 INFO [UserId=16982] Sayfa 9: 50 ürün alındı. (Toplam: 779)
2026-07-23 06:39:41,254 INFO [UserId=16982] Sayfa 10: 50 ürün alındı. (Toplam: 779)
2026-07-23 06:39:41,546 INFO [UserId=16982] Sayfa 11: 50 ürün alındı. (Toplam: 779)
2026-07-23 06:39:41,890 INFO [UserId=16982] Sayfa 12: 50 ürün alındı. (Toplam: 779)
2026-07-23 06:39:42,158 INFO [UserId=16982] Sayfa 13: 50 ürün alındı. (Toplam: 779)
2026-07-23 06:39:42,426 INFO [UserId=16982] Sayfa 14: 50 ürün alındı. (Toplam: 779)
2026-07-23 06:39:42,700 INFO [UserId=16982] Sayfa 15: 50 ürün alındı. (Toplam: 779)
2026-07-23 06:39:42,950 INFO [UserId=16982] Sayfa 16: 29 ürün alındı. (Toplam: 779)
2026-07-23 06:39:42,950 INFO [UserId=16982] Toplam 779 ürün çekildi.
2026-07-23 06:39:43,202 INFO [UserId=19598] Sayfa 1: 50 ürün alındı. (Toplam: 358)
2026-07-23 06:39:43,457 INFO [UserId=19598] Sayfa 2: 50 ürün alındı. (Toplam: 358)
2026-07-23 06:39:43,707 INFO [UserId=19598] Sayfa 3: 50 ürün alındı. (Toplam: 358)
2026-07-23 06:39:43,955 INFO [UserId=19598] Sayfa 4: 50 ürün alındı. (Toplam: 358)
2026-07-23 06:39:44,216 INFO [UserId=19598] Sayfa 5: 50 ürün alındı. (Toplam: 358)
2026-07-23 06:39:44,469 INFO [UserId=19598] Sayfa 6: 50 ürün alındı. (Toplam: 358)
2026-07-23 06:39:44,739 INFO [UserId=19598] Sayfa 7: 50 ürün alındı. (Toplam: 358)
2026-07-23 06:39:44,964 INFO [UserId=19598] Sayfa 8: 8 ürün alındı. (Toplam: 358)
2026-07-23 06:39:44,964 INFO [UserId=19598] Toplam 358 ürün çekildi.
2026-07-23 06:39:45,235 INFO [UserId=21144] Sayfa 1: 50 ürün alındı. (Toplam: 396)
2026-07-23 06:39:45,498 INFO [UserId=21144] Sayfa 2: 50 ürün alındı. (Toplam: 396)
2026-07-23 06:39:45,765 INFO [UserId=21144] Sayfa 3: 50 ürün alındı. (Toplam: 396)
2026-07-23 06:39:46,027 INFO [UserId=21144] Sayfa 4: 50 ürün alındı. (Toplam: 396)
2026-07-23 06:39:46,405 INFO [UserId=21144] Sayfa 5: 50 ürün alındı. (Toplam: 396)
2026-07-23 06:39:46,673 INFO [UserId=21144] Sayfa 6: 50 ürün alındı. (Toplam: 396)
2026-07-23 06:39:46,936 INFO [UserId=21144] Sayfa 7: 50 ürün alındı. (Toplam: 396)
2026-07-23 06:39:47,200 INFO [UserId=21144] Sayfa 8: 46 ürün alındı. (Toplam: 396)
2026-07-23 06:39:47,200 INFO [UserId=21144] Toplam 396 ürün çekildi.
2026-07-23 06:39:47,474 INFO [UserId=184] Sayfa 1: 50 ürün alındı. (Toplam: 491)
2026-07-23 06:39:47,743 INFO [UserId=184] Sayfa 2: 50 ürün alındı. (Toplam: 491)
2026-07-23 06:39:48,027 INFO [UserId=184] Sayfa 3: 50 ürün alındı. (Toplam: 491)
2026-07-23 06:39:48,294 INFO [UserId=184] Sayfa 4: 50 ürün alındı. (Toplam: 491)
2026-07-23 06:39:48,566 INFO [UserId=184] Sayfa 5: 50 ürün alındı. (Toplam: 491)
2026-07-23 06:39:48,851 INFO [UserId=184] Sayfa 6: 50 ürün alındı. (Toplam: 491)
2026-07-23 06:39:49,198 INFO [UserId=184] Sayfa 7: 50 ürün alındı. (Toplam: 491)
2026-07-23 06:39:49,478 INFO [UserId=184] Sayfa 8: 50 ürün alındı. (Toplam: 491)
2026-07-23 06:39:49,759 INFO [UserId=184] Sayfa 9: 50 ürün alındı. (Toplam: 491)
2026-07-23 06:39:50,016 INFO [UserId=184] Sayfa 10: 41 ürün alındı. (Toplam: 491)
2026-07-23 06:39:50,016 INFO [UserId=184] Toplam 491 ürün çekildi.
2026-07-23 06:39:50,270 INFO [UserId=1735] Sayfa 1: 50 ürün alındı. (Toplam: 312)
2026-07-23 06:39:50,533 INFO [UserId=1735] Sayfa 2: 50 ürün alındı. (Toplam: 312)
2026-07-23 06:39:50,791 INFO [UserId=1735] Sayfa 3: 50 ürün alındı. (Toplam: 312)
2026-07-23 06:39:51,055 INFO [UserId=1735] Sayfa 4: 50 ürün alındı. (Toplam: 312)
2026-07-23 06:39:51,325 INFO [UserId=1735] Sayfa 5: 50 ürün alındı. (Toplam: 312)
2026-07-23 06:39:51,575 INFO [UserId=1735] Sayfa 6: 50 ürün alındı. (Toplam: 312)
2026-07-23 06:39:51,800 INFO [UserId=1735] Sayfa 7: 12 ürün alındı. (Toplam: 312)
2026-07-23 06:39:51,800 INFO [UserId=1735] Toplam 312 ürün çekildi.
2026-07-23 06:39:52,060 INFO [UserId=11197] Sayfa 1: 50 ürün alındı. (Toplam: 207)
2026-07-23 06:39:52,315 INFO [UserId=11197] Sayfa 2: 50 ürün alındı. (Toplam: 207)
2026-07-23 06:39:52,574 INFO [UserId=11197] Sayfa 3: 50 ürün alındı. (Toplam: 207)
2026-07-23 06:39:52,831 INFO [UserId=11197] Sayfa 4: 50 ürün alındı. (Toplam: 207)
2026-07-23 06:39:53,062 INFO [UserId=11197] Sayfa 5: 7 ürün alındı. (Toplam: 207)
2026-07-23 06:39:53,062 INFO [UserId=11197] Toplam 207 ürün çekildi.
2026-07-23 06:39:53,332 INFO [UserId=759] Sayfa 1: 50 ürün alındı. (Toplam: 384)
2026-07-23 06:39:53,597 INFO [UserId=759] Sayfa 2: 50 ürün alındı. (Toplam: 384)
2026-07-23 06:39:53,856 INFO [UserId=759] Sayfa 3: 50 ürün alındı. (Toplam: 384)
2026-07-23 06:39:54,120 INFO [UserId=759] Sayfa 4: 50 ürün alındı. (Toplam: 384)
2026-07-23 06:39:54,402 INFO [UserId=759] Sayfa 5: 50 ürün alındı. (Toplam: 384)
2026-07-23 06:39:54,689 INFO [UserId=759] Sayfa 6: 50 ürün alındı. (Toplam: 384)
2026-07-23 06:39:54,949 INFO [UserId=759] Sayfa 7: 50 ürün alındı. (Toplam: 384)
2026-07-23 06:39:55,198 INFO [UserId=759] Sayfa 8: 34 ürün alındı. (Toplam: 384)
2026-07-23 06:39:55,198 INFO [UserId=759] Toplam 384 ürün çekildi.
2026-07-23 06:39:55,485 INFO [UserId=18] Sayfa 1: 50 ürün alındı. (Toplam: 1040)
2026-07-23 06:39:55,765 INFO [UserId=18] Sayfa 2: 50 ürün alındı. (Toplam: 1040)
2026-07-23 06:39:56,043 INFO [UserId=18] Sayfa 3: 50 ürün alındı. (Toplam: 1040)
2026-07-23 06:39:56,314 INFO [UserId=18] Sayfa 4: 50 ürün alındı. (Toplam: 1040)
2026-07-23 06:39:56,580 INFO [UserId=18] Sayfa 5: 50 ürün alındı. (Toplam: 1040)
2026-07-23 06:39:56,862 INFO [UserId=18] Sayfa 6: 50 ürün alındı. (Toplam: 1040)
2026-07-23 06:39:57,133 INFO [UserId=18] Sayfa 7: 50 ürün alındı. (Toplam: 1040)
2026-07-23 06:39:57,410 INFO [UserId=18] Sayfa 8: 50 ürün alındı. (Toplam: 1040)
2026-07-23 06:39:57,705 INFO [UserId=18] Sayfa 9: 50 ürün alındı. (Toplam: 1040)
2026-07-23 06:39:57,983 INFO [UserId=18] Sayfa 10: 50 ürün alındı. (Toplam: 1040)
2026-07-23 06:39:58,253 INFO [UserId=18] Sayfa 11: 50 ürün alındı. (Toplam: 1040)
2026-07-23 06:39:58,567 INFO [UserId=18] Sayfa 12: 50 ürün alındı. (Toplam: 1040)
2026-07-23 06:39:58,879 INFO [UserId=18] Sayfa 13: 50 ürün alındı. (Toplam: 1040)
2026-07-23 06:39:59,170 INFO [UserId=18] Sayfa 14: 50 ürün alındı. (Toplam: 1040)
2026-07-23 06:39:59,441 INFO [UserId=18] Sayfa 15: 50 ürün alındı. (Toplam: 1040)
2026-07-23 06:39:59,726 INFO [UserId=18] Sayfa 16: 50 ürün alındı. (Toplam: 1040)
2026-07-23 06:40:00,008 INFO [UserId=18] Sayfa 17: 50 ürün alındı. (Toplam: 1040)
2026-07-23 06:40:00,289 INFO [UserId=18] Sayfa 18: 50 ürün alındı. (Toplam: 1040)
2026-07-23 06:40:00,565 INFO [UserId=18] Sayfa 19: 50 ürün alındı. (Toplam: 1040)
2026-07-23 06:40:00,833 INFO [UserId=18] Sayfa 20: 50 ürün alındı. (Toplam: 1040)
2026-07-23 06:40:01,135 INFO [UserId=18] Sayfa 21: 40 ürün alındı. (Toplam: 1040)
2026-07-23 06:40:01,135 INFO [UserId=18] Toplam 1040 ürün çekildi.
2026-07-23 06:40:01,174 INFO Varyantlı XML feed yazıldı: docs/ecza1-feed.xml (4609 satır / varyant)
2026-07-23 06:40:01,177 INFO Tüm mağazalar için senkronizasyon tamamlandı.
2026-07-23 12:15:46,972 INFO Giriş başarılı (302 yönlendirme -> /).
2026-07-23 12:17:04,628 INFO Kategori/marka tablosu hazır: 658 kategori, 3321 marka bulundu.
2026-07-23 12:17:04,904 INFO [UserId=7982] Sayfa 1: 50 ürün alındı. (Toplam: 642)
2026-07-23 12:17:05,175 INFO [UserId=7982] Sayfa 2: 50 ürün alındı. (Toplam: 642)
2026-07-23 12:17:05,454 INFO [UserId=7982] Sayfa 3: 50 ürün alındı. (Toplam: 642)
2026-07-23 12:17:05,724 INFO [UserId=7982] Sayfa 4: 50 ürün alındı. (Toplam: 642)
2026-07-23 12:17:06,049 INFO [UserId=7982] Sayfa 5: 50 ürün alındı. (Toplam: 642)
2026-07-23 12:17:06,378 INFO [UserId=7982] Sayfa 6: 50 ürün alındı. (Toplam: 642)
2026-07-23 12:17:06,668 INFO [UserId=7982] Sayfa 7: 50 ürün alındı. (Toplam: 642)
2026-07-23 12:17:06,958 INFO [UserId=7982] Sayfa 8: 50 ürün alındı. (Toplam: 642)
2026-07-23 12:17:07,232 INFO [UserId=7982] Sayfa 9: 50 ürün alındı. (Toplam: 642)
2026-07-23 12:17:07,643 INFO [UserId=7982] Sayfa 10: 50 ürün alındı. (Toplam: 642)
2026-07-23 12:17:07,955 INFO [UserId=7982] Sayfa 11: 50 ürün alındı. (Toplam: 642)
2026-07-23 12:17:08,282 INFO [UserId=7982] Sayfa 12: 50 ürün alındı. (Toplam: 642)
2026-07-23 12:17:08,611 INFO [UserId=7982] Sayfa 13: 42 ürün alındı. (Toplam: 642)
2026-07-23 12:17:08,612 INFO [UserId=7982] Toplam 642 ürün çekildi.
2026-07-23 12:17:08,948 INFO [UserId=16982] Sayfa 1: 50 ürün alındı. (Toplam: 777)
2026-07-23 12:17:09,227 INFO [UserId=16982] Sayfa 2: 50 ürün alındı. (Toplam: 777)
2026-07-23 12:17:09,510 INFO [UserId=16982] Sayfa 3: 50 ürün alındı. (Toplam: 777)
2026-07-23 12:17:09,792 INFO [UserId=16982] Sayfa 4: 50 ürün alındı. (Toplam: 777)
2026-07-23 12:17:10,060 INFO [UserId=16982] Sayfa 5: 50 ürün alındı. (Toplam: 777)
2026-07-23 12:17:10,330 INFO [UserId=16982] Sayfa 6: 50 ürün alındı. (Toplam: 777)
2026-07-23 12:17:10,605 INFO [UserId=16982] Sayfa 7: 50 ürün alındı. (Toplam: 777)
2026-07-23 12:17:10,908 INFO [UserId=16982] Sayfa 8: 50 ürün alındı. (Toplam: 777)
2026-07-23 12:17:11,189 INFO [UserId=16982] Sayfa 9: 50 ürün alındı. (Toplam: 777)
2026-07-23 12:17:11,469 INFO [UserId=16982] Sayfa 10: 50 ürün alındı. (Toplam: 777)
2026-07-23 12:17:11,752 INFO [UserId=16982] Sayfa 11: 50 ürün alındı. (Toplam: 777)
2026-07-23 12:17:12,066 INFO [UserId=16982] Sayfa 12: 50 ürün alındı. (Toplam: 777)
2026-07-23 12:17:12,345 INFO [UserId=16982] Sayfa 13: 50 ürün alındı. (Toplam: 777)
2026-07-23 12:17:12,624 INFO [UserId=16982] Sayfa 14: 50 ürün alındı. (Toplam: 777)
2026-07-23 12:17:12,903 INFO [UserId=16982] Sayfa 15: 50 ürün alındı. (Toplam: 777)
2026-07-23 12:17:13,213 INFO [UserId=16982] Sayfa 16: 27 ürün alındı. (Toplam: 777)
2026-07-23 12:17:13,213 INFO [UserId=16982] Toplam 777 ürün çekildi.
2026-07-23 12:17:13,476 INFO [UserId=19598] Sayfa 1: 50 ürün alındı. (Toplam: 358)
2026-07-23 12:17:13,738 INFO [UserId=19598] Sayfa 2: 50 ürün alındı. (Toplam: 358)
2026-07-23 12:17:14,050 INFO [UserId=19598] Sayfa 3: 50 ürün alındı. (Toplam: 358)
2026-07-23 12:17:14,312 INFO [UserId=19598] Sayfa 4: 50 ürün alındı. (Toplam: 358)
2026-07-23 12:17:14,609 INFO [UserId=19598] Sayfa 5: 50 ürün alındı. (Toplam: 358)
2026-07-23 12:17:14,902 INFO [UserId=19598] Sayfa 6: 50 ürün alındı. (Toplam: 358)
2026-07-23 12:17:15,185 INFO [UserId=19598] Sayfa 7: 50 ürün alındı. (Toplam: 358)
2026-07-23 12:17:15,420 INFO [UserId=19598] Sayfa 8: 8 ürün alındı. (Toplam: 358)
2026-07-23 12:17:15,420 INFO [UserId=19598] Toplam 358 ürün çekildi.
2026-07-23 12:17:15,710 INFO [UserId=21144] Sayfa 1: 50 ürün alındı. (Toplam: 417)
2026-07-23 12:17:16,015 INFO [UserId=21144] Sayfa 2: 50 ürün alındı. (Toplam: 417)
2026-07-23 12:17:16,336 INFO [UserId=21144] Sayfa 3: 50 ürün alındı. (Toplam: 417)
2026-07-23 12:17:16,614 INFO [UserId=21144] Sayfa 4: 50 ürün alındı. (Toplam: 417)
2026-07-23 12:17:16,907 INFO [UserId=21144] Sayfa 5: 50 ürün alındı. (Toplam: 417)
2026-07-23 12:17:17,197 INFO [UserId=21144] Sayfa 6: 50 ürün alındı. (Toplam: 417)
2026-07-23 12:17:17,482 INFO [UserId=21144] Sayfa 7: 50 ürün alındı. (Toplam: 417)
2026-07-23 12:17:17,756 INFO [UserId=21144] Sayfa 8: 50 ürün alındı. (Toplam: 417)
2026-07-23 12:17:17,999 INFO [UserId=21144] Sayfa 9: 17 ürün alındı. (Toplam: 417)
2026-07-23 12:17:18,000 INFO [UserId=21144] Toplam 417 ürün çekildi.
2026-07-23 12:17:18,273 INFO [UserId=184] Sayfa 1: 50 ürün alındı. (Toplam: 488)
2026-07-23 12:17:18,609 INFO [UserId=184] Sayfa 2: 50 ürün alındı. (Toplam: 488)
2026-07-23 12:17:18,953 INFO [UserId=184] Sayfa 3: 50 ürün alındı. (Toplam: 488)
2026-07-23 12:17:19,224 INFO [UserId=184] Sayfa 4: 50 ürün alındı. (Toplam: 488)
2026-07-23 12:17:19,499 INFO [UserId=184] Sayfa 5: 50 ürün alındı. (Toplam: 488)
2026-07-23 12:17:19,795 INFO [UserId=184] Sayfa 6: 50 ürün alındı. (Toplam: 488)
2026-07-23 12:17:20,114 INFO [UserId=184] Sayfa 7: 50 ürün alındı. (Toplam: 488)
2026-07-23 12:17:20,432 INFO [UserId=184] Sayfa 8: 50 ürün alındı. (Toplam: 488)
2026-07-23 12:17:20,719 INFO [UserId=184] Sayfa 9: 50 ürün alındı. (Toplam: 488)
2026-07-23 12:17:20,981 INFO [UserId=184] Sayfa 10: 38 ürün alındı. (Toplam: 488)
2026-07-23 12:17:20,981 INFO [UserId=184] Toplam 488 ürün çekildi.
2026-07-23 12:17:21,296 INFO [UserId=1735] Sayfa 1: 50 ürün alındı. (Toplam: 310)
2026-07-23 12:17:21,565 INFO [UserId=1735] Sayfa 2: 50 ürün alındı. (Toplam: 310)
2026-07-23 12:17:21,831 INFO [UserId=1735] Sayfa 3: 50 ürün alındı. (Toplam: 310)
2026-07-23 12:17:22,103 INFO [UserId=1735] Sayfa 4: 50 ürün alındı. (Toplam: 310)
2026-07-23 12:17:22,389 INFO [UserId=1735] Sayfa 5: 50 ürün alındı. (Toplam: 310)
2026-07-23 12:17:22,666 INFO [UserId=1735] Sayfa 6: 50 ürün alındı. (Toplam: 310)
2026-07-23 12:17:22,926 INFO [UserId=1735] Sayfa 7: 10 ürün alındı. (Toplam: 310)
2026-07-23 12:17:22,926 INFO [UserId=1735] Toplam 310 ürün çekildi.
2026-07-23 12:17:23,253 INFO [UserId=11197] Sayfa 1: 50 ürün alındı. (Toplam: 202)
2026-07-23 12:17:23,573 INFO [UserId=11197] Sayfa 2: 50 ürün alındı. (Toplam: 202)
2026-07-23 12:17:23,847 INFO [UserId=11197] Sayfa 3: 50 ürün alındı. (Toplam: 202)
2026-07-23 12:17:24,115 INFO [UserId=11197] Sayfa 4: 50 ürün alındı. (Toplam: 202)
2026-07-23 12:17:24,337 INFO [UserId=11197] Sayfa 5: 2 ürün alındı. (Toplam: 202)
2026-07-23 12:17:24,337 INFO [UserId=11197] Toplam 202 ürün çekildi.
2026-07-23 12:17:24,614 INFO [UserId=759] Sayfa 1: 50 ürün alındı. (Toplam: 384)
2026-07-23 12:17:24,885 INFO [UserId=759] Sayfa 2: 50 ürün alındı. (Toplam: 384)
2026-07-23 12:17:25,153 INFO [UserId=759] Sayfa 3: 50 ürün alındı. (Toplam: 384)
2026-07-23 12:17:25,425 INFO [UserId=759] Sayfa 4: 50 ürün alındı. (Toplam: 384)
2026-07-23 12:17:25,714 INFO [UserId=759] Sayfa 5: 50 ürün alındı. (Toplam: 384)
2026-07-23 12:17:25,980 INFO [UserId=759] Sayfa 6: 50 ürün alındı. (Toplam: 384)
2026-07-23 12:17:26,253 INFO [UserId=759] Sayfa 7: 50 ürün alındı. (Toplam: 384)
2026-07-23 12:17:26,513 INFO [UserId=759] Sayfa 8: 34 ürün alındı. (Toplam: 384)
2026-07-23 12:17:26,513 INFO [UserId=759] Toplam 384 ürün çekildi.
2026-07-23 12:17:26,800 INFO [UserId=18] Sayfa 1: 50 ürün alındı. (Toplam: 1040)
2026-07-23 12:17:27,105 INFO [UserId=18] Sayfa 2: 50 ürün alındı. (Toplam: 1040)
2026-07-23 12:17:27,389 INFO [UserId=18] Sayfa 3: 50 ürün alındı. (Toplam: 1040)
2026-07-23 12:17:27,678 INFO [UserId=18] Sayfa 4: 50 ürün alındı. (Toplam: 1040)
2026-07-23 12:17:27,958 INFO [UserId=18] Sayfa 5: 50 ürün alındı. (Toplam: 1040)
2026-07-23 12:17:28,253 INFO [UserId=18] Sayfa 6: 50 ürün alındı. (Toplam: 1040)
2026-07-23 12:17:28,534 INFO [UserId=18] Sayfa 7: 50 ürün alındı. (Toplam: 1040)
2026-07-23 12:17:28,818 INFO [UserId=18] Sayfa 8: 50 ürün alındı. (Toplam: 1040)
2026-07-23 12:17:29,110 INFO [UserId=18] Sayfa 9: 50 ürün alındı. (Toplam: 1040)
2026-07-23 12:17:29,392 INFO [UserId=18] Sayfa 10: 50 ürün alındı. (Toplam: 1040)
2026-07-23 12:17:29,667 INFO [UserId=18] Sayfa 11: 50 ürün alındı. (Toplam: 1040)
2026-07-23 12:17:29,983 INFO [UserId=18] Sayfa 12: 50 ürün alındı. (Toplam: 1040)
2026-07-23 12:17:30,306 INFO [UserId=18] Sayfa 13: 50 ürün alındı. (Toplam: 1040)
2026-07-23 12:17:30,650 INFO [UserId=18] Sayfa 14: 50 ürün alındı. (Toplam: 1040)
2026-07-23 12:17:30,942 INFO [UserId=18] Sayfa 15: 50 ürün alındı. (Toplam: 1040)
2026-07-23 12:17:31,235 INFO [UserId=18] Sayfa 16: 50 ürün alındı. (Toplam: 1040)
2026-07-23 12:17:31,514 INFO [UserId=18] Sayfa 17: 50 ürün alındı. (Toplam: 1040)
2026-07-23 12:17:31,802 INFO [UserId=18] Sayfa 18: 50 ürün alındı. (Toplam: 1040)
2026-07-23 12:17:32,135 INFO [UserId=18] Sayfa 19: 50 ürün alındı. (Toplam: 1040)
2026-07-23 12:17:32,407 INFO [UserId=18] Sayfa 20: 50 ürün alındı. (Toplam: 1040)
2026-07-23 12:17:32,686 INFO [UserId=18] Sayfa 21: 40 ürün alındı. (Toplam: 1040)
2026-07-23 12:17:32,686 INFO [UserId=18] Toplam 1040 ürün çekildi.
2026-07-23 12:17:32,723 INFO Varyantlı XML feed yazıldı: docs/ecza1-feed.xml (4618 satır / varyant)
2026-07-23 12:17:32,724 INFO Tüm mağazalar için senkronizasyon tamamlandı.
2026-07-23 17:58:36,618 INFO Giriş başarılı (302 yönlendirme -> /).
2026-07-23 17:59:34,217 INFO Kategori/marka tablosu hazır: 658 kategori, 3328 marka bulundu.
2026-07-23 17:59:34,445 INFO [UserId=7982] Sayfa 1: 50 ürün alındı. (Toplam: 638)
2026-07-23 17:59:34,669 INFO [UserId=7982] Sayfa 2: 50 ürün alındı. (Toplam: 638)
2026-07-23 17:59:34,901 INFO [UserId=7982] Sayfa 3: 50 ürün alındı. (Toplam: 638)
2026-07-23 17:59:35,120 INFO [UserId=7982] Sayfa 4: 50 ürün alındı. (Toplam: 638)
2026-07-23 17:59:35,373 INFO [UserId=7982] Sayfa 5: 50 ürün alındı. (Toplam: 638)
2026-07-23 17:59:35,592 INFO [UserId=7982] Sayfa 6: 50 ürün alındı. (Toplam: 638)
2026-07-23 17:59:35,825 INFO [UserId=7982] Sayfa 7: 50 ürün alındı. (Toplam: 638)
2026-07-23 17:59:36,048 INFO [UserId=7982] Sayfa 8: 50 ürün alındı. (Toplam: 638)
2026-07-23 17:59:36,275 INFO [UserId=7982] Sayfa 9: 50 ürün alındı. (Toplam: 638)
2026-07-23 17:59:36,504 INFO [UserId=7982] Sayfa 10: 50 ürün alındı. (Toplam: 638)
2026-07-23 17:59:36,713 INFO [UserId=7982] Sayfa 11: 50 ürün alındı. (Toplam: 638)
2026-07-23 17:59:36,931 INFO [UserId=7982] Sayfa 12: 50 ürün alındı. (Toplam: 638)
2026-07-23 17:59:37,149 INFO [UserId=7982] Sayfa 13: 38 ürün alındı. (Toplam: 638)
2026-07-23 17:59:37,149 INFO [UserId=7982] Toplam 638 ürün çekildi.
2026-07-23 17:59:37,378 INFO [UserId=16982] Sayfa 1: 50 ürün alındı. (Toplam: 781)
2026-07-23 17:59:37,615 INFO [UserId=16982] Sayfa 2: 50 ürün alındı. (Toplam: 781)
2026-07-23 17:59:37,851 INFO [UserId=16982] Sayfa 3: 50 ürün alındı. (Toplam: 781)
2026-07-23 17:59:38,086 INFO [UserId=16982] Sayfa 4: 50 ürün alındı. (Toplam: 781)
2026-07-23 17:59:38,296 INFO [UserId=16982] Sayfa 5: 50 ürün alındı. (Toplam: 781)
2026-07-23 17:59:38,518 INFO [UserId=16982] Sayfa 6: 50 ürün alındı. (Toplam: 781)
2026-07-23 17:59:38,740 INFO [UserId=16982] Sayfa 7: 50 ürün alındı. (Toplam: 781)
2026-07-23 17:59:38,978 INFO [UserId=16982] Sayfa 8: 50 ürün alındı. (Toplam: 781)
2026-07-23 17:59:39,205 INFO [UserId=16982] Sayfa 9: 50 ürün alındı. (Toplam: 781)
2026-07-23 17:59:39,431 INFO [UserId=16982] Sayfa 10: 50 ürün alındı. (Toplam: 781)
2026-07-23 17:59:39,664 INFO [UserId=16982] Sayfa 11: 50 ürün alındı. (Toplam: 781)
2026-07-23 17:59:39,929 INFO [UserId=16982] Sayfa 12: 50 ürün alındı. (Toplam: 781)
2026-07-23 17:59:40,166 INFO [UserId=16982] Sayfa 13: 50 ürün alındı. (Toplam: 781)
2026-07-23 17:59:40,390 INFO [UserId=16982] Sayfa 14: 50 ürün alındı. (Toplam: 781)
2026-07-23 17:59:40,617 INFO [UserId=16982] Sayfa 15: 50 ürün alındı. (Toplam: 781)
2026-07-23 17:59:40,827 INFO [UserId=16982] Sayfa 16: 31 ürün alındı. (Toplam: 781)
2026-07-23 17:59:40,827 INFO [UserId=16982] Toplam 781 ürün çekildi.
2026-07-23 17:59:41,036 INFO [UserId=19598] Sayfa 1: 50 ürün alındı. (Toplam: 362)
2026-07-23 17:59:41,245 INFO [UserId=19598] Sayfa 2: 50 ürün alındı. (Toplam: 362)
2026-07-23 17:59:41,456 INFO [UserId=19598] Sayfa 3: 50 ürün alındı. (Toplam: 362)
2026-07-23 17:59:41,667 INFO [UserId=19598] Sayfa 4: 50 ürün alındı. (Toplam: 362)
2026-07-23 17:59:41,867 INFO [UserId=19598] Sayfa 5: 50 ürün alındı. (Toplam: 362)
2026-07-23 17:59:42,076 INFO [UserId=19598] Sayfa 6: 50 ürün alındı. (Toplam: 362)
2026-07-23 17:59:42,301 INFO [UserId=19598] Sayfa 7: 50 ürün alındı. (Toplam: 362)
2026-07-23 17:59:42,489 INFO [UserId=19598] Sayfa 8: 12 ürün alındı. (Toplam: 362)
2026-07-23 17:59:42,489 INFO [UserId=19598] Toplam 362 ürün çekildi.
2026-07-23 17:59:42,723 INFO [UserId=21144] Sayfa 1: 50 ürün alındı. (Toplam: 419)
2026-07-23 17:59:42,946 INFO [UserId=21144] Sayfa 2: 50 ürün alındı. (Toplam: 419)
2026-07-23 17:59:43,172 INFO [UserId=21144] Sayfa 3: 50 ürün alındı. (Toplam: 419)
2026-07-23 17:59:43,389 INFO [UserId=21144] Sayfa 4: 50 ürün alındı. (Toplam: 419)
2026-07-23 17:59:43,624 INFO [UserId=21144] Sayfa 5: 50 ürün alındı. (Toplam: 419)
2026-07-23 17:59:43,863 INFO [UserId=21144] Sayfa 6: 50 ürün alındı. (Toplam: 419)
2026-07-23 17:59:44,095 INFO [UserId=21144] Sayfa 7: 50 ürün alındı. (Toplam: 419)
2026-07-23 17:59:44,314 INFO [UserId=21144] Sayfa 8: 50 ürün alındı. (Toplam: 419)
2026-07-23 17:59:44,508 INFO [UserId=21144] Sayfa 9: 19 ürün alındı. (Toplam: 419)
2026-07-23 17:59:44,508 INFO [UserId=21144] Toplam 419 ürün çekildi.
2026-07-23 17:59:44,735 INFO [UserId=184] Sayfa 1: 50 ürün alındı. (Toplam: 490)
2026-07-23 17:59:44,962 INFO [UserId=184] Sayfa 2: 50 ürün alındı. (Toplam: 490)
2026-07-23 17:59:45,184 INFO [UserId=184] Sayfa 3: 50 ürün alındı. (Toplam: 490)
2026-07-23 17:59:45,418 INFO [UserId=184] Sayfa 4: 50 ürün alındı. (Toplam: 490)
2026-07-23 17:59:45,645 INFO [UserId=184] Sayfa 5: 50 ürün alındı. (Toplam: 490)
2026-07-23 17:59:45,883 INFO [UserId=184] Sayfa 6: 50 ürün alındı. (Toplam: 490)
2026-07-23 17:59:46,148 INFO [UserId=184] Sayfa 7: 50 ürün alındı. (Toplam: 490)
2026-07-23 17:59:46,373 INFO [UserId=184] Sayfa 8: 50 ürün alındı. (Toplam: 490)
2026-07-23 17:59:46,604 INFO [UserId=184] Sayfa 9: 50 ürün alındı. (Toplam: 490)
2026-07-23 17:59:46,814 INFO [UserId=184] Sayfa 10: 40 ürün alındı. (Toplam: 490)
2026-07-23 17:59:46,815 INFO [UserId=184] Toplam 490 ürün çekildi.
2026-07-23 17:59:47,026 INFO [UserId=1735] Sayfa 1: 50 ürün alındı. (Toplam: 317)
2026-07-23 17:59:47,246 INFO [UserId=1735] Sayfa 2: 50 ürün alındı. (Toplam: 317)
2026-07-23 17:59:47,463 INFO [UserId=1735] Sayfa 3: 50 ürün alındı. (Toplam: 317)
2026-07-23 17:59:47,685 INFO [UserId=1735] Sayfa 4: 50 ürün alındı. (Toplam: 317)
2026-07-23 17:59:47,918 INFO [UserId=1735] Sayfa 5: 50 ürün alındı. (Toplam: 317)
2026-07-23 17:59:48,132 INFO [UserId=1735] Sayfa 6: 50 ürün alındı. (Toplam: 317)
2026-07-23 17:59:48,318 INFO [UserId=1735] Sayfa 7: 17 ürün alındı. (Toplam: 317)
2026-07-23 17:59:48,318 INFO [UserId=1735] Toplam 317 ürün çekildi.
2026-07-23 17:59:48,537 INFO [UserId=11197] Sayfa 1: 50 ürün alındı. (Toplam: 201)
2026-07-23 17:59:48,750 INFO [UserId=11197] Sayfa 2: 50 ürün alındı. (Toplam: 201)
2026-07-23 17:59:48,968 INFO [UserId=11197] Sayfa 3: 50 ürün alındı. (Toplam: 201)
2026-07-23 17:59:49,186 INFO [UserId=11197] Sayfa 4: 50 ürün alındı. (Toplam: 201)
2026-07-23 17:59:49,360 INFO [UserId=11197] Sayfa 5: 1 ürün alındı. (Toplam: 201)
2026-07-23 17:59:49,360 INFO [UserId=11197] Toplam 201 ürün çekildi.
2026-07-23 17:59:49,582 INFO [UserId=759] Sayfa 1: 50 ürün alındı. (Toplam: 382)
2026-07-23 17:59:49,796 INFO [UserId=759] Sayfa 2: 50 ürün alındı. (Toplam: 382)
2026-07-23 17:59:50,101 INFO [UserId=759] Sayfa 3: 50 ürün alındı. (Toplam: 382)
2026-07-23 17:59:50,323 INFO [UserId=759] Sayfa 4: 50 ürün alındı. (Toplam: 382)
2026-07-23 17:59:50,557 INFO [UserId=759] Sayfa 5: 50 ürün alındı. (Toplam: 382)
2026-07-23 17:59:50,776 INFO [UserId=759] Sayfa 6: 50 ürün alındı. (Toplam: 382)
2026-07-23 17:59:50,999 INFO [UserId=759] Sayfa 7: 50 ürün alındı. (Toplam: 382)
2026-07-23 17:59:51,204 INFO [UserId=759] Sayfa 8: 32 ürün alındı. (Toplam: 382)
2026-07-23 17:59:51,205 INFO [UserId=759] Toplam 382 ürün çekildi.
2026-07-23 17:59:51,453 INFO [UserId=18] Sayfa 1: 50 ürün alındı. (Toplam: 1032)
2026-07-23 17:59:51,694 INFO [UserId=18] Sayfa 2: 50 ürün alındı. (Toplam: 1032)
2026-07-23 17:59:51,940 INFO [UserId=18] Sayfa 3: 50 ürün alındı. (Toplam: 1032)
2026-07-23 17:59:52,182 INFO [UserId=18] Sayfa 4: 50 ürün alındı. (Toplam: 1032)
2026-07-23 17:59:52,403 INFO [UserId=18] Sayfa 5: 50 ürün alındı. (Toplam: 1032)
2026-07-23 17:59:52,632 INFO [UserId=18] Sayfa 6: 50 ürün alındı. (Toplam: 1032)
2026-07-23 17:59:52,857 INFO [UserId=18] Sayfa 7: 50 ürün alındı. (Toplam: 1032)
2026-07-23 17:59:53,090 INFO [UserId=18] Sayfa 8: 50 ürün alındı. (Toplam: 1032)
2026-07-23 17:59:53,370 INFO [UserId=18] Sayfa 9: 50 ürün alındı. (Toplam: 1032)
2026-07-23 17:59:53,601 INFO [UserId=18] Sayfa 10: 50 ürün alındı. (Toplam: 1032)
2026-07-23 17:59:53,828 INFO [UserId=18] Sayfa 11: 50 ürün alındı. (Toplam: 1032)
2026-07-23 17:59:54,106 INFO [UserId=18] Sayfa 12: 50 ürün alındı. (Toplam: 1032)
2026-07-23 17:59:54,364 INFO [UserId=18] Sayfa 13: 50 ürün alındı. (Toplam: 1032)
2026-07-23 17:59:54,612 INFO [UserId=18] Sayfa 14: 50 ürün alındı. (Toplam: 1032)
2026-07-23 17:59:54,849 INFO [UserId=18] Sayfa 15: 50 ürün alındı. (Toplam: 1032)
2026-07-23 17:59:55,084 INFO [UserId=18] Sayfa 16: 50 ürün alındı. (Toplam: 1032)
2026-07-23 17:59:55,313 INFO [UserId=18] Sayfa 17: 50 ürün alındı. (Toplam: 1032)
2026-07-23 17:59:55,547 INFO [UserId=18] Sayfa 18: 50 ürün alındı. (Toplam: 1032)
2026-07-23 17:59:55,782 INFO [UserId=18] Sayfa 19: 50 ürün alındı. (Toplam: 1032)
2026-07-23 17:59:56,005 INFO [UserId=18] Sayfa 20: 50 ürün alındı. (Toplam: 1032)
2026-07-23 17:59:56,233 INFO [UserId=18] Sayfa 21: 32 ürün alındı. (Toplam: 1032)
2026-07-23 17:59:56,233 INFO [UserId=18] Toplam 1032 ürün çekildi.
2026-07-23 17:59:56,272 INFO Varyantlı XML feed yazıldı: docs/ecza1-feed.xml (4622 satır / varyant)
2026-07-23 17:59:56,274 INFO Tüm mağazalar için senkronizasyon tamamlandı.
2026-07-23 21:41:08,802 INFO Giriş başarılı (302 yönlendirme -> /).
2026-07-23 21:42:05,011 INFO Kategori/marka tablosu hazır: 658 kategori, 3328 marka bulundu.
2026-07-23 21:42:05,237 INFO [UserId=7982] Sayfa 1: 50 ürün alındı. (Toplam: 638)
2026-07-23 21:42:05,459 INFO [UserId=7982] Sayfa 2: 50 ürün alındı. (Toplam: 638)
2026-07-23 21:42:05,714 INFO [UserId=7982] Sayfa 3: 50 ürün alındı. (Toplam: 638)
2026-07-23 21:42:05,932 INFO [UserId=7982] Sayfa 4: 50 ürün alındı. (Toplam: 638)
2026-07-23 21:42:06,161 INFO [UserId=7982] Sayfa 5: 50 ürün alındı. (Toplam: 638)
2026-07-23 21:42:06,374 INFO [UserId=7982] Sayfa 6: 50 ürün alındı. (Toplam: 638)
2026-07-23 21:42:06,619 INFO [UserId=7982] Sayfa 7: 50 ürün alındı. (Toplam: 638)
2026-07-23 21:42:06,843 INFO [UserId=7982] Sayfa 8: 50 ürün alındı. (Toplam: 638)
2026-07-23 21:42:07,065 INFO [UserId=7982] Sayfa 9: 50 ürün alındı. (Toplam: 638)
2026-07-23 21:42:07,288 INFO [UserId=7982] Sayfa 10: 50 ürün alındı. (Toplam: 638)
2026-07-23 21:42:07,500 INFO [UserId=7982] Sayfa 11: 50 ürün alındı. (Toplam: 638)
2026-07-23 21:42:07,721 INFO [UserId=7982] Sayfa 12: 50 ürün alındı. (Toplam: 638)
2026-07-23 21:42:07,937 INFO [UserId=7982] Sayfa 13: 38 ürün alındı. (Toplam: 638)
2026-07-23 21:42:07,937 INFO [UserId=7982] Toplam 638 ürün çekildi.
2026-07-23 21:42:08,160 INFO [UserId=16982] Sayfa 1: 50 ürün alındı. (Toplam: 781)
2026-07-23 21:42:08,386 INFO [UserId=16982] Sayfa 2: 50 ürün alındı. (Toplam: 781)
2026-07-23 21:42:08,621 INFO [UserId=16982] Sayfa 3: 50 ürün alındı. (Toplam: 781)
2026-07-23 21:42:08,852 INFO [UserId=16982] Sayfa 4: 50 ürün alındı. (Toplam: 781)
2026-07-23 21:42:09,059 INFO [UserId=16982] Sayfa 5: 50 ürün alındı. (Toplam: 781)
2026-07-23 21:42:09,280 INFO [UserId=16982] Sayfa 6: 50 ürün alındı. (Toplam: 781)
2026-07-23 21:42:09,507 INFO [UserId=16982] Sayfa 7: 50 ürün alındı. (Toplam: 781)
2026-07-23 21:42:09,740 INFO [UserId=16982] Sayfa 8: 50 ürün alındı. (Toplam: 781)
2026-07-23 21:42:09,976 INFO [UserId=16982] Sayfa 9: 50 ürün alındı. (Toplam: 781)
2026-07-23 21:42:10,202 INFO [UserId=16982] Sayfa 10: 50 ürün alındı. (Toplam: 781)
2026-07-23 21:42:10,434 INFO [UserId=16982] Sayfa 11: 50 ürün alındı. (Toplam: 781)
2026-07-23 21:42:10,674 INFO [UserId=16982] Sayfa 12: 50 ürün alındı. (Toplam: 781)
2026-07-23 21:42:10,921 INFO [UserId=16982] Sayfa 13: 50 ürün alındı. (Toplam: 781)
2026-07-23 21:42:11,148 INFO [UserId=16982] Sayfa 14: 50 ürün alındı. (Toplam: 781)
2026-07-23 21:42:11,374 INFO [UserId=16982] Sayfa 15: 50 ürün alındı. (Toplam: 781)
2026-07-23 21:42:11,582 INFO [UserId=16982] Sayfa 16: 31 ürün alındı. (Toplam: 781)
2026-07-23 21:42:11,582 INFO [UserId=16982] Toplam 781 ürün çekildi.
2026-07-23 21:42:11,794 INFO [UserId=19598] Sayfa 1: 50 ürün alındı. (Toplam: 362)
2026-07-23 21:42:12,001 INFO [UserId=19598] Sayfa 2: 50 ürün alındı. (Toplam: 362)
2026-07-23 21:42:12,205 INFO [UserId=19598] Sayfa 3: 50 ürün alındı. (Toplam: 362)
2026-07-23 21:42:12,419 INFO [UserId=19598] Sayfa 4: 50 ürün alındı. (Toplam: 362)
2026-07-23 21:42:12,618 INFO [UserId=19598] Sayfa 5: 50 ürün alındı. (Toplam: 362)
2026-07-23 21:42:12,831 INFO [UserId=19598] Sayfa 6: 50 ürün alındı. (Toplam: 362)
2026-07-23 21:42:13,050 INFO [UserId=19598] Sayfa 7: 50 ürün alındı. (Toplam: 362)
2026-07-23 21:42:13,235 INFO [UserId=19598] Sayfa 8: 12 ürün alındı. (Toplam: 362)
2026-07-23 21:42:13,235 INFO [UserId=19598] Toplam 362 ürün çekildi.
2026-07-23 21:42:13,467 INFO [UserId=21144] Sayfa 1: 50 ürün alındı. (Toplam: 419)
2026-07-23 21:42:13,688 INFO [UserId=21144] Sayfa 2: 50 ürün alındı. (Toplam: 419)
2026-07-23 21:42:13,920 INFO [UserId=21144] Sayfa 3: 50 ürün alındı. (Toplam: 419)
2026-07-23 21:42:14,140 INFO [UserId=21144] Sayfa 4: 50 ürün alındı. (Toplam: 419)
2026-07-23 21:42:14,372 INFO [UserId=21144] Sayfa 5: 50 ürün alındı. (Toplam: 419)
2026-07-23 21:42:14,609 INFO [UserId=21144] Sayfa 6: 50 ürün alındı. (Toplam: 419)
2026-07-23 21:42:14,839 INFO [UserId=21144] Sayfa 7: 50 ürün alındı. (Toplam: 419)
2026-07-23 21:42:15,057 INFO [UserId=21144] Sayfa 8: 50 ürün alındı. (Toplam: 419)
2026-07-23 21:42:15,248 INFO [UserId=21144] Sayfa 9: 19 ürün alındı. (Toplam: 419)
2026-07-23 21:42:15,248 INFO [UserId=21144] Toplam 419 ürün çekildi.
2026-07-23 21:42:15,475 INFO [UserId=184] Sayfa 1: 50 ürün alındı. (Toplam: 490)
2026-07-23 21:42:15,697 INFO [UserId=184] Sayfa 2: 50 ürün alındı. (Toplam: 490)
2026-07-23 21:42:15,923 INFO [UserId=184] Sayfa 3: 50 ürün alındı. (Toplam: 490)
2026-07-23 21:42:16,146 INFO [UserId=184] Sayfa 4: 50 ürün alındı. (Toplam: 490)
2026-07-23 21:42:16,370 INFO [UserId=184] Sayfa 5: 50 ürün alındı. (Toplam: 490)
2026-07-23 21:42:16,611 INFO [UserId=184] Sayfa 6: 50 ürün alındı. (Toplam: 490)
2026-07-23 21:42:16,874 INFO [UserId=184] Sayfa 7: 50 ürün alındı. (Toplam: 490)
2026-07-23 21:42:17,108 INFO [UserId=184] Sayfa 8: 50 ürün alındı. (Toplam: 490)
2026-07-23 21:42:17,339 INFO [UserId=184] Sayfa 9: 50 ürün alındı. (Toplam: 490)
2026-07-23 21:42:17,572 INFO [UserId=184] Sayfa 10: 40 ürün alındı. (Toplam: 490)
2026-07-23 21:42:17,572 INFO [UserId=184] Toplam 490 ürün çekildi.
2026-07-23 21:42:17,793 INFO [UserId=1735] Sayfa 1: 50 ürün alındı. (Toplam: 317)
2026-07-23 21:42:18,017 INFO [UserId=1735] Sayfa 2: 50 ürün alındı. (Toplam: 317)
2026-07-23 21:42:18,237 INFO [UserId=1735] Sayfa 3: 50 ürün alındı. (Toplam: 317)
2026-07-23 21:42:18,448 INFO [UserId=1735] Sayfa 4: 50 ürün alındı. (Toplam: 317)
2026-07-23 21:42:18,670 INFO [UserId=1735] Sayfa 5: 50 ürün alındı. (Toplam: 317)
2026-07-23 21:42:18,879 INFO [UserId=1735] Sayfa 6: 50 ürün alındı. (Toplam: 317)
2026-07-23 21:42:19,061 INFO [UserId=1735] Sayfa 7: 17 ürün alındı. (Toplam: 317)
2026-07-23 21:42:19,061 INFO [UserId=1735] Toplam 317 ürün çekildi.
2026-07-23 21:42:19,290 INFO [UserId=11197] Sayfa 1: 50 ürün alındı. (Toplam: 201)
2026-07-23 21:42:19,503 INFO [UserId=11197] Sayfa 2: 50 ürün alındı. (Toplam: 201)
2026-07-23 21:42:19,719 INFO [UserId=11197] Sayfa 3: 50 ürün alındı. (Toplam: 201)
2026-07-23 21:42:19,933 INFO [UserId=11197] Sayfa 4: 50 ürün alındı. (Toplam: 201)
2026-07-23 21:42:20,109 INFO [UserId=11197] Sayfa 5: 1 ürün alındı. (Toplam: 201)
2026-07-23 21:42:20,109 INFO [UserId=11197] Toplam 201 ürün çekildi.
2026-07-23 21:42:20,339 INFO [UserId=759] Sayfa 1: 50 ürün alındı. (Toplam: 382)
2026-07-23 21:42:20,576 INFO [UserId=759] Sayfa 2: 50 ürün alındı. (Toplam: 382)
2026-07-23 21:42:20,791 INFO [UserId=759] Sayfa 3: 50 ürün alındı. (Toplam: 382)
2026-07-23 21:42:21,014 INFO [UserId=759] Sayfa 4: 50 ürün alındı. (Toplam: 382)
2026-07-23 21:42:21,247 INFO [UserId=759] Sayfa 5: 50 ürün alındı. (Toplam: 382)
2026-07-23 21:42:21,469 INFO [UserId=759] Sayfa 6: 50 ürün alındı. (Toplam: 382)
2026-07-23 21:42:21,692 INFO [UserId=759] Sayfa 7: 50 ürün alındı. (Toplam: 382)
2026-07-23 21:42:21,900 INFO [UserId=759] Sayfa 8: 32 ürün alındı. (Toplam: 382)
2026-07-23 21:42:21,900 INFO [UserId=759] Toplam 382 ürün çekildi.
2026-07-23 21:42:22,134 INFO [UserId=18] Sayfa 1: 50 ürün alındı. (Toplam: 1031)
2026-07-23 21:42:22,370 INFO [UserId=18] Sayfa 2: 50 ürün alındı. (Toplam: 1031)
2026-07-23 21:42:22,609 INFO [UserId=18] Sayfa 3: 50 ürün alındı. (Toplam: 1031)
2026-07-23 21:42:22,842 INFO [UserId=18] Sayfa 4: 50 ürün alındı. (Toplam: 1031)
2026-07-23 21:42:23,064 INFO [UserId=18] Sayfa 5: 50 ürün alındı. (Toplam: 1031)
2026-07-23 21:42:23,294 INFO [UserId=18] Sayfa 6: 50 ürün alındı. (Toplam: 1031)
2026-07-23 21:42:23,519 INFO [UserId=18] Sayfa 7: 50 ürün alındı. (Toplam: 1031)
2026-07-23 21:42:23,752 INFO [UserId=18] Sayfa 8: 50 ürün alındı. (Toplam: 1031)
2026-07-23 21:42:23,995 INFO [UserId=18] Sayfa 9: 50 ürün alındı. (Toplam: 1031)
2026-07-23 21:42:24,232 INFO [UserId=18] Sayfa 10: 50 ürün alındı. (Toplam: 1031)
2026-07-23 21:42:24,459 INFO [UserId=18] Sayfa 11: 50 ürün alındı. (Toplam: 1031)
2026-07-23 21:42:24,722 INFO [UserId=18] Sayfa 12: 50 ürün alındı. (Toplam: 1031)
2026-07-23 21:42:25,015 INFO [UserId=18] Sayfa 13: 50 ürün alındı. (Toplam: 1031)
2026-07-23 21:42:25,268 INFO [UserId=18] Sayfa 14: 50 ürün alındı. (Toplam: 1031)
2026-07-23 21:42:25,499 INFO [UserId=18] Sayfa 15: 50 ürün alındı. (Toplam: 1031)
2026-07-23 21:42:25,733 INFO [UserId=18] Sayfa 16: 50 ürün alındı. (Toplam: 1031)
2026-07-23 21:42:25,966 INFO [UserId=18] Sayfa 17: 50 ürün alındı. (Toplam: 1031)
2026-07-23 21:42:26,201 INFO [UserId=18] Sayfa 18: 50 ürün alındı. (Toplam: 1031)
2026-07-23 21:42:26,432 INFO [UserId=18] Sayfa 19: 50 ürün alındı. (Toplam: 1031)
2026-07-23 21:42:26,653 INFO [UserId=18] Sayfa 20: 50 ürün alındı. (Toplam: 1031)
2026-07-23 21:42:26,868 INFO [UserId=18] Sayfa 21: 31 ürün alındı. (Toplam: 1031)
2026-07-23 21:42:26,868 INFO [UserId=18] Toplam 1031 ürün çekildi.
2026-07-23 21:42:26,905 INFO Varyantlı XML feed yazıldı: docs/ecza1-feed.xml (4621 satır / varyant)
2026-07-23 21:42:26,907 INFO Tüm mağazalar için senkronizasyon tamamlandı.
2026-07-24 07:41:30,054 INFO Giriş başarılı (302 yönlendirme -> /).
2026-07-24 07:42:44,664 INFO Kategori/marka tablosu hazır: 660 kategori, 3337 marka bulundu.
2026-07-24 07:42:44,923 INFO [UserId=7982] Sayfa 1: 50 ürün alındı. (Toplam: 635)
2026-07-24 07:42:45,173 INFO [UserId=7982] Sayfa 2: 50 ürün alındı. (Toplam: 635)
2026-07-24 07:42:45,440 INFO [UserId=7982] Sayfa 3: 50 ürün alındı. (Toplam: 635)
2026-07-24 07:42:45,690 INFO [UserId=7982] Sayfa 4: 50 ürün alındı. (Toplam: 635)
2026-07-24 07:42:45,939 INFO [UserId=7982] Sayfa 5: 50 ürün alındı. (Toplam: 635)
2026-07-24 07:42:46,192 INFO [UserId=7982] Sayfa 6: 50 ürün alındı. (Toplam: 635)
2026-07-24 07:42:46,458 INFO [UserId=7982] Sayfa 7: 50 ürün alındı. (Toplam: 635)
2026-07-24 07:42:46,730 INFO [UserId=7982] Sayfa 8: 50 ürün alındı. (Toplam: 635)
2026-07-24 07:42:47,009 INFO [UserId=7982] Sayfa 9: 50 ürün alındı. (Toplam: 635)
2026-07-24 07:42:47,264 INFO [UserId=7982] Sayfa 10: 50 ürün alındı. (Toplam: 635)
2026-07-24 07:42:47,505 INFO [UserId=7982] Sayfa 11: 50 ürün alındı. (Toplam: 635)
2026-07-24 07:42:47,748 INFO [UserId=7982] Sayfa 12: 50 ürün alındı. (Toplam: 635)
2026-07-24 07:42:47,986 INFO [UserId=7982] Sayfa 13: 35 ürün alındı. (Toplam: 635)
2026-07-24 07:42:47,986 INFO [UserId=7982] Toplam 635 ürün çekildi.
2026-07-24 07:42:48,236 INFO [UserId=16982] Sayfa 1: 50 ürün alındı. (Toplam: 783)
2026-07-24 07:42:48,490 INFO [UserId=16982] Sayfa 2: 50 ürün alındı. (Toplam: 783)
2026-07-24 07:42:48,750 INFO [UserId=16982] Sayfa 3: 50 ürün alındı. (Toplam: 783)
2026-07-24 07:42:49,008 INFO [UserId=16982] Sayfa 4: 50 ürün alındı. (Toplam: 783)
2026-07-24 07:42:49,249 INFO [UserId=16982] Sayfa 5: 50 ürün alındı. (Toplam: 783)
2026-07-24 07:42:49,503 INFO [UserId=16982] Sayfa 6: 50 ürün alındı. (Toplam: 783)
2026-07-24 07:42:49,758 INFO [UserId=16982] Sayfa 7: 50 ürün alındı. (Toplam: 783)
2026-07-24 07:42:50,023 INFO [UserId=16982] Sayfa 8: 50 ürün alındı. (Toplam: 783)
2026-07-24 07:42:50,279 INFO [UserId=16982] Sayfa 9: 50 ürün alındı. (Toplam: 783)
2026-07-24 07:42:50,528 INFO [UserId=16982] Sayfa 10: 50 ürün alındı. (Toplam: 783)
2026-07-24 07:42:50,785 INFO [UserId=16982] Sayfa 11: 50 ürün alındı. (Toplam: 783)
2026-07-24 07:42:51,053 INFO [UserId=16982] Sayfa 12: 50 ürün alındı. (Toplam: 783)
2026-07-24 07:42:51,313 INFO [UserId=16982] Sayfa 13: 50 ürün alındı. (Toplam: 783)
2026-07-24 07:42:51,566 INFO [UserId=16982] Sayfa 14: 50 ürün alındı. (Toplam: 783)
2026-07-24 07:42:51,823 INFO [UserId=16982] Sayfa 15: 50 ürün alındı. (Toplam: 783)
2026-07-24 07:42:52,062 INFO [UserId=16982] Sayfa 16: 33 ürün alındı. (Toplam: 783)
2026-07-24 07:42:52,062 INFO [UserId=16982] Toplam 783 ürün çekildi.
2026-07-24 07:42:52,298 INFO [UserId=19598] Sayfa 1: 50 ürün alındı. (Toplam: 361)
2026-07-24 07:42:52,536 INFO [UserId=19598] Sayfa 2: 50 ürün alındı. (Toplam: 361)
2026-07-24 07:42:52,774 INFO [UserId=19598] Sayfa 3: 50 ürün alındı. (Toplam: 361)
2026-07-24 07:42:53,007 INFO [UserId=19598] Sayfa 4: 50 ürün alındı. (Toplam: 361)
2026-07-24 07:42:53,235 INFO [UserId=19598] Sayfa 5: 50 ürün alındı. (Toplam: 361)
2026-07-24 07:42:53,476 INFO [UserId=19598] Sayfa 6: 50 ürün alındı. (Toplam: 361)
2026-07-24 07:42:53,731 INFO [UserId=19598] Sayfa 7: 50 ürün alındı. (Toplam: 361)
2026-07-24 07:42:53,943 INFO [UserId=19598] Sayfa 8: 11 ürün alındı. (Toplam: 361)
2026-07-24 07:42:53,943 INFO [UserId=19598] Toplam 361 ürün çekildi.
2026-07-24 07:42:54,203 INFO [UserId=21144] Sayfa 1: 50 ürün alındı. (Toplam: 420)
2026-07-24 07:42:54,461 INFO [UserId=21144] Sayfa 2: 50 ürün alındı. (Toplam: 420)
2026-07-24 07:42:54,709 INFO [UserId=21144] Sayfa 3: 50 ürün alındı. (Toplam: 420)
2026-07-24 07:42:54,953 INFO [UserId=21144] Sayfa 4: 50 ürün alındı. (Toplam: 420)
2026-07-24 07:42:55,209 INFO [UserId=21144] Sayfa 5: 50 ürün alındı. (Toplam: 420)
2026-07-24 07:42:55,471 INFO [UserId=21144] Sayfa 6: 50 ürün alındı. (Toplam: 420)
2026-07-24 07:42:55,726 INFO [UserId=21144] Sayfa 7: 50 ürün alındı. (Toplam: 420)
2026-07-24 07:42:55,967 INFO [UserId=21144] Sayfa 8: 50 ürün alındı. (Toplam: 420)
2026-07-24 07:42:56,190 INFO [UserId=21144] Sayfa 9: 20 ürün alındı. (Toplam: 420)
2026-07-24 07:42:56,190 INFO [UserId=21144] Toplam 420 ürün çekildi.
2026-07-24 07:42:56,443 INFO [UserId=184] Sayfa 1: 50 ürün alındı. (Toplam: 481)
2026-07-24 07:42:56,692 INFO [UserId=184] Sayfa 2: 50 ürün alındı. (Toplam: 481)
2026-07-24 07:42:56,945 INFO [UserId=184] Sayfa 3: 50 ürün alındı. (Toplam: 481)
2026-07-24 07:42:57,196 INFO [UserId=184] Sayfa 4: 50 ürün alındı. (Toplam: 481)
2026-07-24 07:42:57,457 INFO [UserId=184] Sayfa 5: 50 ürün alındı. (Toplam: 481)
2026-07-24 07:42:57,730 INFO [UserId=184] Sayfa 6: 50 ürün alındı. (Toplam: 481)
2026-07-24 07:42:58,017 INFO [UserId=184] Sayfa 7: 50 ürün alındı. (Toplam: 481)
2026-07-24 07:42:58,271 INFO [UserId=184] Sayfa 8: 50 ürün alındı. (Toplam: 481)
2026-07-24 07:42:58,530 INFO [UserId=184] Sayfa 9: 50 ürün alındı. (Toplam: 481)
2026-07-24 07:42:58,757 INFO [UserId=184] Sayfa 10: 31 ürün alındı. (Toplam: 481)
2026-07-24 07:42:58,757 INFO [UserId=184] Toplam 481 ürün çekildi.
2026-07-24 07:42:58,990 INFO [UserId=1735] Sayfa 1: 50 ürün alındı. (Toplam: 317)
2026-07-24 07:42:59,238 INFO [UserId=1735] Sayfa 2: 50 ürün alındı. (Toplam: 317)
2026-07-24 07:42:59,483 INFO [UserId=1735] Sayfa 3: 50 ürün alındı. (Toplam: 317)
2026-07-24 07:42:59,720 INFO [UserId=1735] Sayfa 4: 50 ürün alındı. (Toplam: 317)
2026-07-24 07:42:59,978 INFO [UserId=1735] Sayfa 5: 50 ürün alındı. (Toplam: 317)
2026-07-24 07:43:00,215 INFO [UserId=1735] Sayfa 6: 50 ürün alındı. (Toplam: 317)
2026-07-24 07:43:00,425 INFO [UserId=1735] Sayfa 7: 17 ürün alındı. (Toplam: 317)
2026-07-24 07:43:00,425 INFO [UserId=1735] Toplam 317 ürün çekildi.
2026-07-24 07:43:00,675 INFO [UserId=11197] Sayfa 1: 50 ürün alındı. (Toplam: 201)
2026-07-24 07:43:00,920 INFO [UserId=11197] Sayfa 2: 50 ürün alındı. (Toplam: 201)
2026-07-24 07:43:01,164 INFO [UserId=11197] Sayfa 3: 50 ürün alındı. (Toplam: 201)
2026-07-24 07:43:01,409 INFO [UserId=11197] Sayfa 4: 50 ürün alındı. (Toplam: 201)
2026-07-24 07:43:01,605 INFO [UserId=11197] Sayfa 5: 1 ürün alındı. (Toplam: 201)
2026-07-24 07:43:01,605 INFO [UserId=11197] Toplam 201 ürün çekildi.
2026-07-24 07:43:01,921 INFO [UserId=759] Sayfa 1: 50 ürün alındı. (Toplam: 381)
2026-07-24 07:43:02,231 INFO [UserId=759] Sayfa 2: 50 ürün alındı. (Toplam: 381)
2026-07-24 07:43:02,544 INFO [UserId=759] Sayfa 3: 50 ürün alındı. (Toplam: 381)
2026-07-24 07:43:02,876 INFO [UserId=759] Sayfa 4: 50 ürün alındı. (Toplam: 381)
2026-07-24 07:43:03,229 INFO [UserId=759] Sayfa 5: 50 ürün alındı. (Toplam: 381)
2026-07-24 07:43:03,473 INFO [UserId=759] Sayfa 6: 50 ürün alındı. (Toplam: 381)
2026-07-24 07:43:03,718 INFO [UserId=759] Sayfa 7: 50 ürün alındı. (Toplam: 381)
2026-07-24 07:43:03,948 INFO [UserId=759] Sayfa 8: 31 ürün alındı. (Toplam: 381)
2026-07-24 07:43:03,948 INFO [UserId=759] Toplam 381 ürün çekildi.
2026-07-24 07:43:04,209 INFO [UserId=18] Sayfa 1: 50 ürün alındı. (Toplam: 1026)
2026-07-24 07:43:04,473 INFO [UserId=18] Sayfa 2: 50 ürün alındı. (Toplam: 1026)
2026-07-24 07:43:04,747 INFO [UserId=18] Sayfa 3: 50 ürün alındı. (Toplam: 1026)
2026-07-24 07:43:05,048 INFO [UserId=18] Sayfa 4: 50 ürün alındı. (Toplam: 1026)
2026-07-24 07:43:05,301 INFO [UserId=18] Sayfa 5: 50 ürün alındı. (Toplam: 1026)
2026-07-24 07:43:05,557 INFO [UserId=18] Sayfa 6: 50 ürün alındı. (Toplam: 1026)
2026-07-24 07:43:05,810 INFO [UserId=18] Sayfa 7: 50 ürün alındı. (Toplam: 1026)
2026-07-24 07:43:06,069 INFO [UserId=18] Sayfa 8: 50 ürün alındı. (Toplam: 1026)
2026-07-24 07:43:06,343 INFO [UserId=18] Sayfa 9: 50 ürün alındı. (Toplam: 1026)
2026-07-24 07:43:06,602 INFO [UserId=18] Sayfa 10: 50 ürün alındı. (Toplam: 1026)
2026-07-24 07:43:06,858 INFO [UserId=18] Sayfa 11: 50 ürün alındı. (Toplam: 1026)
2026-07-24 07:43:07,155 INFO [UserId=18] Sayfa 12: 50 ürün alındı. (Toplam: 1026)
2026-07-24 07:43:07,475 INFO [UserId=18] Sayfa 13: 50 ürün alındı. (Toplam: 1026)
2026-07-24 07:43:07,752 INFO [UserId=18] Sayfa 14: 50 ürün alındı. (Toplam: 1026)
2026-07-24 07:43:08,088 INFO [UserId=18] Sayfa 15: 50 ürün alındı. (Toplam: 1026)
2026-07-24 07:43:08,354 INFO [UserId=18] Sayfa 16: 50 ürün alındı. (Toplam: 1026)
2026-07-24 07:43:08,611 INFO [UserId=18] Sayfa 17: 50 ürün alındı. (Toplam: 1026)
2026-07-24 07:43:08,871 INFO [UserId=18] Sayfa 18: 50 ürün alındı. (Toplam: 1026)
2026-07-24 07:43:09,134 INFO [UserId=18] Sayfa 19: 50 ürün alındı. (Toplam: 1026)
2026-07-24 07:43:09,437 INFO [UserId=18] Sayfa 20: 50 ürün alındı. (Toplam: 1026)
2026-07-24 07:43:09,681 INFO [UserId=18] Sayfa 21: 26 ürün alındı. (Toplam: 1026)
2026-07-24 07:43:09,681 INFO [UserId=18] Toplam 1026 ürün çekildi.
2026-07-24 07:43:09,795 INFO Varyantlı XML feed yazıldı: docs/ecza1-feed.xml (4605 satır / varyant)
2026-07-24 07:43:09,796 INFO Tüm mağazalar için senkronizasyon tamamlandı.
2026-07-24 13:06:48,879 INFO Giriş başarılı (302 yönlendirme -> /).
2026-07-24 13:08:02,460 INFO Kategori/marka tablosu hazır: 660 kategori, 3340 marka bulundu.
2026-07-24 13:08:02,668 INFO [UserId=7982] Sayfa 1: 50 ürün alındı. (Toplam: 632)
2026-07-24 13:08:02,872 INFO [UserId=7982] Sayfa 2: 50 ürün alındı. (Toplam: 632)
2026-07-24 13:08:03,080 INFO [UserId=7982] Sayfa 3: 50 ürün alındı. (Toplam: 632)
2026-07-24 13:08:03,309 INFO [UserId=7982] Sayfa 4: 50 ürün alındı. (Toplam: 632)
2026-07-24 13:08:03,535 INFO [UserId=7982] Sayfa 5: 50 ürün alındı. (Toplam: 632)
2026-07-24 13:08:03,739 INFO [UserId=7982] Sayfa 6: 50 ürün alındı. (Toplam: 632)
2026-07-24 13:08:03,957 INFO [UserId=7982] Sayfa 7: 50 ürün alındı. (Toplam: 632)
2026-07-24 13:08:04,160 INFO [UserId=7982] Sayfa 8: 50 ürün alındı. (Toplam: 632)
2026-07-24 13:08:04,364 INFO [UserId=7982] Sayfa 9: 50 ürün alındı. (Toplam: 632)
2026-07-24 13:08:04,571 INFO [UserId=7982] Sayfa 10: 50 ürün alındı. (Toplam: 632)
2026-07-24 13:08:04,769 INFO [UserId=7982] Sayfa 11: 50 ürün alındı. (Toplam: 632)
2026-07-24 13:08:04,969 INFO [UserId=7982] Sayfa 12: 50 ürün alındı. (Toplam: 632)
2026-07-24 13:08:05,163 INFO [UserId=7982] Sayfa 13: 32 ürün alındı. (Toplam: 632)
2026-07-24 13:08:05,163 INFO [UserId=7982] Toplam 632 ürün çekildi.
2026-07-24 13:08:05,366 INFO [UserId=16982] Sayfa 1: 50 ürün alındı. (Toplam: 780)
2026-07-24 13:08:05,577 INFO [UserId=16982] Sayfa 2: 50 ürün alındı. (Toplam: 780)
2026-07-24 13:08:05,790 INFO [UserId=16982] Sayfa 3: 50 ürün alındı. (Toplam: 780)
2026-07-24 13:08:06,003 INFO [UserId=16982] Sayfa 4: 50 ürün alındı. (Toplam: 780)
2026-07-24 13:08:06,195 INFO [UserId=16982] Sayfa 5: 50 ürün alındı. (Toplam: 780)
2026-07-24 13:08:06,398 INFO [UserId=16982] Sayfa 6: 50 ürün alındı. (Toplam: 780)
2026-07-24 13:08:06,609 INFO [UserId=16982] Sayfa 7: 50 ürün alındı. (Toplam: 780)
2026-07-24 13:08:06,820 INFO [UserId=16982] Sayfa 8: 50 ürün alındı. (Toplam: 780)
2026-07-24 13:08:07,036 INFO [UserId=16982] Sayfa 9: 50 ürün alındı. (Toplam: 780)
2026-07-24 13:08:07,244 INFO [UserId=16982] Sayfa 10: 50 ürün alındı. (Toplam: 780)
2026-07-24 13:08:07,459 INFO [UserId=16982] Sayfa 11: 50 ürün alındı. (Toplam: 780)
2026-07-24 13:08:07,684 INFO [UserId=16982] Sayfa 12: 50 ürün alındı. (Toplam: 780)
2026-07-24 13:08:07,908 INFO [UserId=16982] Sayfa 13: 50 ürün alındı. (Toplam: 780)
2026-07-24 13:08:08,114 INFO [UserId=16982] Sayfa 14: 50 ürün alındı. (Toplam: 780)
2026-07-24 13:08:08,327 INFO [UserId=16982] Sayfa 15: 50 ürün alındı. (Toplam: 780)
2026-07-24 13:08:08,520 INFO [UserId=16982] Sayfa 16: 30 ürün alındı. (Toplam: 780)
2026-07-24 13:08:08,521 INFO [UserId=16982] Toplam 780 ürün çekildi.
2026-07-24 13:08:08,713 INFO [UserId=19598] Sayfa 1: 50 ürün alındı. (Toplam: 362)
2026-07-24 13:08:08,907 INFO [UserId=19598] Sayfa 2: 50 ürün alındı. (Toplam: 362)
2026-07-24 13:08:09,100 INFO [UserId=19598] Sayfa 3: 50 ürün alındı. (Toplam: 362)
2026-07-24 13:08:09,290 INFO [UserId=19598] Sayfa 4: 50 ürün alındı. (Toplam: 362)
2026-07-24 13:08:09,470 INFO [UserId=19598] Sayfa 5: 50 ürün alındı. (Toplam: 362)
2026-07-24 13:08:09,666 INFO [UserId=19598] Sayfa 6: 50 ürün alındı. (Toplam: 362)
2026-07-24 13:08:09,874 INFO [UserId=19598] Sayfa 7: 50 ürün alındı. (Toplam: 362)
2026-07-24 13:08:10,045 INFO [UserId=19598] Sayfa 8: 12 ürün alındı. (Toplam: 362)
2026-07-24 13:08:10,045 INFO [UserId=19598] Toplam 362 ürün çekildi.
2026-07-24 13:08:10,268 INFO [UserId=21144] Sayfa 1: 50 ürün alındı. (Toplam: 409)
2026-07-24 13:08:10,487 INFO [UserId=21144] Sayfa 2: 50 ürün alındı. (Toplam: 409)
2026-07-24 13:08:10,732 INFO [UserId=21144] Sayfa 3: 50 ürün alındı. (Toplam: 409)
2026-07-24 13:08:10,978 INFO [UserId=21144] Sayfa 4: 50 ürün alındı. (Toplam: 409)
2026-07-24 13:08:11,201 INFO [UserId=21144] Sayfa 5: 50 ürün alındı. (Toplam: 409)
2026-07-24 13:08:11,426 INFO [UserId=21144] Sayfa 6: 50 ürün alındı. (Toplam: 409)
2026-07-24 13:08:11,654 INFO [UserId=21144] Sayfa 7: 50 ürün alındı. (Toplam: 409)
2026-07-24 13:08:11,879 INFO [UserId=21144] Sayfa 8: 50 ürün alındı. (Toplam: 409)
2026-07-24 13:08:12,045 INFO [UserId=21144] Sayfa 9: 9 ürün alındı. (Toplam: 409)
2026-07-24 13:08:12,045 INFO [UserId=21144] Toplam 409 ürün çekildi.
2026-07-24 13:08:12,464 INFO [UserId=184] Sayfa 1: 50 ürün alındı. (Toplam: 477)
2026-07-24 13:08:12,873 INFO [UserId=184] Sayfa 2: 50 ürün alındı. (Toplam: 477)
2026-07-24 13:08:13,088 INFO [UserId=184] Sayfa 3: 50 ürün alındı. (Toplam: 477)
2026-07-24 13:08:13,351 INFO [UserId=184] Sayfa 4: 50 ürün alındı. (Toplam: 477)
2026-07-24 13:08:13,569 INFO [UserId=184] Sayfa 5: 50 ürün alındı. (Toplam: 477)
2026-07-24 13:08:13,908 INFO [UserId=184] Sayfa 6: 50 ürün alındı. (Toplam: 477)
2026-07-24 13:08:14,147 INFO [UserId=184] Sayfa 7: 50 ürün alındı. (Toplam: 477)
2026-07-24 13:08:14,442 INFO [UserId=184] Sayfa 8: 50 ürün alındı. (Toplam: 477)
2026-07-24 13:08:14,737 INFO [UserId=184] Sayfa 9: 50 ürün alındı. (Toplam: 477)
2026-07-24 13:08:14,959 INFO [UserId=184] Sayfa 10: 27 ürün alındı. (Toplam: 477)
2026-07-24 13:08:14,959 INFO [UserId=184] Toplam 477 ürün çekildi.
2026-07-24 13:08:15,172 INFO [UserId=1735] Sayfa 1: 50 ürün alındı. (Toplam: 305)
2026-07-24 13:08:15,383 INFO [UserId=1735] Sayfa 2: 50 ürün alındı. (Toplam: 305)
2026-07-24 13:08:15,587 INFO [UserId=1735] Sayfa 3: 50 ürün alındı. (Toplam: 305)
2026-07-24 13:08:15,802 INFO [UserId=1735] Sayfa 4: 50 ürün alındı. (Toplam: 305)
2026-07-24 13:08:16,017 INFO [UserId=1735] Sayfa 5: 50 ürün alındı. (Toplam: 305)
2026-07-24 13:08:16,213 INFO [UserId=1735] Sayfa 6: 50 ürün alındı. (Toplam: 305)
2026-07-24 13:08:16,374 INFO [UserId=1735] Sayfa 7: 5 ürün alındı. (Toplam: 305)
2026-07-24 13:08:16,375 INFO [UserId=1735] Toplam 305 ürün çekildi.
2026-07-24 13:08:16,581 INFO [UserId=11197] Sayfa 1: 50 ürün alındı. (Toplam: 201)
2026-07-24 13:08:16,783 INFO [UserId=11197] Sayfa 2: 50 ürün alındı. (Toplam: 201)
2026-07-24 13:08:17,041 INFO [UserId=11197] Sayfa 3: 50 ürün alındı. (Toplam: 201)
2026-07-24 13:08:17,303 INFO [UserId=11197] Sayfa 4: 50 ürün alındı. (Toplam: 201)
2026-07-24 13:08:17,477 INFO [UserId=11197] Sayfa 5: 1 ürün alındı. (Toplam: 201)
2026-07-24 13:08:17,477 INFO [UserId=11197] Toplam 201 ürün çekildi.
2026-07-24 13:08:17,751 INFO [UserId=759] Sayfa 1: 50 ürün alındı. (Toplam: 381)
2026-07-24 13:08:18,005 INFO [UserId=759] Sayfa 2: 50 ürün alındı. (Toplam: 381)
2026-07-24 13:08:18,323 INFO [UserId=759] Sayfa 3: 50 ürün alındı. (Toplam: 381)
2026-07-24 13:08:18,559 INFO [UserId=759] Sayfa 4: 50 ürün alındı. (Toplam: 381)
2026-07-24 13:08:18,778 INFO [UserId=759] Sayfa 5: 50 ürün alındı. (Toplam: 381)
2026-07-24 13:08:18,980 INFO [UserId=759] Sayfa 6: 50 ürün alındı. (Toplam: 381)
2026-07-24 13:08:19,190 INFO [UserId=759] Sayfa 7: 50 ürün alındı. (Toplam: 381)
2026-07-24 13:08:19,382 INFO [UserId=759] Sayfa 8: 31 ürün alındı. (Toplam: 381)
2026-07-24 13:08:19,382 INFO [UserId=759] Toplam 381 ürün çekildi.
2026-07-24 13:08:19,655 INFO [UserId=18] Sayfa 1: 50 ürün alındı. (Toplam: 1021)
2026-07-24 13:08:19,878 INFO [UserId=18] Sayfa 2: 50 ürün alındı. (Toplam: 1021)
2026-07-24 13:08:20,098 INFO [UserId=18] Sayfa 3: 50 ürün alındı. (Toplam: 1021)
2026-07-24 13:08:20,327 INFO [UserId=18] Sayfa 4: 50 ürün alındı. (Toplam: 1021)
2026-07-24 13:08:20,537 INFO [UserId=18] Sayfa 5: 50 ürün alındı. (Toplam: 1021)
2026-07-24 13:08:20,831 INFO [UserId=18] Sayfa 6: 50 ürün alındı. (Toplam: 1021)
2026-07-24 13:08:21,036 INFO [UserId=18] Sayfa 7: 50 ürün alındı. (Toplam: 1021)
2026-07-24 13:08:21,252 INFO [UserId=18] Sayfa 8: 50 ürün alındı. (Toplam: 1021)
2026-07-24 13:08:21,474 INFO [UserId=18] Sayfa 9: 50 ürün alındı. (Toplam: 1021)
2026-07-24 13:08:21,688 INFO [UserId=18] Sayfa 10: 50 ürün alındı. (Toplam: 1021)
2026-07-24 13:08:21,904 INFO [UserId=18] Sayfa 11: 50 ürün alındı. (Toplam: 1021)
2026-07-24 13:08:22,155 INFO [UserId=18] Sayfa 12: 50 ürün alındı. (Toplam: 1021)
2026-07-24 13:08:22,408 INFO [UserId=18] Sayfa 13: 50 ürün alındı. (Toplam: 1021)
2026-07-24 13:08:22,632 INFO [UserId=18] Sayfa 14: 50 ürün alındı. (Toplam: 1021)
2026-07-24 13:08:22,845 INFO [UserId=18] Sayfa 15: 50 ürün alındı. (Toplam: 1021)
2026-07-24 13:08:23,066 INFO [UserId=18] Sayfa 16: 50 ürün alındı. (Toplam: 1021)
2026-07-24 13:08:23,296 INFO [UserId=18] Sayfa 17: 50 ürün alındı. (Toplam: 1021)
2026-07-24 13:08:23,522 INFO [UserId=18] Sayfa 18: 50 ürün alındı. (Toplam: 1021)
2026-07-24 13:08:23,769 INFO [UserId=18] Sayfa 19: 50 ürün alındı. (Toplam: 1021)
2026-07-24 13:08:24,038 INFO [UserId=18] Sayfa 20: 50 ürün alındı. (Toplam: 1021)
2026-07-24 13:08:24,285 INFO [UserId=18] Sayfa 21: 21 ürün alındı. (Toplam: 1021)
2026-07-24 13:08:24,285 INFO [UserId=18] Toplam 1021 ürün çekildi.
2026-07-24 13:08:24,324 INFO Varyantlı XML feed yazıldı: docs/ecza1-feed.xml (4568 satır / varyant)
2026-07-24 13:08:24,326 INFO Tüm mağazalar için senkronizasyon tamamlandı.
2026-07-24 19:04:00,372 INFO Giriş başarılı (302 yönlendirme -> /).
2026-07-24 19:04:56,935 INFO Kategori/marka tablosu hazır: 660 kategori, 3337 marka bulundu.
2026-07-24 19:04:57,159 INFO [UserId=7982] Sayfa 1: 50 ürün alındı. (Toplam: 629)
2026-07-24 19:04:57,378 INFO [UserId=7982] Sayfa 2: 50 ürün alındı. (Toplam: 629)
2026-07-24 19:04:57,596 INFO [UserId=7982] Sayfa 3: 50 ürün alındı. (Toplam: 629)
2026-07-24 19:04:57,816 INFO [UserId=7982] Sayfa 4: 50 ürün alındı. (Toplam: 629)
2026-07-24 19:04:58,037 INFO [UserId=7982] Sayfa 5: 50 ürün alındı. (Toplam: 629)
2026-07-24 19:04:58,247 INFO [UserId=7982] Sayfa 6: 50 ürün alındı. (Toplam: 629)
2026-07-24 19:04:58,472 INFO [UserId=7982] Sayfa 7: 50 ürün alındı. (Toplam: 629)
2026-07-24 19:04:58,687 INFO [UserId=7982] Sayfa 8: 50 ürün alındı. (Toplam: 629)
2026-07-24 19:04:58,909 INFO [UserId=7982] Sayfa 9: 50 ürün alındı. (Toplam: 629)
2026-07-24 19:04:59,123 INFO [UserId=7982] Sayfa 10: 50 ürün alındı. (Toplam: 629)
2026-07-24 19:04:59,332 INFO [UserId=7982] Sayfa 11: 50 ürün alındı. (Toplam: 629)
2026-07-24 19:04:59,548 INFO [UserId=7982] Sayfa 12: 50 ürün alındı. (Toplam: 629)
2026-07-24 19:04:59,748 INFO [UserId=7982] Sayfa 13: 29 ürün alındı. (Toplam: 629)
2026-07-24 19:04:59,748 INFO [UserId=7982] Toplam 629 ürün çekildi.
2026-07-24 19:04:59,963 INFO [UserId=16982] Sayfa 1: 50 ürün alındı. (Toplam: 778)
2026-07-24 19:05:00,184 INFO [UserId=16982] Sayfa 2: 50 ürün alındı. (Toplam: 778)
2026-07-24 19:05:00,405 INFO [UserId=16982] Sayfa 3: 50 ürün alındı. (Toplam: 778)
2026-07-24 19:05:00,631 INFO [UserId=16982] Sayfa 4: 50 ürün alındı. (Toplam: 778)
2026-07-24 19:05:00,838 INFO [UserId=16982] Sayfa 5: 50 ürün alındı. (Toplam: 778)
2026-07-24 19:05:01,053 INFO [UserId=16982] Sayfa 6: 50 ürün alındı. (Toplam: 778)
2026-07-24 19:05:01,276 INFO [UserId=16982] Sayfa 7: 50 ürün alındı. (Toplam: 778)
2026-07-24 19:05:01,568 INFO [UserId=16982] Sayfa 8: 50 ürün alındı. (Toplam: 778)
2026-07-24 19:05:01,806 INFO [UserId=16982] Sayfa 9: 50 ürün alındı. (Toplam: 778)
2026-07-24 19:05:02,025 INFO [UserId=16982] Sayfa 10: 50 ürün alındı. (Toplam: 778)
2026-07-24 19:05:02,250 INFO [UserId=16982] Sayfa 11: 50 ürün alındı. (Toplam: 778)
2026-07-24 19:05:02,490 INFO [UserId=16982] Sayfa 12: 50 ürün alındı. (Toplam: 778)
2026-07-24 19:05:02,716 INFO [UserId=16982] Sayfa 13: 50 ürün alındı. (Toplam: 778)
2026-07-24 19:05:02,933 INFO [UserId=16982] Sayfa 14: 50 ürün alındı. (Toplam: 778)
2026-07-24 19:05:03,159 INFO [UserId=16982] Sayfa 15: 50 ürün alındı. (Toplam: 778)
2026-07-24 19:05:03,361 INFO [UserId=16982] Sayfa 16: 28 ürün alındı. (Toplam: 778)
2026-07-24 19:05:03,361 INFO [UserId=16982] Toplam 778 ürün çekildi.
2026-07-24 19:05:03,564 INFO [UserId=19598] Sayfa 1: 50 ürün alındı. (Toplam: 363)
2026-07-24 19:05:03,767 INFO [UserId=19598] Sayfa 2: 50 ürün alındı. (Toplam: 363)
2026-07-24 19:05:03,995 INFO [UserId=19598] Sayfa 3: 50 ürün alındı. (Toplam: 363)
2026-07-24 19:05:04,199 INFO [UserId=19598] Sayfa 4: 50 ürün alındı. (Toplam: 363)
2026-07-24 19:05:04,410 INFO [UserId=19598] Sayfa 5: 50 ürün alındı. (Toplam: 363)
2026-07-24 19:05:04,619 INFO [UserId=19598] Sayfa 6: 50 ürün alındı. (Toplam: 363)
2026-07-24 19:05:04,837 INFO [UserId=19598] Sayfa 7: 50 ürün alındı. (Toplam: 363)
2026-07-24 19:05:05,023 INFO [UserId=19598] Sayfa 8: 13 ürün alındı. (Toplam: 363)
2026-07-24 19:05:05,023 INFO [UserId=19598] Toplam 363 ürün çekildi.
2026-07-24 19:05:05,250 INFO [UserId=21144] Sayfa 1: 50 ürün alındı. (Toplam: 405)
2026-07-24 19:05:05,472 INFO [UserId=21144] Sayfa 2: 50 ürün alındı. (Toplam: 405)
2026-07-24 19:05:05,697 INFO [UserId=21144] Sayfa 3: 50 ürün alındı. (Toplam: 405)
2026-07-24 19:05:05,908 INFO [UserId=21144] Sayfa 4: 50 ürün alındı. (Toplam: 405)
2026-07-24 19:05:06,142 INFO [UserId=21144] Sayfa 5: 50 ürün alındı. (Toplam: 405)
2026-07-24 19:05:06,365 INFO [UserId=21144] Sayfa 6: 50 ürün alındı. (Toplam: 405)
2026-07-24 19:05:06,594 INFO [UserId=21144] Sayfa 7: 50 ürün alındı. (Toplam: 405)
2026-07-24 19:05:06,863 INFO [UserId=21144] Sayfa 8: 50 ürün alındı. (Toplam: 405)
2026-07-24 19:05:07,034 INFO [UserId=21144] Sayfa 9: 5 ürün alındı. (Toplam: 405)
2026-07-24 19:05:07,034 INFO [UserId=21144] Toplam 405 ürün çekildi.
2026-07-24 19:05:07,257 INFO [UserId=184] Sayfa 1: 50 ürün alındı. (Toplam: 473)
2026-07-24 19:05:07,469 INFO [UserId=184] Sayfa 2: 50 ürün alındı. (Toplam: 473)
2026-07-24 19:05:07,684 INFO [UserId=184] Sayfa 3: 50 ürün alındı. (Toplam: 473)
2026-07-24 19:05:07,897 INFO [UserId=184] Sayfa 4: 50 ürün alındı. (Toplam: 473)
2026-07-24 19:05:08,122 INFO [UserId=184] Sayfa 5: 50 ürün alındı. (Toplam: 473)
2026-07-24 19:05:08,381 INFO [UserId=184] Sayfa 6: 50 ürün alındı. (Toplam: 473)
2026-07-24 19:05:08,639 INFO [UserId=184] Sayfa 7: 50 ürün alındı. (Toplam: 473)
2026-07-24 19:05:08,858 INFO [UserId=184] Sayfa 8: 50 ürün alındı. (Toplam: 473)
2026-07-24 19:05:09,086 INFO [UserId=184] Sayfa 9: 50 ürün alındı. (Toplam: 473)
2026-07-24 19:05:09,269 INFO [UserId=184] Sayfa 10: 23 ürün alındı. (Toplam: 473)
2026-07-24 19:05:09,270 INFO [UserId=184] Toplam 473 ürün çekildi.
2026-07-24 19:05:09,480 INFO [UserId=1735] Sayfa 1: 50 ürün alındı. (Toplam: 305)
2026-07-24 19:05:09,691 INFO [UserId=1735] Sayfa 2: 50 ürün alındı. (Toplam: 305)
2026-07-24 19:05:09,896 INFO [UserId=1735] Sayfa 3: 50 ürün alındı. (Toplam: 305)
2026-07-24 19:05:10,107 INFO [UserId=1735] Sayfa 4: 50 ürün alındı. (Toplam: 305)
2026-07-24 19:05:10,319 INFO [UserId=1735] Sayfa 5: 50 ürün alındı. (Toplam: 305)
2026-07-24 19:05:10,515 INFO [UserId=1735] Sayfa 6: 50 ürün alındı. (Toplam: 305)
2026-07-24 19:05:10,684 INFO [UserId=1735] Sayfa 7: 5 ürün alındı. (Toplam: 305)
2026-07-24 19:05:10,684 INFO [UserId=1735] Toplam 305 ürün çekildi.
2026-07-24 19:05:10,893 INFO [UserId=11197] Sayfa 1: 50 ürün alındı. (Toplam: 201)
2026-07-24 19:05:11,096 INFO [UserId=11197] Sayfa 2: 50 ürün alındı. (Toplam: 201)
2026-07-24 19:05:11,308 INFO [UserId=11197] Sayfa 3: 50 ürün alındı. (Toplam: 201)
2026-07-24 19:05:11,521 INFO [UserId=11197] Sayfa 4: 50 ürün alındı. (Toplam: 201)
2026-07-24 19:05:11,684 INFO [UserId=11197] Sayfa 5: 1 ürün alındı. (Toplam: 201)
2026-07-24 19:05:11,684 INFO [UserId=11197] Toplam 201 ürün çekildi.
2026-07-24 19:05:11,902 INFO [UserId=759] Sayfa 1: 50 ürün alındı. (Toplam: 379)
2026-07-24 19:05:12,114 INFO [UserId=759] Sayfa 2: 50 ürün alındı. (Toplam: 379)
2026-07-24 19:05:12,330 INFO [UserId=759] Sayfa 3: 50 ürün alındı. (Toplam: 379)
2026-07-24 19:05:12,547 INFO [UserId=759] Sayfa 4: 50 ürün alındı. (Toplam: 379)
2026-07-24 19:05:12,782 INFO [UserId=759] Sayfa 5: 50 ürün alındı. (Toplam: 379)
2026-07-24 19:05:12,994 INFO [UserId=759] Sayfa 6: 50 ürün alındı. (Toplam: 379)
2026-07-24 19:05:13,211 INFO [UserId=759] Sayfa 7: 50 ürün alındı. (Toplam: 379)
2026-07-24 19:05:13,412 INFO [UserId=759] Sayfa 8: 29 ürün alındı. (Toplam: 379)
2026-07-24 19:05:13,412 INFO [UserId=759] Toplam 379 ürün çekildi.
2026-07-24 19:05:13,654 INFO [UserId=18] Sayfa 1: 50 ürün alındı. (Toplam: 1019)
2026-07-24 19:05:13,881 INFO [UserId=18] Sayfa 2: 50 ürün alındı. (Toplam: 1019)
2026-07-24 19:05:14,107 INFO [UserId=18] Sayfa 3: 50 ürün alındı. (Toplam: 1019)
2026-07-24 19:05:14,335 INFO [UserId=18] Sayfa 4: 50 ürün alındı. (Toplam: 1019)
2026-07-24 19:05:14,560 INFO [UserId=18] Sayfa 5: 50 ürün alındı. (Toplam: 1019)
2026-07-24 19:05:14,784 INFO [UserId=18] Sayfa 6: 50 ürün alındı. (Toplam: 1019)
2026-07-24 19:05:14,996 INFO [UserId=18] Sayfa 7: 50 ürün alındı. (Toplam: 1019)
2026-07-24 19:05:15,226 INFO [UserId=18] Sayfa 8: 50 ürün alındı. (Toplam: 1019)
2026-07-24 19:05:15,461 INFO [UserId=18] Sayfa 9: 50 ürün alındı. (Toplam: 1019)
2026-07-24 19:05:15,694 INFO [UserId=18] Sayfa 10: 50 ürün alındı. (Toplam: 1019)
2026-07-24 19:05:15,946 INFO [UserId=18] Sayfa 11: 50 ürün alındı. (Toplam: 1019)
2026-07-24 19:05:16,199 INFO [UserId=18] Sayfa 12: 50 ürün alındı. (Toplam: 1019)
2026-07-24 19:05:16,458 INFO [UserId=18] Sayfa 13: 50 ürün alındı. (Toplam: 1019)
2026-07-24 19:05:16,691 INFO [UserId=18] Sayfa 14: 50 ürün alındı. (Toplam: 1019)
2026-07-24 19:05:16,916 INFO [UserId=18] Sayfa 15: 50 ürün alındı. (Toplam: 1019)
2026-07-24 19:05:17,141 INFO [UserId=18] Sayfa 16: 50 ürün alındı. (Toplam: 1019)
2026-07-24 19:05:17,369 INFO [UserId=18] Sayfa 17: 50 ürün alındı. (Toplam: 1019)
2026-07-24 19:05:17,599 INFO [UserId=18] Sayfa 18: 50 ürün alındı. (Toplam: 1019)
2026-07-24 19:05:17,822 INFO [UserId=18] Sayfa 19: 50 ürün alındı. (Toplam: 1019)
2026-07-24 19:05:18,042 INFO [UserId=18] Sayfa 20: 50 ürün alındı. (Toplam: 1019)
2026-07-24 19:05:18,248 INFO [UserId=18] Sayfa 21: 19 ürün alındı. (Toplam: 1019)
2026-07-24 19:05:18,248 INFO [UserId=18] Toplam 1019 ürün çekildi.
2026-07-24 19:05:18,286 INFO Varyantlı XML feed yazıldı: docs/ecza1-feed.xml (4552 satır / varyant)
2026-07-24 19:05:18,288 INFO Tüm mağazalar için senkronizasyon tamamlandı.
2026-07-24 23:41:51,296 INFO Giriş başarılı (302 yönlendirme -> /).
2026-07-24 23:42:49,709 INFO Kategori/marka tablosu hazır: 660 kategori, 3337 marka bulundu.
2026-07-24 23:42:49,948 INFO [UserId=7982] Sayfa 1: 50 ürün alındı. (Toplam: 626)
2026-07-24 23:42:50,185 INFO [UserId=7982] Sayfa 2: 50 ürün alındı. (Toplam: 626)
2026-07-24 23:42:50,431 INFO [UserId=7982] Sayfa 3: 50 ürün alındı. (Toplam: 626)
2026-07-24 23:42:50,673 INFO [UserId=7982] Sayfa 4: 50 ürün alındı. (Toplam: 626)
2026-07-24 23:42:50,906 INFO [UserId=7982] Sayfa 5: 50 ürün alındı. (Toplam: 626)
2026-07-24 23:42:51,143 INFO [UserId=7982] Sayfa 6: 50 ürün alındı. (Toplam: 626)
2026-07-24 23:42:51,386 INFO [UserId=7982] Sayfa 7: 50 ürün alındı. (Toplam: 626)
2026-07-24 23:42:51,628 INFO [UserId=7982] Sayfa 8: 50 ürün alındı. (Toplam: 626)
2026-07-24 23:42:51,866 INFO [UserId=7982] Sayfa 9: 50 ürün alındı. (Toplam: 626)
2026-07-24 23:42:52,111 INFO [UserId=7982] Sayfa 10: 50 ürün alındı. (Toplam: 626)
2026-07-24 23:42:52,340 INFO [UserId=7982] Sayfa 11: 50 ürün alındı. (Toplam: 626)
2026-07-24 23:42:52,572 INFO [UserId=7982] Sayfa 12: 50 ürün alındı. (Toplam: 626)
2026-07-24 23:42:52,791 INFO [UserId=7982] Sayfa 13: 26 ürün alındı. (Toplam: 626)
2026-07-24 23:42:52,791 INFO [UserId=7982] Toplam 626 ürün çekildi.
2026-07-24 23:42:53,028 INFO [UserId=16982] Sayfa 1: 50 ürün alındı. (Toplam: 778)
2026-07-24 23:42:53,264 INFO [UserId=16982] Sayfa 2: 50 ürün alındı. (Toplam: 778)
2026-07-24 23:42:53,526 INFO [UserId=16982] Sayfa 3: 50 ürün alındı. (Toplam: 778)
2026-07-24 23:42:53,773 INFO [UserId=16982] Sayfa 4: 50 ürün alındı. (Toplam: 778)
2026-07-24 23:42:53,999 INFO [UserId=16982] Sayfa 5: 50 ürün alındı. (Toplam: 778)
2026-07-24 23:42:54,238 INFO [UserId=16982] Sayfa 6: 50 ürün alındı. (Toplam: 778)
2026-07-24 23:42:54,472 INFO [UserId=16982] Sayfa 7: 50 ürün alındı. (Toplam: 778)
2026-07-24 23:42:54,721 INFO [UserId=16982] Sayfa 8: 50 ürün alındı. (Toplam: 778)
2026-07-24 23:42:54,968 INFO [UserId=16982] Sayfa 9: 50 ürün alındı. (Toplam: 778)
2026-07-24 23:42:55,205 INFO [UserId=16982] Sayfa 10: 50 ürün alındı. (Toplam: 778)
2026-07-24 23:42:55,451 INFO [UserId=16982] Sayfa 11: 50 ürün alındı. (Toplam: 778)
2026-07-24 23:42:55,707 INFO [UserId=16982] Sayfa 12: 50 ürün alındı. (Toplam: 778)
2026-07-24 23:42:55,962 INFO [UserId=16982] Sayfa 13: 50 ürün alındı. (Toplam: 778)
2026-07-24 23:42:56,202 INFO [UserId=16982] Sayfa 14: 50 ürün alındı. (Toplam: 778)
2026-07-24 23:42:56,447 INFO [UserId=16982] Sayfa 15: 50 ürün alındı. (Toplam: 778)
2026-07-24 23:42:56,667 INFO [UserId=16982] Sayfa 16: 28 ürün alındı. (Toplam: 778)
2026-07-24 23:42:56,667 INFO [UserId=16982] Toplam 778 ürün çekildi.
2026-07-24 23:42:56,894 INFO [UserId=19598] Sayfa 1: 50 ürün alındı. (Toplam: 363)
2026-07-24 23:42:57,119 INFO [UserId=19598] Sayfa 2: 50 ürün alındı. (Toplam: 363)
2026-07-24 23:42:57,347 INFO [UserId=19598] Sayfa 3: 50 ürün alındı. (Toplam: 363)
2026-07-24 23:42:57,574 INFO [UserId=19598] Sayfa 4: 50 ürün alındı. (Toplam: 363)
2026-07-24 23:42:57,791 INFO [UserId=19598] Sayfa 5: 50 ürün alındı. (Toplam: 363)
2026-07-24 23:42:58,017 INFO [UserId=19598] Sayfa 6: 50 ürün alındı. (Toplam: 363)
2026-07-24 23:42:58,256 INFO [UserId=19598] Sayfa 7: 50 ürün alındı. (Toplam: 363)
2026-07-24 23:42:58,462 INFO [UserId=19598] Sayfa 8: 13 ürün alındı. (Toplam: 363)
2026-07-24 23:42:58,462 INFO [UserId=19598] Toplam 363 ürün çekildi.
2026-07-24 23:42:58,704 INFO [UserId=21144] Sayfa 1: 50 ürün alındı. (Toplam: 405)
2026-07-24 23:42:58,946 INFO [UserId=21144] Sayfa 2: 50 ürün alındı. (Toplam: 405)
2026-07-24 23:42:59,179 INFO [UserId=21144] Sayfa 3: 50 ürün alındı. (Toplam: 405)
2026-07-24 23:42:59,418 INFO [UserId=21144] Sayfa 4: 50 ürün alındı. (Toplam: 405)
2026-07-24 23:42:59,674 INFO [UserId=21144] Sayfa 5: 50 ürün alındı. (Toplam: 405)
2026-07-24 23:42:59,915 INFO [UserId=21144] Sayfa 6: 50 ürün alındı. (Toplam: 405)
2026-07-24 23:43:00,153 INFO [UserId=21144] Sayfa 7: 50 ürün alındı. (Toplam: 405)
2026-07-24 23:43:00,387 INFO [UserId=21144] Sayfa 8: 50 ürün alındı. (Toplam: 405)
2026-07-24 23:43:00,581 INFO [UserId=21144] Sayfa 9: 5 ürün alındı. (Toplam: 405)
2026-07-24 23:43:00,581 INFO [UserId=21144] Toplam 405 ürün çekildi.
2026-07-24 23:43:00,828 INFO [UserId=184] Sayfa 1: 50 ürün alındı. (Toplam: 473)
2026-07-24 23:43:01,065 INFO [UserId=184] Sayfa 2: 50 ürün alındı. (Toplam: 473)
2026-07-24 23:43:01,307 INFO [UserId=184] Sayfa 3: 50 ürün alındı. (Toplam: 473)
2026-07-24 23:43:01,552 INFO [UserId=184] Sayfa 4: 50 ürün alındı. (Toplam: 473)
2026-07-24 23:43:01,796 INFO [UserId=184] Sayfa 5: 50 ürün alındı. (Toplam: 473)
2026-07-24 23:43:02,054 INFO [UserId=184] Sayfa 6: 50 ürün alındı. (Toplam: 473)
2026-07-24 23:43:02,321 INFO [UserId=184] Sayfa 7: 50 ürün alındı. (Toplam: 473)
2026-07-24 23:43:02,564 INFO [UserId=184] Sayfa 8: 50 ürün alındı. (Toplam: 473)
2026-07-24 23:43:02,808 INFO [UserId=184] Sayfa 9: 50 ürün alındı. (Toplam: 473)
2026-07-24 23:43:03,018 INFO [UserId=184] Sayfa 10: 23 ürün alındı. (Toplam: 473)
2026-07-24 23:43:03,018 INFO [UserId=184] Toplam 473 ürün çekildi.
2026-07-24 23:43:03,249 INFO [UserId=1735] Sayfa 1: 50 ürün alındı. (Toplam: 305)
2026-07-24 23:43:03,496 INFO [UserId=1735] Sayfa 2: 50 ürün alındı. (Toplam: 305)
2026-07-24 23:43:03,721 INFO [UserId=1735] Sayfa 3: 50 ürün alındı. (Toplam: 305)
2026-07-24 23:43:03,959 INFO [UserId=1735] Sayfa 4: 50 ürün alındı. (Toplam: 305)
2026-07-24 23:43:04,193 INFO [UserId=1735] Sayfa 5: 50 ürün alındı. (Toplam: 305)
2026-07-24 23:43:04,436 INFO [UserId=1735] Sayfa 6: 50 ürün alındı. (Toplam: 305)
2026-07-24 23:43:04,627 INFO [UserId=1735] Sayfa 7: 5 ürün alındı. (Toplam: 305)
2026-07-24 23:43:04,627 INFO [UserId=1735] Toplam 305 ürün çekildi.
2026-07-24 23:43:04,856 INFO [UserId=11197] Sayfa 1: 50 ürün alındı. (Toplam: 200)
2026-07-24 23:43:05,086 INFO [UserId=11197] Sayfa 2: 50 ürün alındı. (Toplam: 200)
2026-07-24 23:43:05,315 INFO [UserId=11197] Sayfa 3: 50 ürün alındı. (Toplam: 200)
2026-07-24 23:43:05,547 INFO [UserId=11197] Sayfa 4: 50 ürün alındı. (Toplam: 200)
2026-07-24 23:43:05,547 INFO [UserId=11197] Toplam 200 ürün çekildi.
2026-07-24 23:43:05,803 INFO [UserId=759] Sayfa 1: 50 ürün alındı. (Toplam: 377)
2026-07-24 23:43:06,036 INFO [UserId=759] Sayfa 2: 50 ürün alındı. (Toplam: 377)
2026-07-24 23:43:06,269 INFO [UserId=759] Sayfa 3: 50 ürün alındı. (Toplam: 377)
2026-07-24 23:43:06,504 INFO [UserId=759] Sayfa 4: 50 ürün alındı. (Toplam: 377)
2026-07-24 23:43:06,757 INFO [UserId=759] Sayfa 5: 50 ürün alındı. (Toplam: 377)
2026-07-24 23:43:07,002 INFO [UserId=759] Sayfa 6: 50 ürün alındı. (Toplam: 377)
2026-07-24 23:43:07,235 INFO [UserId=759] Sayfa 7: 50 ürün alındı. (Toplam: 377)
2026-07-24 23:43:07,448 INFO [UserId=759] Sayfa 8: 27 ürün alındı. (Toplam: 377)
2026-07-24 23:43:07,448 INFO [UserId=759] Toplam 377 ürün çekildi.
2026-07-24 23:43:07,697 INFO [UserId=18] Sayfa 1: 50 ürün alındı. (Toplam: 1019)
2026-07-24 23:43:07,944 INFO [UserId=18] Sayfa 2: 50 ürün alındı. (Toplam: 1019)
2026-07-24 23:43:08,194 INFO [UserId=18] Sayfa 3: 50 ürün alındı. (Toplam: 1019)
2026-07-24 23:43:08,438 INFO [UserId=18] Sayfa 4: 50 ürün alındı. (Toplam: 1019)
2026-07-24 23:43:08,685 INFO [UserId=18] Sayfa 5: 50 ürün alındı. (Toplam: 1019)
2026-07-24 23:43:08,931 INFO [UserId=18] Sayfa 6: 50 ürün alındı. (Toplam: 1019)
2026-07-24 23:43:09,171 INFO [UserId=18] Sayfa 7: 50 ürün alındı. (Toplam: 1019)
2026-07-24 23:43:09,434 INFO [UserId=18] Sayfa 8: 50 ürün alındı. (Toplam: 1019)
2026-07-24 23:43:09,695 INFO [UserId=18] Sayfa 9: 50 ürün alındı. (Toplam: 1019)
2026-07-24 23:43:09,952 INFO [UserId=18] Sayfa 10: 50 ürün alındı. (Toplam: 1019)
2026-07-24 23:43:10,216 INFO [UserId=18] Sayfa 11: 50 ürün alındı. (Toplam: 1019)
2026-07-24 23:43:10,491 INFO [UserId=18] Sayfa 12: 50 ürün alındı. (Toplam: 1019)
2026-07-24 23:43:10,770 INFO [UserId=18] Sayfa 13: 50 ürün alındı. (Toplam: 1019)
2026-07-24 23:43:11,020 INFO [UserId=18] Sayfa 14: 50 ürün alındı. (Toplam: 1019)
2026-07-24 23:43:11,265 INFO [UserId=18] Sayfa 15: 50 ürün alındı. (Toplam: 1019)
2026-07-24 23:43:11,512 INFO [UserId=18] Sayfa 16: 50 ürün alındı. (Toplam: 1019)
2026-07-24 23:43:11,758 INFO [UserId=18] Sayfa 17: 50 ürün alındı. (Toplam: 1019)
2026-07-24 23:43:12,002 INFO [UserId=18] Sayfa 18: 50 ürün alındı. (Toplam: 1019)
2026-07-24 23:43:12,249 INFO [UserId=18] Sayfa 19: 50 ürün alındı. (Toplam: 1019)
2026-07-24 23:43:12,494 INFO [UserId=18] Sayfa 20: 50 ürün alındı. (Toplam: 1019)
2026-07-24 23:43:12,715 INFO [UserId=18] Sayfa 21: 19 ürün alındı. (Toplam: 1019)
2026-07-24 23:43:12,716 INFO [UserId=18] Toplam 1019 ürün çekildi.
2026-07-24 23:43:12,752 INFO Varyantlı XML feed yazıldı: docs/ecza1-feed.xml (4546 satır / varyant)
2026-07-24 23:43:12,754 INFO Tüm mağazalar için senkronizasyon tamamlandı.
2026-07-25 07:35:08,040 INFO Giriş başarılı (302 yönlendirme -> /).
2026-07-25 07:36:10,591 INFO Kategori/marka tablosu hazır: 660 kategori, 3336 marka bulundu.
2026-07-25 07:36:10,810 INFO [UserId=7982] Sayfa 1: 50 ürün alındı. (Toplam: 625)
2026-07-25 07:36:11,032 INFO [UserId=7982] Sayfa 2: 50 ürün alındı. (Toplam: 625)
2026-07-25 07:36:11,264 INFO [UserId=7982] Sayfa 3: 50 ürün alındı. (Toplam: 625)
2026-07-25 07:36:11,485 INFO [UserId=7982] Sayfa 4: 50 ürün alındı. (Toplam: 625)
2026-07-25 07:36:11,723 INFO [UserId=7982] Sayfa 5: 50 ürün alındı. (Toplam: 625)
2026-07-25 07:36:11,970 INFO [UserId=7982] Sayfa 6: 50 ürün alındı. (Toplam: 625)
2026-07-25 07:36:12,198 INFO [UserId=7982] Sayfa 7: 50 ürün alındı. (Toplam: 625)
2026-07-25 07:36:12,417 INFO [UserId=7982] Sayfa 8: 50 ürün alındı. (Toplam: 625)
2026-07-25 07:36:12,646 INFO [UserId=7982] Sayfa 9: 50 ürün alındı. (Toplam: 625)
2026-07-25 07:36:12,868 INFO [UserId=7982] Sayfa 10: 50 ürün alındı. (Toplam: 625)
2026-07-25 07:36:13,079 INFO [UserId=7982] Sayfa 11: 50 ürün alındı. (Toplam: 625)
2026-07-25 07:36:13,294 INFO [UserId=7982] Sayfa 12: 50 ürün alındı. (Toplam: 625)
2026-07-25 07:36:13,495 INFO [UserId=7982] Sayfa 13: 25 ürün alındı. (Toplam: 625)
2026-07-25 07:36:13,496 INFO [UserId=7982] Toplam 625 ürün çekildi.
2026-07-25 07:36:13,728 INFO [UserId=16982] Sayfa 1: 50 ürün alındı. (Toplam: 788)
2026-07-25 07:36:13,957 INFO [UserId=16982] Sayfa 2: 50 ürün alındı. (Toplam: 788)
2026-07-25 07:36:14,185 INFO [UserId=16982] Sayfa 3: 50 ürün alındı. (Toplam: 788)
2026-07-25 07:36:14,413 INFO [UserId=16982] Sayfa 4: 50 ürün alındı. (Toplam: 788)
2026-07-25 07:36:14,629 INFO [UserId=16982] Sayfa 5: 50 ürün alındı. (Toplam: 788)
2026-07-25 07:36:14,846 INFO [UserId=16982] Sayfa 6: 50 ürün alındı. (Toplam: 788)
2026-07-25 07:36:15,070 INFO [UserId=16982] Sayfa 7: 50 ürün alındı. (Toplam: 788)
2026-07-25 07:36:15,290 INFO [UserId=16982] Sayfa 8: 50 ürün alındı. (Toplam: 788)
2026-07-25 07:36:15,526 INFO [UserId=16982] Sayfa 9: 50 ürün alındı. (Toplam: 788)
2026-07-25 07:36:16,440 INFO [UserId=16982] Sayfa 10: 50 ürün alındı. (Toplam: 788)
2026-07-25 07:36:16,819 INFO [UserId=16982] Sayfa 11: 50 ürün alındı. (Toplam: 788)
2026-07-25 07:36:17,054 INFO [UserId=16982] Sayfa 12: 50 ürün alındı. (Toplam: 788)
2026-07-25 07:36:17,297 INFO [UserId=16982] Sayfa 13: 50 ürün alındı. (Toplam: 788)
2026-07-25 07:36:17,521 INFO [UserId=16982] Sayfa 14: 50 ürün alındı. (Toplam: 788)
2026-07-25 07:36:17,752 INFO [UserId=16982] Sayfa 15: 50 ürün alındı. (Toplam: 788)
2026-07-25 07:36:17,967 INFO [UserId=16982] Sayfa 16: 38 ürün alındı. (Toplam: 788)
2026-07-25 07:36:17,967 INFO [UserId=16982] Toplam 788 ürün çekildi.
2026-07-25 07:36:18,179 INFO [UserId=19598] Sayfa 1: 50 ürün alındı. (Toplam: 363)
2026-07-25 07:36:18,390 INFO [UserId=19598] Sayfa 2: 50 ürün alındı. (Toplam: 363)
2026-07-25 07:36:18,594 INFO [UserId=19598] Sayfa 3: 50 ürün alındı. (Toplam: 363)
2026-07-25 07:36:18,804 INFO [UserId=19598] Sayfa 4: 50 ürün alındı. (Toplam: 363)
2026-07-25 07:36:19,016 INFO [UserId=19598] Sayfa 5: 50 ürün alındı. (Toplam: 363)
2026-07-25 07:36:19,230 INFO [UserId=19598] Sayfa 6: 50 ürün alındı. (Toplam: 363)
2026-07-25 07:36:19,448 INFO [UserId=19598] Sayfa 7: 50 ürün alındı. (Toplam: 363)
2026-07-25 07:36:19,634 INFO [UserId=19598] Sayfa 8: 13 ürün alındı. (Toplam: 363)
2026-07-25 07:36:19,635 INFO [UserId=19598] Toplam 363 ürün çekildi.
2026-07-25 07:36:19,885 INFO [UserId=21144] Sayfa 1: 50 ürün alındı. (Toplam: 406)
2026-07-25 07:36:20,112 INFO [UserId=21144] Sayfa 2: 50 ürün alındı. (Toplam: 406)
2026-07-25 07:36:20,336 INFO [UserId=21144] Sayfa 3: 50 ürün alındı. (Toplam: 406)
2026-07-25 07:36:20,552 INFO [UserId=21144] Sayfa 4: 50 ürün alındı. (Toplam: 406)
2026-07-25 07:36:20,794 INFO [UserId=21144] Sayfa 5: 50 ürün alındı. (Toplam: 406)
2026-07-25 07:36:21,023 INFO [UserId=21144] Sayfa 6: 50 ürün alındı. (Toplam: 406)
2026-07-25 07:36:21,248 INFO [UserId=21144] Sayfa 7: 50 ürün alındı. (Toplam: 406)
2026-07-25 07:36:21,472 INFO [UserId=21144] Sayfa 8: 50 ürün alındı. (Toplam: 406)
2026-07-25 07:36:21,652 INFO [UserId=21144] Sayfa 9: 6 ürün alındı. (Toplam: 406)
2026-07-25 07:36:21,652 INFO [UserId=21144] Toplam 406 ürün çekildi.
2026-07-25 07:36:21,878 INFO [UserId=184] Sayfa 1: 50 ürün alındı. (Toplam: 476)
2026-07-25 07:36:22,107 INFO [UserId=184] Sayfa 2: 50 ürün alındı. (Toplam: 476)
2026-07-25 07:36:22,333 INFO [UserId=184] Sayfa 3: 50 ürün alındı. (Toplam: 476)
2026-07-25 07:36:22,555 INFO [UserId=184] Sayfa 4: 50 ürün alındı. (Toplam: 476)
2026-07-25 07:36:22,784 INFO [UserId=184] Sayfa 5: 50 ürün alındı. (Toplam: 476)
2026-07-25 07:36:23,035 INFO [UserId=184] Sayfa 6: 50 ürün alındı. (Toplam: 476)
2026-07-25 07:36:23,309 INFO [UserId=184] Sayfa 7: 50 ürün alındı. (Toplam: 476)
2026-07-25 07:36:23,549 INFO [UserId=184] Sayfa 8: 50 ürün alındı. (Toplam: 476)
2026-07-25 07:36:23,814 INFO [UserId=184] Sayfa 9: 50 ürün alındı. (Toplam: 476)
2026-07-25 07:36:24,048 INFO [UserId=184] Sayfa 10: 26 ürün alındı. (Toplam: 476)
2026-07-25 07:36:24,048 INFO [UserId=184] Toplam 476 ürün çekildi.
2026-07-25 07:36:24,256 INFO [UserId=1735] Sayfa 1: 50 ürün alındı. (Toplam: 305)
2026-07-25 07:36:24,472 INFO [UserId=1735] Sayfa 2: 50 ürün alındı. (Toplam: 305)
2026-07-25 07:36:24,690 INFO [UserId=1735] Sayfa 3: 50 ürün alındı. (Toplam: 305)
2026-07-25 07:36:24,908 INFO [UserId=1735] Sayfa 4: 50 ürün alındı. (Toplam: 305)
2026-07-25 07:36:25,131 INFO [UserId=1735] Sayfa 5: 50 ürün alındı. (Toplam: 305)
2026-07-25 07:36:25,337 INFO [UserId=1735] Sayfa 6: 50 ürün alındı. (Toplam: 305)
2026-07-25 07:36:25,513 INFO [UserId=1735] Sayfa 7: 5 ürün alındı. (Toplam: 305)
2026-07-25 07:36:25,513 INFO [UserId=1735] Toplam 305 ürün çekildi.
2026-07-25 07:36:25,735 INFO [UserId=11197] Sayfa 1: 50 ürün alındı. (Toplam: 200)
2026-07-25 07:36:25,952 INFO [UserId=11197] Sayfa 2: 50 ürün alındı. (Toplam: 200)
2026-07-25 07:36:26,230 INFO [UserId=11197] Sayfa 3: 50 ürün alındı. (Toplam: 200)
2026-07-25 07:36:26,445 INFO [UserId=11197] Sayfa 4: 50 ürün alındı. (Toplam: 200)
2026-07-25 07:36:26,445 INFO [UserId=11197] Toplam 200 ürün çekildi.
2026-07-25 07:36:26,670 INFO [UserId=759] Sayfa 1: 50 ürün alındı. (Toplam: 377)
2026-07-25 07:36:26,884 INFO [UserId=759] Sayfa 2: 50 ürün alındı. (Toplam: 377)
2026-07-25 07:36:27,122 INFO [UserId=759] Sayfa 3: 50 ürün alındı. (Toplam: 377)
2026-07-25 07:36:27,369 INFO [UserId=759] Sayfa 4: 50 ürün alındı. (Toplam: 377)
2026-07-25 07:36:27,653 INFO [UserId=759] Sayfa 5: 50 ürün alındı. (Toplam: 377)
2026-07-25 07:36:27,887 INFO [UserId=759] Sayfa 6: 50 ürün alındı. (Toplam: 377)
2026-07-25 07:36:28,111 INFO [UserId=759] Sayfa 7: 50 ürün alındı. (Toplam: 377)
2026-07-25 07:36:28,357 INFO [UserId=759] Sayfa 8: 27 ürün alındı. (Toplam: 377)
2026-07-25 07:36:28,358 INFO [UserId=759] Toplam 377 ürün çekildi.
2026-07-25 07:36:28,594 INFO [UserId=18] Sayfa 1: 50 ürün alındı. (Toplam: 1019)
2026-07-25 07:36:28,921 INFO [UserId=18] Sayfa 2: 50 ürün alındı. (Toplam: 1019)
2026-07-25 07:36:29,153 INFO [UserId=18] Sayfa 3: 50 ürün alındı. (Toplam: 1019)
2026-07-25 07:36:29,454 INFO [UserId=18] Sayfa 4: 50 ürün alındı. (Toplam: 1019)
2026-07-25 07:36:29,681 INFO [UserId=18] Sayfa 5: 50 ürün alındı. (Toplam: 1019)
2026-07-25 07:36:29,909 INFO [UserId=18] Sayfa 6: 50 ürün alındı. (Toplam: 1019)
2026-07-25 07:36:30,181 INFO [UserId=18] Sayfa 7: 50 ürün alındı. (Toplam: 1019)
2026-07-25 07:36:30,451 INFO [UserId=18] Sayfa 8: 50 ürün alındı. (Toplam: 1019)
2026-07-25 07:36:30,726 INFO [UserId=18] Sayfa 9: 50 ürün alındı. (Toplam: 1019)
2026-07-25 07:36:30,998 INFO [UserId=18] Sayfa 10: 50 ürün alındı. (Toplam: 1019)
2026-07-25 07:36:31,230 INFO [UserId=18] Sayfa 11: 50 ürün alındı. (Toplam: 1019)
2026-07-25 07:36:31,494 INFO [UserId=18] Sayfa 12: 50 ürün alındı. (Toplam: 1019)
2026-07-25 07:36:31,764 INFO [UserId=18] Sayfa 13: 50 ürün alındı. (Toplam: 1019)
2026-07-25 07:36:31,998 INFO [UserId=18] Sayfa 14: 50 ürün alındı. (Toplam: 1019)
2026-07-25 07:36:32,231 INFO [UserId=18] Sayfa 15: 50 ürün alındı. (Toplam: 1019)
2026-07-25 07:36:32,463 INFO [UserId=18] Sayfa 16: 50 ürün alındı. (Toplam: 1019)
2026-07-25 07:36:32,695 INFO [UserId=18] Sayfa 17: 50 ürün alındı. (Toplam: 1019)
2026-07-25 07:36:32,928 INFO [UserId=18] Sayfa 18: 50 ürün alındı. (Toplam: 1019)
2026-07-25 07:36:33,155 INFO [UserId=18] Sayfa 19: 50 ürün alındı. (Toplam: 1019)
2026-07-25 07:36:33,374 INFO [UserId=18] Sayfa 20: 50 ürün alındı. (Toplam: 1019)
2026-07-25 07:36:33,587 INFO [UserId=18] Sayfa 21: 19 ürün alındı. (Toplam: 1019)
2026-07-25 07:36:33,587 INFO [UserId=18] Toplam 1019 ürün çekildi.
2026-07-25 07:36:33,624 INFO Varyantlı XML feed yazıldı: docs/ecza1-feed.xml (4559 satır / varyant)
2026-07-25 07:36:33,625 INFO Tüm mağazalar için senkronizasyon tamamlandı.
2026-07-25 11:52:48,978 INFO Giriş başarılı (302 yönlendirme -> /).
2026-07-25 11:53:53,666 INFO Kategori/marka tablosu hazır: 660 kategori, 3327 marka bulundu.
2026-07-25 11:53:53,892 INFO [UserId=7982] Sayfa 1: 50 ürün alındı. (Toplam: 626)
2026-07-25 11:53:54,117 INFO [UserId=7982] Sayfa 2: 50 ürün alındı. (Toplam: 626)
2026-07-25 11:53:54,349 INFO [UserId=7982] Sayfa 3: 50 ürün alındı. (Toplam: 626)
2026-07-25 11:53:54,574 INFO [UserId=7982] Sayfa 4: 50 ürün alındı. (Toplam: 626)
2026-07-25 11:53:54,824 INFO [UserId=7982] Sayfa 5: 50 ürün alındı. (Toplam: 626)
2026-07-25 11:53:55,048 INFO [UserId=7982] Sayfa 6: 50 ürün alındı. (Toplam: 626)
2026-07-25 11:53:55,279 INFO [UserId=7982] Sayfa 7: 50 ürün alındı. (Toplam: 626)
2026-07-25 11:53:55,508 INFO [UserId=7982] Sayfa 8: 50 ürün alındı. (Toplam: 626)
2026-07-25 11:53:55,741 INFO [UserId=7982] Sayfa 9: 50 ürün alındı. (Toplam: 626)
2026-07-25 11:53:55,967 INFO [UserId=7982] Sayfa 10: 50 ürün alındı. (Toplam: 626)
2026-07-25 11:53:56,191 INFO [UserId=7982] Sayfa 11: 50 ürün alındı. (Toplam: 626)
2026-07-25 11:53:56,415 INFO [UserId=7982] Sayfa 12: 50 ürün alındı. (Toplam: 626)
2026-07-25 11:53:56,649 INFO [UserId=7982] Sayfa 13: 26 ürün alındı. (Toplam: 626)
2026-07-25 11:53:56,649 INFO [UserId=7982] Toplam 626 ürün çekildi.
2026-07-25 11:53:56,878 INFO [UserId=16982] Sayfa 1: 50 ürün alındı. (Toplam: 787)
2026-07-25 11:53:57,111 INFO [UserId=16982] Sayfa 2: 50 ürün alındı. (Toplam: 787)
2026-07-25 11:53:57,351 INFO [UserId=16982] Sayfa 3: 50 ürün alındı. (Toplam: 787)
2026-07-25 11:53:57,587 INFO [UserId=16982] Sayfa 4: 50 ürün alındı. (Toplam: 787)
2026-07-25 11:53:57,802 INFO [UserId=16982] Sayfa 5: 50 ürün alındı. (Toplam: 787)
2026-07-25 11:53:58,029 INFO [UserId=16982] Sayfa 6: 50 ürün alındı. (Toplam: 787)
2026-07-25 11:53:58,259 INFO [UserId=16982] Sayfa 7: 50 ürün alındı. (Toplam: 787)
2026-07-25 11:53:58,490 INFO [UserId=16982] Sayfa 8: 50 ürün alındı. (Toplam: 787)
2026-07-25 11:53:58,744 INFO [UserId=16982] Sayfa 9: 50 ürün alındı. (Toplam: 787)
2026-07-25 11:53:58,979 INFO [UserId=16982] Sayfa 10: 50 ürün alındı. (Toplam: 787)
2026-07-25 11:53:59,217 INFO [UserId=16982] Sayfa 11: 50 ürün alındı. (Toplam: 787)
2026-07-25 11:53:59,462 INFO [UserId=16982] Sayfa 12: 50 ürün alındı. (Toplam: 787)
2026-07-25 11:53:59,709 INFO [UserId=16982] Sayfa 13: 50 ürün alındı. (Toplam: 787)
2026-07-25 11:53:59,937 INFO [UserId=16982] Sayfa 14: 50 ürün alındı. (Toplam: 787)
2026-07-25 11:54:00,180 INFO [UserId=16982] Sayfa 15: 50 ürün alındı. (Toplam: 787)
2026-07-25 11:54:00,406 INFO [UserId=16982] Sayfa 16: 37 ürün alındı. (Toplam: 787)
2026-07-25 11:54:00,406 INFO [UserId=16982] Toplam 787 ürün çekildi.
2026-07-25 11:54:00,620 INFO [UserId=19598] Sayfa 1: 50 ürün alındı. (Toplam: 363)
2026-07-25 11:54:00,841 INFO [UserId=19598] Sayfa 2: 50 ürün alındı. (Toplam: 363)
2026-07-25 11:54:01,050 INFO [UserId=19598] Sayfa 3: 50 ürün alındı. (Toplam: 363)
2026-07-25 11:54:01,266 INFO [UserId=19598] Sayfa 4: 50 ürün alındı. (Toplam: 363)
2026-07-25 11:54:01,477 INFO [UserId=19598] Sayfa 5: 50 ürün alındı. (Toplam: 363)
2026-07-25 11:54:01,695 INFO [UserId=19598] Sayfa 6: 50 ürün alındı. (Toplam: 363)
2026-07-25 11:54:01,930 INFO [UserId=19598] Sayfa 7: 50 ürün alındı. (Toplam: 363)
2026-07-25 11:54:02,127 INFO [UserId=19598] Sayfa 8: 13 ürün alındı. (Toplam: 363)
2026-07-25 11:54:02,127 INFO [UserId=19598] Toplam 363 ürün çekildi.
2026-07-25 11:54:02,374 INFO [UserId=21144] Sayfa 1: 50 ürün alındı. (Toplam: 408)
2026-07-25 11:54:02,604 INFO [UserId=21144] Sayfa 2: 50 ürün alındı. (Toplam: 408)
2026-07-25 11:54:02,833 INFO [UserId=21144] Sayfa 3: 50 ürün alındı. (Toplam: 408)
2026-07-25 11:54:03,057 INFO [UserId=21144] Sayfa 4: 50 ürün alındı. (Toplam: 408)
2026-07-25 11:54:03,307 INFO [UserId=21144] Sayfa 5: 50 ürün alındı. (Toplam: 408)
2026-07-25 11:54:03,569 INFO [UserId=21144] Sayfa 6: 50 ürün alındı. (Toplam: 408)
2026-07-25 11:54:03,796 INFO [UserId=21144] Sayfa 7: 50 ürün alındı. (Toplam: 408)
2026-07-25 11:54:04,026 INFO [UserId=21144] Sayfa 8: 50 ürün alındı. (Toplam: 408)
2026-07-25 11:54:04,215 INFO [UserId=21144] Sayfa 9: 8 ürün alındı. (Toplam: 408)
2026-07-25 11:54:04,215 INFO [UserId=21144] Toplam 408 ürün çekildi.
2026-07-25 11:54:04,450 INFO [UserId=184] Sayfa 1: 50 ürün alındı. (Toplam: 482)
2026-07-25 11:54:04,680 INFO [UserId=184] Sayfa 2: 50 ürün alındı. (Toplam: 482)
2026-07-25 11:54:04,910 INFO [UserId=184] Sayfa 3: 50 ürün alındı. (Toplam: 482)
2026-07-25 11:54:05,139 INFO [UserId=184] Sayfa 4: 50 ürün alındı. (Toplam: 482)
2026-07-25 11:54:05,385 INFO [UserId=184] Sayfa 5: 50 ürün alındı. (Toplam: 482)
2026-07-25 11:54:05,643 INFO [UserId=184] Sayfa 6: 50 ürün alındı. (Toplam: 482)
2026-07-25 11:54:05,917 INFO [UserId=184] Sayfa 7: 50 ürün alındı. (Toplam: 482)
2026-07-25 11:54:06,160 INFO [UserId=184] Sayfa 8: 50 ürün alındı. (Toplam: 482)
2026-07-25 11:54:06,405 INFO [UserId=184] Sayfa 9: 50 ürün alındı. (Toplam: 482)
2026-07-25 11:54:06,615 INFO [UserId=184] Sayfa 10: 32 ürün alındı. (Toplam: 482)
2026-07-25 11:54:06,615 INFO [UserId=184] Toplam 482 ürün çekildi.
2026-07-25 11:54:06,831 INFO [UserId=1735] Sayfa 1: 50 ürün alındı. (Toplam: 304)
2026-07-25 11:54:07,074 INFO [UserId=1735] Sayfa 2: 50 ürün alındı. (Toplam: 304)
2026-07-25 11:54:07,305 INFO [UserId=1735] Sayfa 3: 50 ürün alındı. (Toplam: 304)
2026-07-25 11:54:07,534 INFO [UserId=1735] Sayfa 4: 50 ürün alındı. (Toplam: 304)
2026-07-25 11:54:07,775 INFO [UserId=1735] Sayfa 5: 50 ürün alındı. (Toplam: 304)
2026-07-25 11:54:07,990 INFO [UserId=1735] Sayfa 6: 50 ürün alındı. (Toplam: 304)
2026-07-25 11:54:08,173 INFO [UserId=1735] Sayfa 7: 4 ürün alındı. (Toplam: 304)
2026-07-25 11:54:08,173 INFO [UserId=1735] Toplam 304 ürün çekildi.
2026-07-25 11:54:08,401 INFO [UserId=11197] Sayfa 1: 50 ürün alındı. (Toplam: 199)
2026-07-25 11:54:08,622 INFO [UserId=11197] Sayfa 2: 50 ürün alındı. (Toplam: 199)
2026-07-25 11:54:08,842 INFO [UserId=11197] Sayfa 3: 50 ürün alındı. (Toplam: 199)
2026-07-25 11:54:09,064 INFO [UserId=11197] Sayfa 4: 49 ürün alındı. (Toplam: 199)
2026-07-25 11:54:09,065 INFO [UserId=11197] Toplam 199 ürün çekildi.
2026-07-25 11:54:09,293 INFO [UserId=759] Sayfa 1: 50 ürün alındı. (Toplam: 376)
2026-07-25 11:54:09,515 INFO [UserId=759] Sayfa 2: 50 ürün alındı. (Toplam: 376)
2026-07-25 11:54:09,745 INFO [UserId=759] Sayfa 3: 50 ürün alındı. (Toplam: 376)
2026-07-25 11:54:09,975 INFO [UserId=759] Sayfa 4: 50 ürün alındı. (Toplam: 376)
2026-07-25 11:54:10,215 INFO [UserId=759] Sayfa 5: 50 ürün alındı. (Toplam: 376)
2026-07-25 11:54:10,434 INFO [UserId=759] Sayfa 6: 50 ürün alındı. (Toplam: 376)
2026-07-25 11:54:10,677 INFO [UserId=759] Sayfa 7: 50 ürün alındı. (Toplam: 376)
2026-07-25 11:54:10,889 INFO [UserId=759] Sayfa 8: 26 ürün alındı. (Toplam: 376)
2026-07-25 11:54:10,889 INFO [UserId=759] Toplam 376 ürün çekildi.
2026-07-25 11:54:11,137 INFO [UserId=18] Sayfa 1: 50 ürün alındı. (Toplam: 1018)
2026-07-25 11:54:11,381 INFO [UserId=18] Sayfa 2: 50 ürün alındı. (Toplam: 1018)
2026-07-25 11:54:11,627 INFO [UserId=18] Sayfa 3: 50 ürün alındı. (Toplam: 1018)
2026-07-25 11:54:11,866 INFO [UserId=18] Sayfa 4: 50 ürün alındı. (Toplam: 1018)
2026-07-25 11:54:12,113 INFO [UserId=18] Sayfa 5: 50 ürün alındı. (Toplam: 1018)
2026-07-25 11:54:12,355 INFO [UserId=18] Sayfa 6: 50 ürün alındı. (Toplam: 1018)
2026-07-25 11:54:12,587 INFO [UserId=18] Sayfa 7: 50 ürün alındı. (Toplam: 1018)
2026-07-25 11:54:12,828 INFO [UserId=18] Sayfa 8: 50 ürün alındı. (Toplam: 1018)
2026-07-25 11:54:13,067 INFO [UserId=18] Sayfa 9: 50 ürün alındı. (Toplam: 1018)
2026-07-25 11:54:13,301 INFO [UserId=18] Sayfa 10: 50 ürün alındı. (Toplam: 1018)
2026-07-25 11:54:13,541 INFO [UserId=18] Sayfa 11: 50 ürün alındı. (Toplam: 1018)
2026-07-25 11:54:13,819 INFO [UserId=18] Sayfa 12: 50 ürün alındı. (Toplam: 1018)
2026-07-25 11:54:14,087 INFO [UserId=18] Sayfa 13: 50 ürün alındı. (Toplam: 1018)
2026-07-25 11:54:14,333 INFO [UserId=18] Sayfa 14: 50 ürün alındı. (Toplam: 1018)
2026-07-25 11:54:14,571 INFO [UserId=18] Sayfa 15: 50 ürün alındı. (Toplam: 1018)
2026-07-25 11:54:14,819 INFO [UserId=18] Sayfa 16: 50 ürün alındı. (Toplam: 1018)
2026-07-25 11:54:15,056 INFO [UserId=18] Sayfa 17: 50 ürün alındı. (Toplam: 1018)
2026-07-25 11:54:15,296 INFO [UserId=18] Sayfa 18: 50 ürün alındı. (Toplam: 1018)
2026-07-25 11:54:15,529 INFO [UserId=18] Sayfa 19: 50 ürün alındı. (Toplam: 1018)
2026-07-25 11:54:15,762 INFO [UserId=18] Sayfa 20: 50 ürün alındı. (Toplam: 1018)
2026-07-25 11:54:15,974 INFO [UserId=18] Sayfa 21: 18 ürün alındı. (Toplam: 1018)
2026-07-25 11:54:15,974 INFO [UserId=18] Toplam 1018 ürün çekildi.
2026-07-25 11:54:16,011 INFO Varyantlı XML feed yazıldı: docs/ecza1-feed.xml (4563 satır / varyant)
2026-07-25 11:54:16,013 INFO Tüm mağazalar için senkronizasyon tamamlandı.
2026-07-25 15:48:22,596 INFO Giriş başarılı (302 yönlendirme -> /).
2026-07-25 15:49:24,803 INFO Kategori/marka tablosu hazır: 660 kategori, 3328 marka bulundu.
2026-07-25 15:49:25,026 INFO [UserId=7982] Sayfa 1: 50 ürün alındı. (Toplam: 623)
2026-07-25 15:49:25,246 INFO [UserId=7982] Sayfa 2: 50 ürün alındı. (Toplam: 623)
2026-07-25 15:49:25,471 INFO [UserId=7982] Sayfa 3: 50 ürün alındı. (Toplam: 623)
2026-07-25 15:49:25,687 INFO [UserId=7982] Sayfa 4: 50 ürün alındı. (Toplam: 623)
2026-07-25 15:49:25,907 INFO [UserId=7982] Sayfa 5: 50 ürün alındı. (Toplam: 623)
2026-07-25 15:49:26,125 INFO [UserId=7982] Sayfa 6: 50 ürün alındı. (Toplam: 623)
2026-07-25 15:49:26,349 INFO [UserId=7982] Sayfa 7: 50 ürün alındı. (Toplam: 623)
2026-07-25 15:49:26,568 INFO [UserId=7982] Sayfa 8: 50 ürün alındı. (Toplam: 623)
2026-07-25 15:49:26,789 INFO [UserId=7982] Sayfa 9: 50 ürün alındı. (Toplam: 623)
2026-07-25 15:49:27,012 INFO [UserId=7982] Sayfa 10: 50 ürün alındı. (Toplam: 623)
2026-07-25 15:49:27,225 INFO [UserId=7982] Sayfa 11: 50 ürün alındı. (Toplam: 623)
2026-07-25 15:49:27,442 INFO [UserId=7982] Sayfa 12: 50 ürün alındı. (Toplam: 623)
2026-07-25 15:49:27,644 INFO [UserId=7982] Sayfa 13: 23 ürün alındı. (Toplam: 623)
2026-07-25 15:49:27,644 INFO [UserId=7982] Toplam 623 ürün çekildi.
2026-07-25 15:49:27,869 INFO [UserId=16982] Sayfa 1: 50 ürün alındı. (Toplam: 786)
2026-07-25 15:49:28,167 INFO [UserId=16982] Sayfa 2: 50 ürün alındı. (Toplam: 786)
2026-07-25 15:49:28,396 INFO [UserId=16982] Sayfa 3: 50 ürün alındı. (Toplam: 786)
2026-07-25 15:49:28,634 INFO [UserId=16982] Sayfa 4: 50 ürün alındı. (Toplam: 786)
2026-07-25 15:49:28,841 INFO [UserId=16982] Sayfa 5: 50 ürün alındı. (Toplam: 786)
2026-07-25 15:49:29,054 INFO [UserId=16982] Sayfa 6: 50 ürün alındı. (Toplam: 786)
2026-07-25 15:49:29,275 INFO [UserId=16982] Sayfa 7: 50 ürün alındı. (Toplam: 786)
2026-07-25 15:49:29,497 INFO [UserId=16982] Sayfa 8: 50 ürün alındı. (Toplam: 786)
2026-07-25 15:49:29,725 INFO [UserId=16982] Sayfa 9: 50 ürün alındı. (Toplam: 786)
2026-07-25 15:49:29,948 INFO [UserId=16982] Sayfa 10: 50 ürün alındı. (Toplam: 786)
2026-07-25 15:49:30,179 INFO [UserId=16982] Sayfa 11: 50 ürün alındı. (Toplam: 786)
2026-07-25 15:49:30,417 INFO [UserId=16982] Sayfa 12: 50 ürün alındı. (Toplam: 786)
2026-07-25 15:49:30,662 INFO [UserId=16982] Sayfa 13: 50 ürün alındı. (Toplam: 786)
2026-07-25 15:49:30,883 INFO [UserId=16982] Sayfa 14: 50 ürün alındı. (Toplam: 786)
2026-07-25 15:49:31,105 INFO [UserId=16982] Sayfa 15: 50 ürün alındı. (Toplam: 786)
2026-07-25 15:49:31,327 INFO [UserId=16982] Sayfa 16: 36 ürün alındı. (Toplam: 786)
2026-07-25 15:49:31,327 INFO [UserId=16982] Toplam 786 ürün çekildi.
2026-07-25 15:49:31,537 INFO [UserId=19598] Sayfa 1: 50 ürün alındı. (Toplam: 363)
2026-07-25 15:49:31,742 INFO [UserId=19598] Sayfa 2: 50 ürün alındı. (Toplam: 363)
2026-07-25 15:49:31,943 INFO [UserId=19598] Sayfa 3: 50 ürün alındı. (Toplam: 363)
2026-07-25 15:49:32,148 INFO [UserId=19598] Sayfa 4: 50 ürün alındı. (Toplam: 363)
2026-07-25 15:49:32,353 INFO [UserId=19598] Sayfa 5: 50 ürün alındı. (Toplam: 363)
2026-07-25 15:49:32,564 INFO [UserId=19598] Sayfa 6: 50 ürün alındı. (Toplam: 363)
2026-07-25 15:49:32,784 INFO [UserId=19598] Sayfa 7: 50 ürün alındı. (Toplam: 363)
2026-07-25 15:49:32,974 INFO [UserId=19598] Sayfa 8: 13 ürün alındı. (Toplam: 363)
2026-07-25 15:49:32,974 INFO [UserId=19598] Toplam 363 ürün çekildi.
2026-07-25 15:49:33,204 INFO [UserId=21144] Sayfa 1: 50 ürün alındı. (Toplam: 410)
2026-07-25 15:49:33,420 INFO [UserId=21144] Sayfa 2: 50 ürün alındı. (Toplam: 410)
2026-07-25 15:49:33,636 INFO [UserId=21144] Sayfa 3: 50 ürün alındı. (Toplam: 410)
2026-07-25 15:49:33,850 INFO [UserId=21144] Sayfa 4: 50 ürün alındı. (Toplam: 410)
2026-07-25 15:49:34,084 INFO [UserId=21144] Sayfa 5: 50 ürün alındı. (Toplam: 410)
2026-07-25 15:49:34,306 INFO [UserId=21144] Sayfa 6: 50 ürün alındı. (Toplam: 410)
2026-07-25 15:49:34,523 INFO [UserId=21144] Sayfa 7: 50 ürün alındı. (Toplam: 410)
2026-07-25 15:49:34,755 INFO [UserId=21144] Sayfa 8: 50 ürün alındı. (Toplam: 410)
2026-07-25 15:49:34,937 INFO [UserId=21144] Sayfa 9: 10 ürün alındı. (Toplam: 410)
2026-07-25 15:49:34,937 INFO [UserId=21144] Toplam 410 ürün çekildi.
2026-07-25 15:49:35,176 INFO [UserId=184] Sayfa 1: 50 ürün alındı. (Toplam: 488)
2026-07-25 15:49:35,400 INFO [UserId=184] Sayfa 2: 50 ürün alındı. (Toplam: 488)
2026-07-25 15:49:35,628 INFO [UserId=184] Sayfa 3: 50 ürün alındı. (Toplam: 488)
2026-07-25 15:49:35,846 INFO [UserId=184] Sayfa 4: 50 ürün alındı. (Toplam: 488)
2026-07-25 15:49:36,069 INFO [UserId=184] Sayfa 5: 50 ürün alındı. (Toplam: 488)
2026-07-25 15:49:36,312 INFO [UserId=184] Sayfa 6: 50 ürün alındı. (Toplam: 488)
2026-07-25 15:49:36,572 INFO [UserId=184] Sayfa 7: 50 ürün alındı. (Toplam: 488)
2026-07-25 15:49:36,802 INFO [UserId=184] Sayfa 8: 50 ürün alındı. (Toplam: 488)
2026-07-25 15:49:37,033 INFO [UserId=184] Sayfa 9: 50 ürün alındı. (Toplam: 488)
2026-07-25 15:49:37,245 INFO [UserId=184] Sayfa 10: 38 ürün alındı. (Toplam: 488)
2026-07-25 15:49:37,245 INFO [UserId=184] Toplam 488 ürün çekildi.
2026-07-25 15:49:37,458 INFO [UserId=1735] Sayfa 1: 50 ürün alındı. (Toplam: 302)
2026-07-25 15:49:37,677 INFO [UserId=1735] Sayfa 2: 50 ürün alındı. (Toplam: 302)
2026-07-25 15:49:37,900 INFO [UserId=1735] Sayfa 3: 50 ürün alındı. (Toplam: 302)
2026-07-25 15:49:38,116 INFO [UserId=1735] Sayfa 4: 50 ürün alındı. (Toplam: 302)
2026-07-25 15:49:38,333 INFO [UserId=1735] Sayfa 5: 50 ürün alındı. (Toplam: 302)
2026-07-25 15:49:38,536 INFO [UserId=1735] Sayfa 6: 50 ürün alındı. (Toplam: 302)
2026-07-25 15:49:38,706 INFO [UserId=1735] Sayfa 7: 2 ürün alındı. (Toplam: 302)
2026-07-25 15:49:38,706 INFO [UserId=1735] Toplam 302 ürün çekildi.
2026-07-25 15:49:38,926 INFO [UserId=11197] Sayfa 1: 50 ürün alındı. (Toplam: 199)
2026-07-25 15:49:39,138 INFO [UserId=11197] Sayfa 2: 50 ürün alındı. (Toplam: 199)
2026-07-25 15:49:39,351 INFO [UserId=11197] Sayfa 3: 50 ürün alındı. (Toplam: 199)
2026-07-25 15:49:39,561 INFO [UserId=11197] Sayfa 4: 49 ürün alındı. (Toplam: 199)
2026-07-25 15:49:39,561 INFO [UserId=11197] Toplam 199 ürün çekildi.
2026-07-25 15:49:39,815 INFO [UserId=759] Sayfa 1: 50 ürün alındı. (Toplam: 375)
2026-07-25 15:49:40,061 INFO [UserId=759] Sayfa 2: 50 ürün alındı. (Toplam: 375)
2026-07-25 15:49:40,280 INFO [UserId=759] Sayfa 3: 50 ürün alındı. (Toplam: 375)
2026-07-25 15:49:40,499 INFO [UserId=759] Sayfa 4: 50 ürün alındı. (Toplam: 375)
2026-07-25 15:49:40,731 INFO [UserId=759] Sayfa 5: 50 ürün alındı. (Toplam: 375)
2026-07-25 15:49:40,949 INFO [UserId=759] Sayfa 6: 50 ürün alındı. (Toplam: 375)
2026-07-25 15:49:41,174 INFO [UserId=759] Sayfa 7: 50 ürün alındı. (Toplam: 375)
2026-07-25 15:49:41,369 INFO [UserId=759] Sayfa 8: 25 ürün alındı. (Toplam: 375)
2026-07-25 15:49:41,369 INFO [UserId=759] Toplam 375 ürün çekildi.
2026-07-25 15:49:41,599 INFO [UserId=18] Sayfa 1: 50 ürün alındı. (Toplam: 1016)
2026-07-25 15:49:41,834 INFO [UserId=18] Sayfa 2: 50 ürün alındı. (Toplam: 1016)
2026-07-25 15:49:42,065 INFO [UserId=18] Sayfa 3: 50 ürün alındı. (Toplam: 1016)
2026-07-25 15:49:42,301 INFO [UserId=18] Sayfa 4: 50 ürün alındı. (Toplam: 1016)
2026-07-25 15:49:42,520 INFO [UserId=18] Sayfa 5: 50 ürün alındı. (Toplam: 1016)
2026-07-25 15:49:42,755 INFO [UserId=18] Sayfa 6: 50 ürün alındı. (Toplam: 1016)
2026-07-25 15:49:42,986 INFO [UserId=18] Sayfa 7: 50 ürün alındı. (Toplam: 1016)
2026-07-25 15:49:43,216 INFO [UserId=18] Sayfa 8: 50 ürün alındı. (Toplam: 1016)
2026-07-25 15:49:43,447 INFO [UserId=18] Sayfa 9: 50 ürün alındı. (Toplam: 1016)
2026-07-25 15:49:43,675 INFO [UserId=18] Sayfa 10: 50 ürün alındı. (Toplam: 1016)
2026-07-25 15:49:43,905 INFO [UserId=18] Sayfa 11: 50 ürün alındı. (Toplam: 1016)
2026-07-25 15:49:44,169 INFO [UserId=18] Sayfa 12: 50 ürün alındı. (Toplam: 1016)
2026-07-25 15:49:44,434 INFO [UserId=18] Sayfa 13: 50 ürün alındı. (Toplam: 1016)
2026-07-25 15:49:44,669 INFO [UserId=18] Sayfa 14: 50 ürün alındı. (Toplam: 1016)
2026-07-25 15:49:44,916 INFO [UserId=18] Sayfa 15: 50 ürün alındı. (Toplam: 1016)
2026-07-25 15:49:45,153 INFO [UserId=18] Sayfa 16: 50 ürün alındı. (Toplam: 1016)
2026-07-25 15:49:45,397 INFO [UserId=18] Sayfa 17: 50 ürün alındı. (Toplam: 1016)
2026-07-25 15:49:45,627 INFO [UserId=18] Sayfa 18: 50 ürün alındı. (Toplam: 1016)
2026-07-25 15:49:45,855 INFO [UserId=18] Sayfa 19: 50 ürün alındı. (Toplam: 1016)
2026-07-25 15:49:46,078 INFO [UserId=18] Sayfa 20: 50 ürün alındı. (Toplam: 1016)
2026-07-25 15:49:46,282 INFO [UserId=18] Sayfa 21: 16 ürün alındı. (Toplam: 1016)
2026-07-25 15:49:46,282 INFO [UserId=18] Toplam 1016 ürün çekildi.
2026-07-25 15:49:46,319 INFO Varyantlı XML feed yazıldı: docs/ecza1-feed.xml (4562 satır / varyant)
2026-07-25 15:49:46,321 INFO Tüm mağazalar için senkronizasyon tamamlandı.
2026-07-25 20:14:02,833 INFO Giriş başarılı (302 yönlendirme -> /).
2026-07-25 20:15:08,928 INFO Kategori/marka tablosu hazır: 660 kategori, 3328 marka bulundu.
2026-07-25 20:15:09,216 INFO [UserId=7982] Sayfa 1: 50 ürün alındı. (Toplam: 622)
2026-07-25 20:15:09,495 INFO [UserId=7982] Sayfa 2: 50 ürün alındı. (Toplam: 622)
2026-07-25 20:15:09,787 INFO [UserId=7982] Sayfa 3: 50 ürün alındı. (Toplam: 622)
2026-07-25 20:15:10,078 INFO [UserId=7982] Sayfa 4: 50 ürün alındı. (Toplam: 622)
2026-07-25 20:15:10,361 INFO [UserId=7982] Sayfa 5: 50 ürün alındı. (Toplam: 622)
2026-07-25 20:15:10,649 INFO [UserId=7982] Sayfa 6: 50 ürün alındı. (Toplam: 622)
2026-07-25 20:15:10,938 INFO [UserId=7982] Sayfa 7: 50 ürün alındı. (Toplam: 622)
2026-07-25 20:15:11,216 INFO [UserId=7982] Sayfa 8: 50 ürün alındı. (Toplam: 622)
2026-07-25 20:15:11,506 INFO [UserId=7982] Sayfa 9: 50 ürün alındı. (Toplam: 622)
2026-07-25 20:15:11,791 INFO [UserId=7982] Sayfa 10: 50 ürün alındı. (Toplam: 622)
2026-07-25 20:15:12,068 INFO [UserId=7982] Sayfa 11: 50 ürün alındı. (Toplam: 622)
2026-07-25 20:15:12,351 INFO [UserId=7982] Sayfa 12: 50 ürün alındı. (Toplam: 622)
2026-07-25 20:15:12,615 INFO [UserId=7982] Sayfa 13: 22 ürün alındı. (Toplam: 622)
2026-07-25 20:15:12,615 INFO [UserId=7982] Toplam 622 ürün çekildi.
2026-07-25 20:15:12,896 INFO [UserId=16982] Sayfa 1: 50 ürün alındı. (Toplam: 786)
2026-07-25 20:15:13,185 INFO [UserId=16982] Sayfa 2: 50 ürün alındı. (Toplam: 786)
2026-07-25 20:15:13,478 INFO [UserId=16982] Sayfa 3: 50 ürün alındı. (Toplam: 786)
2026-07-25 20:15:13,770 INFO [UserId=16982] Sayfa 4: 50 ürün alındı. (Toplam: 786)
2026-07-25 20:15:14,038 INFO [UserId=16982] Sayfa 5: 50 ürün alındı. (Toplam: 786)
2026-07-25 20:15:14,322 INFO [UserId=16982] Sayfa 6: 50 ürün alındı. (Toplam: 786)
2026-07-25 20:15:14,612 INFO [UserId=16982] Sayfa 7: 50 ürün alındı. (Toplam: 786)
2026-07-25 20:15:14,897 INFO [UserId=16982] Sayfa 8: 50 ürün alındı. (Toplam: 786)
2026-07-25 20:15:15,193 INFO [UserId=16982] Sayfa 9: 50 ürün alındı. (Toplam: 786)
2026-07-25 20:15:15,482 INFO [UserId=16982] Sayfa 10: 50 ürün alındı. (Toplam: 786)
2026-07-25 20:15:15,778 INFO [UserId=16982] Sayfa 11: 50 ürün alındı. (Toplam: 786)
2026-07-25 20:15:16,077 INFO [UserId=16982] Sayfa 12: 50 ürün alındı. (Toplam: 786)
2026-07-25 20:15:16,377 INFO [UserId=16982] Sayfa 13: 50 ürün alındı. (Toplam: 786)
2026-07-25 20:15:16,664 INFO [UserId=16982] Sayfa 14: 50 ürün alındı. (Toplam: 786)
2026-07-25 20:15:16,954 INFO [UserId=16982] Sayfa 15: 50 ürün alındı. (Toplam: 786)
2026-07-25 20:15:17,234 INFO [UserId=16982] Sayfa 16: 36 ürün alındı. (Toplam: 786)
2026-07-25 20:15:17,234 INFO [UserId=16982] Toplam 786 ürün çekildi.
2026-07-25 20:15:17,506 INFO [UserId=19598] Sayfa 1: 50 ürün alındı. (Toplam: 363)
2026-07-25 20:15:17,779 INFO [UserId=19598] Sayfa 2: 50 ürün alındı. (Toplam: 363)
2026-07-25 20:15:18,051 INFO [UserId=19598] Sayfa 3: 50 ürün alındı. (Toplam: 363)
2026-07-25 20:15:18,317 INFO [UserId=19598] Sayfa 4: 50 ürün alındı. (Toplam: 363)
2026-07-25 20:15:18,580 INFO [UserId=19598] Sayfa 5: 50 ürün alındı. (Toplam: 363)
2026-07-25 20:15:18,854 INFO [UserId=19598] Sayfa 6: 50 ürün alındı. (Toplam: 363)
2026-07-25 20:15:19,135 INFO [UserId=19598] Sayfa 7: 50 ürün alındı. (Toplam: 363)
2026-07-25 20:15:19,384 INFO [UserId=19598] Sayfa 8: 13 ürün alındı. (Toplam: 363)
2026-07-25 20:15:19,385 INFO [UserId=19598] Toplam 363 ürün çekildi.
2026-07-25 20:15:19,677 INFO [UserId=21144] Sayfa 1: 50 ürün alındı. (Toplam: 410)
2026-07-25 20:15:19,965 INFO [UserId=21144] Sayfa 2: 50 ürün alındı. (Toplam: 410)
2026-07-25 20:15:20,245 INFO [UserId=21144] Sayfa 3: 50 ürün alındı. (Toplam: 410)
2026-07-25 20:15:20,525 INFO [UserId=21144] Sayfa 4: 50 ürün alındı. (Toplam: 410)
2026-07-25 20:15:20,824 INFO [UserId=21144] Sayfa 5: 50 ürün alındı. (Toplam: 410)
2026-07-25 20:15:21,111 INFO [UserId=21144] Sayfa 6: 50 ürün alındı. (Toplam: 410)
2026-07-25 20:15:21,392 INFO [UserId=21144] Sayfa 7: 50 ürün alındı. (Toplam: 410)
2026-07-25 20:15:21,700 INFO [UserId=21144] Sayfa 8: 50 ürün alındı. (Toplam: 410)
2026-07-25 20:15:21,943 INFO [UserId=21144] Sayfa 9: 10 ürün alındı. (Toplam: 410)
2026-07-25 20:15:21,943 INFO [UserId=21144] Toplam 410 ürün çekildi.
2026-07-25 20:15:22,264 INFO [UserId=184] Sayfa 1: 50 ürün alındı. (Toplam: 489)
2026-07-25 20:15:22,568 INFO [UserId=184] Sayfa 2: 50 ürün alındı. (Toplam: 489)
2026-07-25 20:15:23,130 INFO [UserId=184] Sayfa 3: 50 ürün alındı. (Toplam: 489)
2026-07-25 20:15:23,417 INFO [UserId=184] Sayfa 4: 50 ürün alındı. (Toplam: 489)
2026-07-25 20:15:23,705 INFO [UserId=184] Sayfa 5: 50 ürün alındı. (Toplam: 489)
2026-07-25 20:15:24,017 INFO [UserId=184] Sayfa 6: 50 ürün alındı. (Toplam: 489)
2026-07-25 20:15:24,535 INFO [UserId=184] Sayfa 7: 50 ürün alındı. (Toplam: 489)
2026-07-25 20:15:24,829 INFO [UserId=184] Sayfa 8: 50 ürün alındı. (Toplam: 489)
2026-07-25 20:15:25,131 INFO [UserId=184] Sayfa 9: 50 ürün alındı. (Toplam: 489)
2026-07-25 20:15:25,432 INFO [UserId=184] Sayfa 10: 39 ürün alındı. (Toplam: 489)
2026-07-25 20:15:25,432 INFO [UserId=184] Toplam 489 ürün çekildi.
2026-07-25 20:15:25,700 INFO [UserId=1735] Sayfa 1: 50 ürün alındı. (Toplam: 301)
2026-07-25 20:15:25,987 INFO [UserId=1735] Sayfa 2: 50 ürün alındı. (Toplam: 301)
2026-07-25 20:15:26,268 INFO [UserId=1735] Sayfa 3: 50 ürün alındı. (Toplam: 301)
2026-07-25 20:15:26,551 INFO [UserId=1735] Sayfa 4: 50 ürün alındı. (Toplam: 301)
2026-07-25 20:15:26,841 INFO [UserId=1735] Sayfa 5: 50 ürün alındı. (Toplam: 301)
2026-07-25 20:15:27,111 INFO [UserId=1735] Sayfa 6: 50 ürün alındı. (Toplam: 301)
2026-07-25 20:15:27,347 INFO [UserId=1735] Sayfa 7: 1 ürün alındı. (Toplam: 301)
2026-07-25 20:15:27,347 INFO [UserId=1735] Toplam 301 ürün çekildi.
2026-07-25 20:15:27,626 INFO [UserId=11197] Sayfa 1: 50 ürün alındı. (Toplam: 198)
2026-07-25 20:15:27,908 INFO [UserId=11197] Sayfa 2: 50 ürün alındı. (Toplam: 198)
2026-07-25 20:15:28,193 INFO [UserId=11197] Sayfa 3: 50 ürün alındı. (Toplam: 198)
2026-07-25 20:15:28,472 INFO [UserId=11197] Sayfa 4: 48 ürün alındı. (Toplam: 198)
2026-07-25 20:15:28,472 INFO [UserId=11197] Toplam 198 ürün çekildi.
2026-07-25 20:15:28,754 INFO [UserId=759] Sayfa 1: 50 ürün alındı. (Toplam: 374)
2026-07-25 20:15:29,033 INFO [UserId=759] Sayfa 2: 50 ürün alındı. (Toplam: 374)
2026-07-25 20:15:29,314 INFO [UserId=759] Sayfa 3: 50 ürün alındı. (Toplam: 374)
2026-07-25 20:15:29,600 INFO [UserId=759] Sayfa 4: 50 ürün alındı. (Toplam: 374)
2026-07-25 20:15:29,890 INFO [UserId=759] Sayfa 5: 50 ürün alındı. (Toplam: 374)
2026-07-25 20:15:30,174 INFO [UserId=759] Sayfa 6: 50 ürün alındı. (Toplam: 374)
2026-07-25 20:15:30,459 INFO [UserId=759] Sayfa 7: 50 ürün alındı. (Toplam: 374)
2026-07-25 20:15:30,719 INFO [UserId=759] Sayfa 8: 24 ürün alındı. (Toplam: 374)
2026-07-25 20:15:30,719 INFO [UserId=759] Toplam 374 ürün çekildi.
2026-07-25 20:15:31,020 INFO [UserId=18] Sayfa 1: 50 ürün alındı. (Toplam: 1016)
2026-07-25 20:15:31,318 INFO [UserId=18] Sayfa 2: 50 ürün alındı. (Toplam: 1016)
2026-07-25 20:15:31,612 INFO [UserId=18] Sayfa 3: 50 ürün alındı. (Toplam: 1016)
2026-07-25 20:15:31,909 INFO [UserId=18] Sayfa 4: 50 ürün alındı. (Toplam: 1016)
2026-07-25 20:15:32,196 INFO [UserId=18] Sayfa 5: 50 ürün alındı. (Toplam: 1016)
2026-07-25 20:15:32,483 INFO [UserId=18] Sayfa 6: 50 ürün alındı. (Toplam: 1016)
2026-07-25 20:15:32,773 INFO [UserId=18] Sayfa 7: 50 ürün alındı. (Toplam: 1016)
2026-07-25 20:15:33,073 INFO [UserId=18] Sayfa 8: 50 ürün alındı. (Toplam: 1016)
2026-07-25 20:15:33,366 INFO [UserId=18] Sayfa 9: 50 ürün alındı. (Toplam: 1016)
2026-07-25 20:15:33,655 INFO [UserId=18] Sayfa 10: 50 ürün alındı. (Toplam: 1016)
2026-07-25 20:15:33,992 INFO [UserId=18] Sayfa 11: 50 ürün alındı. (Toplam: 1016)
2026-07-25 20:15:34,335 INFO [UserId=18] Sayfa 12: 50 ürün alındı. (Toplam: 1016)
2026-07-25 20:15:34,661 INFO [UserId=18] Sayfa 13: 50 ürün alındı. (Toplam: 1016)
2026-07-25 20:15:34,957 INFO [UserId=18] Sayfa 14: 50 ürün alındı. (Toplam: 1016)
2026-07-25 20:15:35,253 INFO [UserId=18] Sayfa 15: 50 ürün alındı. (Toplam: 1016)
2026-07-25 20:15:35,548 INFO [UserId=18] Sayfa 16: 50 ürün alındı. (Toplam: 1016)
2026-07-25 20:15:35,843 INFO [UserId=18] Sayfa 17: 50 ürün alındı. (Toplam: 1016)
2026-07-25 20:15:36,140 INFO [UserId=18] Sayfa 18: 50 ürün alındı. (Toplam: 1016)
2026-07-25 20:15:36,440 INFO [UserId=18] Sayfa 19: 50 ürün alındı. (Toplam: 1016)
2026-07-25 20:15:36,733 INFO [UserId=18] Sayfa 20: 50 ürün alındı. (Toplam: 1016)
2026-07-25 20:15:36,996 INFO [UserId=18] Sayfa 21: 16 ürün alındı. (Toplam: 1016)
2026-07-25 20:15:36,997 INFO [UserId=18] Toplam 1016 ürün çekildi.
2026-07-25 20:15:37,034 INFO Varyantlı XML feed yazıldı: docs/ecza1-feed.xml (4559 satır / varyant)
2026-07-25 20:15:37,036 INFO Tüm mağazalar için senkronizasyon tamamlandı.
2026-07-26 07:14:46,867 INFO Giriş başarılı (302 yönlendirme -> /).
2026-07-26 07:15:45,943 INFO Kategori/marka tablosu hazır: 660 kategori, 3328 marka bulundu.
2026-07-26 07:15:46,170 INFO [UserId=7982] Sayfa 1: 50 ürün alındı. (Toplam: 620)
2026-07-26 07:15:46,396 INFO [UserId=7982] Sayfa 2: 50 ürün alındı. (Toplam: 620)
2026-07-26 07:15:46,623 INFO [UserId=7982] Sayfa 3: 50 ürün alındı. (Toplam: 620)
2026-07-26 07:15:46,853 INFO [UserId=7982] Sayfa 4: 50 ürün alındı. (Toplam: 620)
2026-07-26 07:15:47,105 INFO [UserId=7982] Sayfa 5: 50 ürün alındı. (Toplam: 620)
2026-07-26 07:15:47,339 INFO [UserId=7982] Sayfa 6: 50 ürün alındı. (Toplam: 620)
2026-07-26 07:15:47,570 INFO [UserId=7982] Sayfa 7: 50 ürün alındı. (Toplam: 620)
2026-07-26 07:15:47,807 INFO [UserId=7982] Sayfa 8: 50 ürün alındı. (Toplam: 620)
2026-07-26 07:15:48,036 INFO [UserId=7982] Sayfa 9: 50 ürün alındı. (Toplam: 620)
2026-07-26 07:15:48,276 INFO [UserId=7982] Sayfa 10: 50 ürün alındı. (Toplam: 620)
2026-07-26 07:15:48,508 INFO [UserId=7982] Sayfa 11: 50 ürün alındı. (Toplam: 620)
2026-07-26 07:15:48,758 INFO [UserId=7982] Sayfa 12: 50 ürün alındı. (Toplam: 620)
2026-07-26 07:15:48,969 INFO [UserId=7982] Sayfa 13: 20 ürün alındı. (Toplam: 620)
2026-07-26 07:15:48,969 INFO [UserId=7982] Toplam 620 ürün çekildi.
2026-07-26 07:15:49,200 INFO [UserId=16982] Sayfa 1: 50 ürün alındı. (Toplam: 786)
2026-07-26 07:15:49,431 INFO [UserId=16982] Sayfa 2: 50 ürün alındı. (Toplam: 786)
2026-07-26 07:15:49,669 INFO [UserId=16982] Sayfa 3: 50 ürün alındı. (Toplam: 786)
2026-07-26 07:15:49,907 INFO [UserId=16982] Sayfa 4: 50 ürün alındı. (Toplam: 786)
2026-07-26 07:15:50,130 INFO [UserId=16982] Sayfa 5: 50 ürün alındı. (Toplam: 786)
2026-07-26 07:15:50,363 INFO [UserId=16982] Sayfa 6: 50 ürün alındı. (Toplam: 786)
2026-07-26 07:15:50,601 INFO [UserId=16982] Sayfa 7: 50 ürün alındı. (Toplam: 786)
2026-07-26 07:15:50,842 INFO [UserId=16982] Sayfa 8: 50 ürün alındı. (Toplam: 786)
2026-07-26 07:15:51,096 INFO [UserId=16982] Sayfa 9: 50 ürün alındı. (Toplam: 786)
2026-07-26 07:15:51,326 INFO [UserId=16982] Sayfa 10: 50 ürün alındı. (Toplam: 786)
2026-07-26 07:15:51,572 INFO [UserId=16982] Sayfa 11: 50 ürün alındı. (Toplam: 786)
2026-07-26 07:15:51,821 INFO [UserId=16982] Sayfa 12: 50 ürün alındı. (Toplam: 786)
2026-07-26 07:15:52,073 INFO [UserId=16982] Sayfa 13: 50 ürün alındı. (Toplam: 786)
2026-07-26 07:15:52,306 INFO [UserId=16982] Sayfa 14: 50 ürün alındı. (Toplam: 786)
2026-07-26 07:15:52,543 INFO [UserId=16982] Sayfa 15: 50 ürün alındı. (Toplam: 786)
2026-07-26 07:15:52,765 INFO [UserId=16982] Sayfa 16: 36 ürün alındı. (Toplam: 786)
2026-07-26 07:15:52,765 INFO [UserId=16982] Toplam 786 ürün çekildi.
2026-07-26 07:15:52,985 INFO [UserId=19598] Sayfa 1: 50 ürün alındı. (Toplam: 363)
2026-07-26 07:15:53,198 INFO [UserId=19598] Sayfa 2: 50 ürün alındı. (Toplam: 363)
2026-07-26 07:15:53,421 INFO [UserId=19598] Sayfa 3: 50 ürün alındı. (Toplam: 363)
2026-07-26 07:15:53,635 INFO [UserId=19598] Sayfa 4: 50 ürün alındı. (Toplam: 363)
2026-07-26 07:15:53,843 INFO [UserId=19598] Sayfa 5: 50 ürün alındı. (Toplam: 363)
2026-07-26 07:15:54,062 INFO [UserId=19598] Sayfa 6: 50 ürün alındı. (Toplam: 363)
2026-07-26 07:15:54,308 INFO [UserId=19598] Sayfa 7: 50 ürün alındı. (Toplam: 363)
2026-07-26 07:15:54,501 INFO [UserId=19598] Sayfa 8: 13 ürün alındı. (Toplam: 363)
2026-07-26 07:15:54,501 INFO [UserId=19598] Toplam 363 ürün çekildi.
2026-07-26 07:15:54,735 INFO [UserId=21144] Sayfa 1: 50 ürün alındı. (Toplam: 410)
2026-07-26 07:15:54,962 INFO [UserId=21144] Sayfa 2: 50 ürün alındı. (Toplam: 410)
2026-07-26 07:15:55,192 INFO [UserId=21144] Sayfa 3: 50 ürün alındı. (Toplam: 410)
2026-07-26 07:15:55,416 INFO [UserId=21144] Sayfa 4: 50 ürün alındı. (Toplam: 410)
2026-07-26 07:15:55,674 INFO [UserId=21144] Sayfa 5: 50 ürün alındı. (Toplam: 410)
2026-07-26 07:15:55,909 INFO [UserId=21144] Sayfa 6: 50 ürün alındı. (Toplam: 410)
2026-07-26 07:15:56,142 INFO [UserId=21144] Sayfa 7: 50 ürün alındı. (Toplam: 410)
2026-07-26 07:15:56,369 INFO [UserId=21144] Sayfa 8: 50 ürün alındı. (Toplam: 410)
2026-07-26 07:15:56,555 INFO [UserId=21144] Sayfa 9: 10 ürün alındı. (Toplam: 410)
2026-07-26 07:15:56,555 INFO [UserId=21144] Toplam 410 ürün çekildi.
2026-07-26 07:15:56,792 INFO [UserId=184] Sayfa 1: 50 ürün alındı. (Toplam: 490)
2026-07-26 07:15:57,024 INFO [UserId=184] Sayfa 2: 50 ürün alındı. (Toplam: 490)
2026-07-26 07:15:57,259 INFO [UserId=184] Sayfa 3: 50 ürün alındı. (Toplam: 490)
2026-07-26 07:15:57,486 INFO [UserId=184] Sayfa 4: 50 ürün alındı. (Toplam: 490)
2026-07-26 07:15:57,718 INFO [UserId=184] Sayfa 5: 50 ürün alındı. (Toplam: 490)
2026-07-26 07:15:57,979 INFO [UserId=184] Sayfa 6: 50 ürün alındı. (Toplam: 490)
2026-07-26 07:15:58,251 INFO [UserId=184] Sayfa 7: 50 ürün alındı. (Toplam: 490)
2026-07-26 07:15:58,504 INFO [UserId=184] Sayfa 8: 50 ürün alındı. (Toplam: 490)
2026-07-26 07:15:58,743 INFO [UserId=184] Sayfa 9: 50 ürün alındı. (Toplam: 490)
2026-07-26 07:15:58,970 INFO [UserId=184] Sayfa 10: 40 ürün alındı. (Toplam: 490)
2026-07-26 07:15:58,970 INFO [UserId=184] Toplam 490 ürün çekildi.
2026-07-26 07:15:59,189 INFO [UserId=1735] Sayfa 1: 50 ürün alındı. (Toplam: 301)
2026-07-26 07:15:59,426 INFO [UserId=1735] Sayfa 2: 50 ürün alındı. (Toplam: 301)
2026-07-26 07:15:59,659 INFO [UserId=1735] Sayfa 3: 50 ürün alındı. (Toplam: 301)
2026-07-26 07:15:59,891 INFO [UserId=1735] Sayfa 4: 50 ürün alındı. (Toplam: 301)
2026-07-26 07:16:00,155 INFO [UserId=1735] Sayfa 5: 50 ürün alındı. (Toplam: 301)
2026-07-26 07:16:00,369 INFO [UserId=1735] Sayfa 6: 50 ürün alındı. (Toplam: 301)
2026-07-26 07:16:00,547 INFO [UserId=1735] Sayfa 7: 1 ürün alındı. (Toplam: 301)
2026-07-26 07:16:00,547 INFO [UserId=1735] Toplam 301 ürün çekildi.
2026-07-26 07:16:00,773 INFO [UserId=11197] Sayfa 1: 50 ürün alındı. (Toplam: 198)
2026-07-26 07:16:00,992 INFO [UserId=11197] Sayfa 2: 50 ürün alındı. (Toplam: 198)
2026-07-26 07:16:01,229 INFO [UserId=11197] Sayfa 3: 50 ürün alındı. (Toplam: 198)
2026-07-26 07:16:01,448 INFO [UserId=11197] Sayfa 4: 48 ürün alındı. (Toplam: 198)
2026-07-26 07:16:01,448 INFO [UserId=11197] Toplam 198 ürün çekildi.
2026-07-26 07:16:01,680 INFO [UserId=759] Sayfa 1: 50 ürün alındı. (Toplam: 374)
2026-07-26 07:16:01,901 INFO [UserId=759] Sayfa 2: 50 ürün alındı. (Toplam: 374)
2026-07-26 07:16:02,127 INFO [UserId=759] Sayfa 3: 50 ürün alındı. (Toplam: 374)
2026-07-26 07:16:02,358 INFO [UserId=759] Sayfa 4: 50 ürün alındı. (Toplam: 374)
2026-07-26 07:16:02,597 INFO [UserId=759] Sayfa 5: 50 ürün alındı. (Toplam: 374)
2026-07-26 07:16:02,822 INFO [UserId=759] Sayfa 6: 50 ürün alındı. (Toplam: 374)
2026-07-26 07:16:03,051 INFO [UserId=759] Sayfa 7: 50 ürün alındı. (Toplam: 374)
2026-07-26 07:16:03,255 INFO [UserId=759] Sayfa 8: 24 ürün alındı. (Toplam: 374)
2026-07-26 07:16:03,255 INFO [UserId=759] Toplam 374 ürün çekildi.
2026-07-26 07:16:03,500 INFO [UserId=18] Sayfa 1: 50 ürün alındı. (Toplam: 1016)
2026-07-26 07:16:03,744 INFO [UserId=18] Sayfa 2: 50 ürün alındı. (Toplam: 1016)
2026-07-26 07:16:03,980 INFO [UserId=18] Sayfa 3: 50 ürün alındı. (Toplam: 1016)
2026-07-26 07:16:04,217 INFO [UserId=18] Sayfa 4: 50 ürün alındı. (Toplam: 1016)
2026-07-26 07:16:04,445 INFO [UserId=18] Sayfa 5: 50 ürün alındı. (Toplam: 1016)
2026-07-26 07:16:04,694 INFO [UserId=18] Sayfa 6: 50 ürün alındı. (Toplam: 1016)
2026-07-26 07:16:04,931 INFO [UserId=18] Sayfa 7: 50 ürün alındı. (Toplam: 1016)
2026-07-26 07:16:05,171 INFO [UserId=18] Sayfa 8: 50 ürün alındı. (Toplam: 1016)
2026-07-26 07:16:05,425 INFO [UserId=18] Sayfa 9: 50 ürün alındı. (Toplam: 1016)
2026-07-26 07:16:05,661 INFO [UserId=18] Sayfa 10: 50 ürün alındı. (Toplam: 1016)
2026-07-26 07:16:05,908 INFO [UserId=18] Sayfa 11: 50 ürün alındı. (Toplam: 1016)
2026-07-26 07:16:06,183 INFO [UserId=18] Sayfa 12: 50 ürün alındı. (Toplam: 1016)
2026-07-26 07:16:06,460 INFO [UserId=18] Sayfa 13: 50 ürün alındı. (Toplam: 1016)
2026-07-26 07:16:06,705 INFO [UserId=18] Sayfa 14: 50 ürün alındı. (Toplam: 1016)
2026-07-26 07:16:06,940 INFO [UserId=18] Sayfa 15: 50 ürün alındı. (Toplam: 1016)
2026-07-26 07:16:07,183 INFO [UserId=18] Sayfa 16: 50 ürün alındı. (Toplam: 1016)
2026-07-26 07:16:07,421 INFO [UserId=18] Sayfa 17: 50 ürün alındı. (Toplam: 1016)
2026-07-26 07:16:07,661 INFO [UserId=18] Sayfa 18: 50 ürün alındı. (Toplam: 1016)
2026-07-26 07:16:07,897 INFO [UserId=18] Sayfa 19: 50 ürün alındı. (Toplam: 1016)
2026-07-26 07:16:08,127 INFO [UserId=18] Sayfa 20: 50 ürün alındı. (Toplam: 1016)
2026-07-26 07:16:08,328 INFO [UserId=18] Sayfa 21: 16 ürün alındı. (Toplam: 1016)
2026-07-26 07:16:08,329 INFO [UserId=18] Toplam 1016 ürün çekildi.
2026-07-26 07:16:08,366 INFO Varyantlı XML feed yazıldı: docs/ecza1-feed.xml (4558 satır / varyant)
2026-07-26 07:16:08,368 INFO Tüm mağazalar için senkronizasyon tamamlandı.
2026-07-26 11:48:51,431 INFO Giriş başarılı (302 yönlendirme -> /).
2026-07-26 11:49:47,912 INFO Kategori/marka tablosu hazır: 660 kategori, 3327 marka bulundu.
2026-07-26 11:49:48,127 INFO [UserId=7982] Sayfa 1: 50 ürün alındı. (Toplam: 617)
2026-07-26 11:49:48,334 INFO [UserId=7982] Sayfa 2: 50 ürün alındı. (Toplam: 617)
2026-07-26 11:49:48,553 INFO [UserId=7982] Sayfa 3: 50 ürün alındı. (Toplam: 617)
2026-07-26 11:49:48,783 INFO [UserId=7982] Sayfa 4: 50 ürün alındı. (Toplam: 617)
2026-07-26 11:49:48,993 INFO [UserId=7982] Sayfa 5: 50 ürün alındı. (Toplam: 617)
2026-07-26 11:49:49,212 INFO [UserId=7982] Sayfa 6: 50 ürün alındı. (Toplam: 617)
2026-07-26 11:49:49,431 INFO [UserId=7982] Sayfa 7: 50 ürün alındı. (Toplam: 617)
2026-07-26 11:49:49,640 INFO [UserId=7982] Sayfa 8: 50 ürün alındı. (Toplam: 617)
2026-07-26 11:49:49,851 INFO [UserId=7982] Sayfa 9: 50 ürün alındı. (Toplam: 617)
2026-07-26 11:49:50,068 INFO [UserId=7982] Sayfa 10: 50 ürün alındı. (Toplam: 617)
2026-07-26 11:49:50,270 INFO [UserId=7982] Sayfa 11: 50 ürün alındı. (Toplam: 617)
2026-07-26 11:49:50,477 INFO [UserId=7982] Sayfa 12: 50 ürün alındı. (Toplam: 617)
2026-07-26 11:49:50,660 INFO [UserId=7982] Sayfa 13: 17 ürün alındı. (Toplam: 617)
2026-07-26 11:49:50,660 INFO [UserId=7982] Toplam 617 ürün çekildi.
2026-07-26 11:49:50,870 INFO [UserId=16982] Sayfa 1: 50 ürün alındı. (Toplam: 786)
2026-07-26 11:49:51,088 INFO [UserId=16982] Sayfa 2: 50 ürün alındı. (Toplam: 786)
2026-07-26 11:49:51,311 INFO [UserId=16982] Sayfa 3: 50 ürün alındı. (Toplam: 786)
2026-07-26 11:49:51,531 INFO [UserId=16982] Sayfa 4: 50 ürün alındı. (Toplam: 786)
2026-07-26 11:49:51,730 INFO [UserId=16982] Sayfa 5: 50 ürün alındı. (Toplam: 786)
2026-07-26 11:49:51,939 INFO [UserId=16982] Sayfa 6: 50 ürün alındı. (Toplam: 786)
2026-07-26 11:49:52,153 INFO [UserId=16982] Sayfa 7: 50 ürün alındı. (Toplam: 786)
2026-07-26 11:49:52,367 INFO [UserId=16982] Sayfa 8: 50 ürün alındı. (Toplam: 786)
2026-07-26 11:49:52,593 INFO [UserId=16982] Sayfa 9: 50 ürün alındı. (Toplam: 786)
2026-07-26 11:49:52,806 INFO [UserId=16982] Sayfa 10: 50 ürün alındı. (Toplam: 786)
2026-07-26 11:49:53,023 INFO [UserId=16982] Sayfa 11: 50 ürün alındı. (Toplam: 786)
2026-07-26 11:49:53,252 INFO [UserId=16982] Sayfa 12: 50 ürün alındı. (Toplam: 786)
2026-07-26 11:49:53,487 INFO [UserId=16982] Sayfa 13: 50 ürün alındı. (Toplam: 786)
2026-07-26 11:49:53,704 INFO [UserId=16982] Sayfa 14: 50 ürün alındı. (Toplam: 786)
2026-07-26 11:49:53,924 INFO [UserId=16982] Sayfa 15: 50 ürün alındı. (Toplam: 786)
2026-07-26 11:49:54,138 INFO [UserId=16982] Sayfa 16: 36 ürün alındı. (Toplam: 786)
2026-07-26 11:49:54,138 INFO [UserId=16982] Toplam 786 ürün çekildi.
2026-07-26 11:49:54,335 INFO [UserId=19598] Sayfa 1: 50 ürün alındı. (Toplam: 363)
2026-07-26 11:49:54,537 INFO [UserId=19598] Sayfa 2: 50 ürün alındı. (Toplam: 363)
2026-07-26 11:49:54,732 INFO [UserId=19598] Sayfa 3: 50 ürün alındı. (Toplam: 363)
2026-07-26 11:49:54,931 INFO [UserId=19598] Sayfa 4: 50 ürün alındı. (Toplam: 363)
2026-07-26 11:49:55,120 INFO [UserId=19598] Sayfa 5: 50 ürün alındı. (Toplam: 363)
2026-07-26 11:49:55,324 INFO [UserId=19598] Sayfa 6: 50 ürün alındı. (Toplam: 363)
2026-07-26 11:49:55,534 INFO [UserId=19598] Sayfa 7: 50 ürün alındı. (Toplam: 363)
2026-07-26 11:49:55,731 INFO [UserId=19598] Sayfa 8: 13 ürün alındı. (Toplam: 363)
2026-07-26 11:49:55,732 INFO [UserId=19598] Toplam 363 ürün çekildi.
2026-07-26 11:49:55,953 INFO [UserId=21144] Sayfa 1: 50 ürün alındı. (Toplam: 410)
2026-07-26 11:49:56,171 INFO [UserId=21144] Sayfa 2: 50 ürün alındı. (Toplam: 410)
2026-07-26 11:49:56,380 INFO [UserId=21144] Sayfa 3: 50 ürün alındı. (Toplam: 410)
2026-07-26 11:49:56,589 INFO [UserId=21144] Sayfa 4: 50 ürün alındı. (Toplam: 410)
2026-07-26 11:49:56,823 INFO [UserId=21144] Sayfa 5: 50 ürün alındı. (Toplam: 410)
2026-07-26 11:49:57,044 INFO [UserId=21144] Sayfa 6: 50 ürün alındı. (Toplam: 410)
2026-07-26 11:49:57,262 INFO [UserId=21144] Sayfa 7: 50 ürün alındı. (Toplam: 410)
2026-07-26 11:49:57,471 INFO [UserId=21144] Sayfa 8: 50 ürün alındı. (Toplam: 410)
2026-07-26 11:49:57,645 INFO [UserId=21144] Sayfa 9: 10 ürün alındı. (Toplam: 410)
2026-07-26 11:49:57,645 INFO [UserId=21144] Toplam 410 ürün çekildi.
2026-07-26 11:49:57,862 INFO [UserId=184] Sayfa 1: 50 ürün alındı. (Toplam: 491)
2026-07-26 11:49:58,075 INFO [UserId=184] Sayfa 2: 50 ürün alındı. (Toplam: 491)
2026-07-26 11:49:58,293 INFO [UserId=184] Sayfa 3: 50 ürün alındı. (Toplam: 491)
2026-07-26 11:49:58,505 INFO [UserId=184] Sayfa 4: 50 ürün alındı. (Toplam: 491)
2026-07-26 11:49:58,720 INFO [UserId=184] Sayfa 5: 50 ürün alındı. (Toplam: 491)
2026-07-26 11:49:58,952 INFO [UserId=184] Sayfa 6: 50 ürün alındı. (Toplam: 491)
2026-07-26 11:49:59,201 INFO [UserId=184] Sayfa 7: 50 ürün alındı. (Toplam: 491)
2026-07-26 11:49:59,430 INFO [UserId=184] Sayfa 8: 50 ürün alındı. (Toplam: 491)
2026-07-26 11:49:59,651 INFO [UserId=184] Sayfa 9: 50 ürün alındı. (Toplam: 491)
2026-07-26 11:49:59,855 INFO [UserId=184] Sayfa 10: 41 ürün alındı. (Toplam: 491)
2026-07-26 11:49:59,855 INFO [UserId=184] Toplam 491 ürün çekildi.
2026-07-26 11:50:00,053 INFO [UserId=1735] Sayfa 1: 50 ürün alındı. (Toplam: 301)
2026-07-26 11:50:00,266 INFO [UserId=1735] Sayfa 2: 50 ürün alındı. (Toplam: 301)
2026-07-26 11:50:00,485 INFO [UserId=1735] Sayfa 3: 50 ürün alındı. (Toplam: 301)
2026-07-26 11:50:00,707 INFO [UserId=1735] Sayfa 4: 50 ürün alındı. (Toplam: 301)
2026-07-26 11:50:00,928 INFO [UserId=1735] Sayfa 5: 50 ürün alındı. (Toplam: 301)
2026-07-26 11:50:01,133 INFO [UserId=1735] Sayfa 6: 50 ürün alındı. (Toplam: 301)
2026-07-26 11:50:01,299 INFO [UserId=1735] Sayfa 7: 1 ürün alındı. (Toplam: 301)
2026-07-26 11:50:01,299 INFO [UserId=1735] Toplam 301 ürün çekildi.
2026-07-26 11:50:01,525 INFO [UserId=11197] Sayfa 1: 50 ürün alındı. (Toplam: 198)
2026-07-26 11:50:01,733 INFO [UserId=11197] Sayfa 2: 50 ürün alındı. (Toplam: 198)
2026-07-26 11:50:01,966 INFO [UserId=11197] Sayfa 3: 50 ürün alındı. (Toplam: 198)
2026-07-26 11:50:02,170 INFO [UserId=11197] Sayfa 4: 48 ürün alındı. (Toplam: 198)
2026-07-26 11:50:02,170 INFO [UserId=11197] Toplam 198 ürün çekildi.
2026-07-26 11:50:02,394 INFO [UserId=759] Sayfa 1: 50 ürün alındı. (Toplam: 372)
2026-07-26 11:50:02,607 INFO [UserId=759] Sayfa 2: 50 ürün alındı. (Toplam: 372)
2026-07-26 11:50:02,850 INFO [UserId=759] Sayfa 3: 50 ürün alındı. (Toplam: 372)
2026-07-26 11:50:03,066 INFO [UserId=759] Sayfa 4: 50 ürün alındı. (Toplam: 372)
2026-07-26 11:50:03,299 INFO [UserId=759] Sayfa 5: 50 ürün alındı. (Toplam: 372)
2026-07-26 11:50:03,507 INFO [UserId=759] Sayfa 6: 50 ürün alındı. (Toplam: 372)
2026-07-26 11:50:03,752 INFO [UserId=759] Sayfa 7: 50 ürün alındı. (Toplam: 372)
2026-07-26 11:50:03,942 INFO [UserId=759] Sayfa 8: 22 ürün alındı. (Toplam: 372)
2026-07-26 11:50:03,942 INFO [UserId=759] Toplam 372 ürün çekildi.
2026-07-26 11:50:04,179 INFO [UserId=18] Sayfa 1: 50 ürün alındı. (Toplam: 1016)
2026-07-26 11:50:04,411 INFO [UserId=18] Sayfa 2: 50 ürün alındı. (Toplam: 1016)
2026-07-26 11:50:04,638 INFO [UserId=18] Sayfa 3: 50 ürün alındı. (Toplam: 1016)
2026-07-26 11:50:04,866 INFO [UserId=18] Sayfa 4: 50 ürün alındı. (Toplam: 1016)
2026-07-26 11:50:05,084 INFO [UserId=18] Sayfa 5: 50 ürün alındı. (Toplam: 1016)
2026-07-26 11:50:05,310 INFO [UserId=18] Sayfa 6: 50 ürün alındı. (Toplam: 1016)
2026-07-26 11:50:05,526 INFO [UserId=18] Sayfa 7: 50 ürün alındı. (Toplam: 1016)
2026-07-26 11:50:05,778 INFO [UserId=18] Sayfa 8: 50 ürün alındı. (Toplam: 1016)
2026-07-26 11:50:06,004 INFO [UserId=18] Sayfa 9: 50 ürün alındı. (Toplam: 1016)
2026-07-26 11:50:06,239 INFO [UserId=18] Sayfa 10: 50 ürün alındı. (Toplam: 1016)
2026-07-26 11:50:06,463 INFO [UserId=18] Sayfa 11: 50 ürün alındı. (Toplam: 1016)
2026-07-26 11:50:06,719 INFO [UserId=18] Sayfa 12: 50 ürün alındı. (Toplam: 1016)
2026-07-26 11:50:07,061 INFO [UserId=18] Sayfa 13: 50 ürün alındı. (Toplam: 1016)
2026-07-26 11:50:07,292 INFO [UserId=18] Sayfa 14: 50 ürün alındı. (Toplam: 1016)
2026-07-26 11:50:07,528 INFO [UserId=18] Sayfa 15: 50 ürün alındı. (Toplam: 1016)
2026-07-26 11:50:07,754 INFO [UserId=18] Sayfa 16: 50 ürün alındı. (Toplam: 1016)
2026-07-26 11:50:07,976 INFO [UserId=18] Sayfa 17: 50 ürün alındı. (Toplam: 1016)
2026-07-26 11:50:08,199 INFO [UserId=18] Sayfa 18: 50 ürün alındı. (Toplam: 1016)
2026-07-26 11:50:08,434 INFO [UserId=18] Sayfa 19: 50 ürün alındı. (Toplam: 1016)
2026-07-26 11:50:08,657 INFO [UserId=18] Sayfa 20: 50 ürün alındı. (Toplam: 1016)
2026-07-26 11:50:08,847 INFO [UserId=18] Sayfa 21: 16 ürün alındı. (Toplam: 1016)
2026-07-26 11:50:08,847 INFO [UserId=18] Toplam 1016 ürün çekildi.
2026-07-26 11:50:08,884 INFO Varyantlı XML feed yazıldı: docs/ecza1-feed.xml (4554 satır / varyant)
2026-07-26 11:50:08,886 INFO Tüm mağazalar için senkronizasyon tamamlandı.
2026-07-26 15:47:50,484 INFO Giriş başarılı (302 yönlendirme -> /).
2026-07-26 15:49:14,701 INFO Kategori/marka tablosu hazır: 660 kategori, 3325 marka bulundu.
2026-07-26 15:49:14,968 INFO [UserId=7982] Sayfa 1: 50 ürün alındı. (Toplam: 616)
2026-07-26 15:49:15,227 INFO [UserId=7982] Sayfa 2: 50 ürün alındı. (Toplam: 616)
2026-07-26 15:49:15,491 INFO [UserId=7982] Sayfa 3: 50 ürün alındı. (Toplam: 616)
2026-07-26 15:49:16,364 INFO [UserId=7982] Sayfa 4: 50 ürün alındı. (Toplam: 616)
2026-07-26 15:49:16,630 INFO [UserId=7982] Sayfa 5: 50 ürün alındı. (Toplam: 616)
2026-07-26 15:49:17,084 INFO [UserId=7982] Sayfa 6: 50 ürün alındı. (Toplam: 616)
2026-07-26 15:49:17,351 INFO [UserId=7982] Sayfa 7: 50 ürün alındı. (Toplam: 616)
2026-07-26 15:49:17,613 INFO [UserId=7982] Sayfa 8: 50 ürün alındı. (Toplam: 616)
2026-07-26 15:49:17,876 INFO [UserId=7982] Sayfa 9: 50 ürün alındı. (Toplam: 616)
2026-07-26 15:49:18,146 INFO [UserId=7982] Sayfa 10: 50 ürün alındı. (Toplam: 616)
2026-07-26 15:49:18,400 INFO [UserId=7982] Sayfa 11: 50 ürün alındı. (Toplam: 616)
2026-07-26 15:49:18,658 INFO [UserId=7982] Sayfa 12: 50 ürün alındı. (Toplam: 616)
2026-07-26 15:49:18,895 INFO [UserId=7982] Sayfa 13: 16 ürün alındı. (Toplam: 616)
2026-07-26 15:49:18,895 INFO [UserId=7982] Toplam 616 ürün çekildi.
2026-07-26 15:49:19,158 INFO [UserId=16982] Sayfa 1: 50 ürün alındı. (Toplam: 786)
2026-07-26 15:49:19,428 INFO [UserId=16982] Sayfa 2: 50 ürün alındı. (Toplam: 786)
2026-07-26 15:49:19,701 INFO [UserId=16982] Sayfa 3: 50 ürün alındı. (Toplam: 786)
2026-07-26 15:49:19,976 INFO [UserId=16982] Sayfa 4: 50 ürün alındı. (Toplam: 786)
2026-07-26 15:49:20,229 INFO [UserId=16982] Sayfa 5: 50 ürün alındı. (Toplam: 786)
2026-07-26 15:49:20,493 INFO [UserId=16982] Sayfa 6: 50 ürün alındı. (Toplam: 786)
2026-07-26 15:49:20,780 INFO [UserId=16982] Sayfa 7: 50 ürün alındı. (Toplam: 786)
2026-07-26 15:49:21,047 INFO [UserId=16982] Sayfa 8: 50 ürün alındı. (Toplam: 786)
2026-07-26 15:49:21,325 INFO [UserId=16982] Sayfa 9: 50 ürün alındı. (Toplam: 786)
2026-07-26 15:49:21,593 INFO [UserId=16982] Sayfa 10: 50 ürün alındı. (Toplam: 786)
2026-07-26 15:49:21,871 INFO [UserId=16982] Sayfa 11: 50 ürün alındı. (Toplam: 786)
2026-07-26 15:49:22,590 INFO [UserId=16982] Sayfa 12: 50 ürün alındı. (Toplam: 786)
2026-07-26 15:49:23,065 INFO [UserId=16982] Sayfa 13: 50 ürün alındı. (Toplam: 786)
2026-07-26 15:49:23,401 INFO [UserId=16982] Sayfa 14: 50 ürün alındı. (Toplam: 786)
2026-07-26 15:49:24,513 INFO [UserId=16982] Sayfa 15: 50 ürün alındı. (Toplam: 786)
2026-07-26 15:49:24,966 INFO [UserId=16982] Sayfa 16: 36 ürün alındı. (Toplam: 786)
2026-07-26 15:49:24,966 INFO [UserId=16982] Toplam 786 ürün çekildi.
2026-07-26 15:49:25,232 INFO [UserId=19598] Sayfa 1: 50 ürün alındı. (Toplam: 363)
2026-07-26 15:49:25,482 INFO [UserId=19598] Sayfa 2: 50 ürün alındı. (Toplam: 363)
2026-07-26 15:49:25,971 INFO [UserId=19598] Sayfa 3: 50 ürün alındı. (Toplam: 363)
2026-07-26 15:49:26,420 INFO [UserId=19598] Sayfa 4: 50 ürün alındı. (Toplam: 363)
2026-07-26 15:49:26,661 INFO [UserId=19598] Sayfa 5: 50 ürün alındı. (Toplam: 363)
2026-07-26 15:49:27,765 INFO [UserId=19598] Sayfa 6: 50 ürün alındı. (Toplam: 363)
2026-07-26 15:49:28,217 INFO [UserId=19598] Sayfa 7: 50 ürün alındı. (Toplam: 363)
2026-07-26 15:49:28,449 INFO [UserId=19598] Sayfa 8: 13 ürün alındı. (Toplam: 363)
2026-07-26 15:49:28,449 INFO [UserId=19598] Toplam 363 ürün çekildi.
2026-07-26 15:49:28,722 INFO [UserId=21144] Sayfa 1: 50 ürün alındı. (Toplam: 410)
2026-07-26 15:49:28,984 INFO [UserId=21144] Sayfa 2: 50 ürün alındı. (Toplam: 410)
2026-07-26 15:49:29,245 INFO [UserId=21144] Sayfa 3: 50 ürün alındı. (Toplam: 410)
2026-07-26 15:49:29,507 INFO [UserId=21144] Sayfa 4: 50 ürün alındı. (Toplam: 410)
2026-07-26 15:49:29,786 INFO [UserId=21144] Sayfa 5: 50 ürün alındı. (Toplam: 410)
2026-07-26 15:49:30,057 INFO [UserId=21144] Sayfa 6: 50 ürün alındı. (Toplam: 410)
2026-07-26 15:49:30,330 INFO [UserId=21144] Sayfa 7: 50 ürün alındı. (Toplam: 410)
2026-07-26 15:49:30,610 INFO [UserId=21144] Sayfa 8: 50 ürün alındı. (Toplam: 410)
2026-07-26 15:49:31,687 INFO [UserId=21144] Sayfa 9: 10 ürün alındı. (Toplam: 410)
2026-07-26 15:49:31,687 INFO [UserId=21144] Toplam 410 ürün çekildi.
2026-07-26 15:49:32,563 INFO [UserId=184] Sayfa 1: 50 ürün alındı. (Toplam: 490)
2026-07-26 15:49:33,482 INFO [UserId=184] Sayfa 2: 50 ürün alındı. (Toplam: 490)
2026-07-26 15:49:33,961 INFO [UserId=184] Sayfa 3: 50 ürün alındı. (Toplam: 490)
2026-07-26 15:49:34,423 INFO [UserId=184] Sayfa 4: 50 ürün alındı. (Toplam: 490)
2026-07-26 15:49:34,691 INFO [UserId=184] Sayfa 5: 50 ürün alındı. (Toplam: 490)
2026-07-26 15:49:34,973 INFO [UserId=184] Sayfa 6: 50 ürün alındı. (Toplam: 490)
2026-07-26 15:49:35,278 INFO [UserId=184] Sayfa 7: 50 ürün alındı. (Toplam: 490)
2026-07-26 15:49:35,559 INFO [UserId=184] Sayfa 8: 50 ürün alındı. (Toplam: 490)
2026-07-26 15:49:35,850 INFO [UserId=184] Sayfa 9: 50 ürün alındı. (Toplam: 490)
2026-07-26 15:49:36,110 INFO [UserId=184] Sayfa 10: 40 ürün alındı. (Toplam: 490)
2026-07-26 15:49:36,110 INFO [UserId=184] Toplam 490 ürün çekildi.
2026-07-26 15:49:36,364 INFO [UserId=1735] Sayfa 1: 50 ürün alındı. (Toplam: 301)
2026-07-26 15:49:36,634 INFO [UserId=1735] Sayfa 2: 50 ürün alındı. (Toplam: 301)
2026-07-26 15:49:36,895 INFO [UserId=1735] Sayfa 3: 50 ürün alındı. (Toplam: 301)
2026-07-26 15:49:37,167 INFO [UserId=1735] Sayfa 4: 50 ürün alındı. (Toplam: 301)
2026-07-26 15:49:37,441 INFO [UserId=1735] Sayfa 5: 50 ürün alındı. (Toplam: 301)
2026-07-26 15:49:37,693 INFO [UserId=1735] Sayfa 6: 50 ürün alındı. (Toplam: 301)
2026-07-26 15:49:37,911 INFO [UserId=1735] Sayfa 7: 1 ürün alındı. (Toplam: 301)
2026-07-26 15:49:37,911 INFO [UserId=1735] Toplam 301 ürün çekildi.
2026-07-26 15:49:38,181 INFO [UserId=11197] Sayfa 1: 50 ürün alındı. (Toplam: 198)
2026-07-26 15:49:38,446 INFO [UserId=11197] Sayfa 2: 50 ürün alındı. (Toplam: 198)
2026-07-26 15:49:38,707 INFO [UserId=11197] Sayfa 3: 50 ürün alındı. (Toplam: 198)
2026-07-26 15:49:38,964 INFO [UserId=11197] Sayfa 4: 48 ürün alındı. (Toplam: 198)
2026-07-26 15:49:38,964 INFO [UserId=11197] Toplam 198 ürün çekildi.
2026-07-26 15:49:39,238 INFO [UserId=759] Sayfa 1: 50 ürün alındı. (Toplam: 372)
2026-07-26 15:49:39,502 INFO [UserId=759] Sayfa 2: 50 ürün alındı. (Toplam: 372)
2026-07-26 15:49:40,569 INFO [UserId=759] Sayfa 3: 50 ürün alındı. (Toplam: 372)
2026-07-26 15:49:41,035 INFO [UserId=759] Sayfa 4: 50 ürün alındı. (Toplam: 372)
2026-07-26 15:49:41,313 INFO [UserId=759] Sayfa 5: 50 ürün alındı. (Toplam: 372)
2026-07-26 15:49:41,573 INFO [UserId=759] Sayfa 6: 50 ürün alındı. (Toplam: 372)
2026-07-26 15:49:41,843 INFO [UserId=759] Sayfa 7: 50 ürün alındı. (Toplam: 372)
2026-07-26 15:49:42,085 INFO [UserId=759] Sayfa 8: 22 ürün alındı. (Toplam: 372)
2026-07-26 15:49:42,085 INFO [UserId=759] Toplam 372 ürün çekildi.
2026-07-26 15:49:42,369 INFO [UserId=18] Sayfa 1: 50 ürün alındı. (Toplam: 1016)
2026-07-26 15:49:42,653 INFO [UserId=18] Sayfa 2: 50 ürün alındı. (Toplam: 1016)
2026-07-26 15:49:42,940 INFO [UserId=18] Sayfa 3: 50 ürün alındı. (Toplam: 1016)
2026-07-26 15:49:43,219 INFO [UserId=18] Sayfa 4: 50 ürün alındı. (Toplam: 1016)
2026-07-26 15:49:43,484 INFO [UserId=18] Sayfa 5: 50 ürün alındı. (Toplam: 1016)
2026-07-26 15:49:44,217 INFO [UserId=18] Sayfa 6: 50 ürün alındı. (Toplam: 1016)
2026-07-26 15:49:44,706 INFO [UserId=18] Sayfa 7: 50 ürün alındı. (Toplam: 1016)
2026-07-26 15:49:44,995 INFO [UserId=18] Sayfa 8: 50 ürün alındı. (Toplam: 1016)
2026-07-26 15:49:45,286 INFO [UserId=18] Sayfa 9: 50 ürün alındı. (Toplam: 1016)
2026-07-26 15:49:45,574 INFO [UserId=18] Sayfa 10: 50 ürün alındı. (Toplam: 1016)
2026-07-26 15:49:45,874 INFO [UserId=18] Sayfa 11: 50 ürün alındı. (Toplam: 1016)
2026-07-26 15:49:46,201 INFO [UserId=18] Sayfa 12: 50 ürün alındı. (Toplam: 1016)
2026-07-26 15:49:46,519 INFO [UserId=18] Sayfa 13: 50 ürün alındı. (Toplam: 1016)
2026-07-26 15:49:46,813 INFO [UserId=18] Sayfa 14: 50 ürün alındı. (Toplam: 1016)
2026-07-26 15:49:47,102 INFO [UserId=18] Sayfa 15: 50 ürün alındı. (Toplam: 1016)
2026-07-26 15:49:47,393 INFO [UserId=18] Sayfa 16: 50 ürün alındı. (Toplam: 1016)
2026-07-26 15:49:47,681 INFO [UserId=18] Sayfa 17: 50 ürün alındı. (Toplam: 1016)
2026-07-26 15:49:47,966 INFO [UserId=18] Sayfa 18: 50 ürün alındı. (Toplam: 1016)
2026-07-26 15:49:48,253 INFO [UserId=18] Sayfa 19: 50 ürün alındı. (Toplam: 1016)
2026-07-26 15:49:48,539 INFO [UserId=18] Sayfa 20: 50 ürün alındı. (Toplam: 1016)
2026-07-26 15:49:48,799 INFO [UserId=18] Sayfa 21: 16 ürün alındı. (Toplam: 1016)
2026-07-26 15:49:48,799 INFO [UserId=18] Toplam 1016 ürün çekildi.
2026-07-26 15:49:48,900 INFO Varyantlı XML feed yazıldı: docs/ecza1-feed.xml (4552 satır / varyant)
2026-07-26 15:49:48,901 INFO Tüm mağazalar için senkronizasyon tamamlandı.
2026-07-27 10:51:58,170 INFO Giriş başarılı (302 yönlendirme -> /).
2026-07-27 10:54:01,787 INFO Kategori/marka tablosu hazır: 660 kategori, 3328 marka bulundu.
2026-07-27 10:54:02,205 INFO [UserId=7982] Sayfa 1: 50 ürün alındı. (Toplam: 609)
2026-07-27 10:54:02,615 INFO [UserId=7982] Sayfa 2: 50 ürün alındı. (Toplam: 609)
2026-07-27 10:54:03,041 INFO [UserId=7982] Sayfa 3: 50 ürün alındı. (Toplam: 609)
2026-07-27 10:54:03,286 INFO [UserId=7982] Sayfa 4: 50 ürün alındı. (Toplam: 609)
2026-07-27 10:54:03,532 INFO [UserId=7982] Sayfa 5: 50 ürün alındı. (Toplam: 609)
2026-07-27 10:54:03,779 INFO [UserId=7982] Sayfa 6: 50 ürün alındı. (Toplam: 609)
2026-07-27 10:54:04,005 INFO [UserId=7982] Sayfa 7: 50 ürün alındı. (Toplam: 609)
2026-07-27 10:54:04,222 INFO [UserId=7982] Sayfa 8: 50 ürün alındı. (Toplam: 609)
2026-07-27 10:54:04,441 INFO [UserId=7982] Sayfa 9: 50 ürün alındı. (Toplam: 609)
2026-07-27 10:54:04,655 INFO [UserId=7982] Sayfa 10: 50 ürün alındı. (Toplam: 609)
2026-07-27 10:54:04,865 INFO [UserId=7982] Sayfa 11: 50 ürün alındı. (Toplam: 609)
2026-07-27 10:54:05,082 INFO [UserId=7982] Sayfa 12: 50 ürün alındı. (Toplam: 609)
2026-07-27 10:54:05,262 INFO [UserId=7982] Sayfa 13: 9 ürün alındı. (Toplam: 609)
2026-07-27 10:54:05,262 INFO [UserId=7982] Toplam 609 ürün çekildi.
2026-07-27 10:54:05,477 INFO [UserId=16982] Sayfa 1: 50 ürün alındı. (Toplam: 774)
2026-07-27 10:54:05,704 INFO [UserId=16982] Sayfa 2: 50 ürün alındı. (Toplam: 774)
2026-07-27 10:54:05,931 INFO [UserId=16982] Sayfa 3: 50 ürün alındı. (Toplam: 774)
2026-07-27 10:54:06,169 INFO [UserId=16982] Sayfa 4: 50 ürün alındı. (Toplam: 774)
2026-07-27 10:54:06,370 INFO [UserId=16982] Sayfa 5: 50 ürün alındı. (Toplam: 774)
2026-07-27 10:54:06,587 INFO [UserId=16982] Sayfa 6: 50 ürün alındı. (Toplam: 774)
2026-07-27 10:54:06,803 INFO [UserId=16982] Sayfa 7: 50 ürün alındı. (Toplam: 774)
2026-07-27 10:54:07,025 INFO [UserId=16982] Sayfa 8: 50 ürün alındı. (Toplam: 774)
2026-07-27 10:54:07,254 INFO [UserId=16982] Sayfa 9: 50 ürün alındı. (Toplam: 774)
2026-07-27 10:54:07,489 INFO [UserId=16982] Sayfa 10: 50 ürün alındı. (Toplam: 774)
2026-07-27 10:54:07,712 INFO [UserId=16982] Sayfa 11: 50 ürün alındı. (Toplam: 774)
2026-07-27 10:54:07,942 INFO [UserId=16982] Sayfa 12: 50 ürün alındı. (Toplam: 774)
2026-07-27 10:54:08,253 INFO [UserId=16982] Sayfa 13: 50 ürün alındı. (Toplam: 774)
2026-07-27 10:54:08,573 INFO [UserId=16982] Sayfa 14: 50 ürün alındı. (Toplam: 774)
2026-07-27 10:54:08,888 INFO [UserId=16982] Sayfa 15: 50 ürün alındı. (Toplam: 774)
2026-07-27 10:54:09,239 INFO [UserId=16982] Sayfa 16: 24 ürün alındı. (Toplam: 774)
2026-07-27 10:54:09,239 INFO [UserId=16982] Toplam 774 ürün çekildi.
2026-07-27 10:54:09,521 INFO [UserId=19598] Sayfa 1: 50 ürün alındı. (Toplam: 395)
2026-07-27 10:54:09,810 INFO [UserId=19598] Sayfa 2: 50 ürün alındı. (Toplam: 395)
2026-07-27 10:54:10,105 INFO [UserId=19598] Sayfa 3: 50 ürün alındı. (Toplam: 395)
2026-07-27 10:54:10,378 INFO [UserId=19598] Sayfa 4: 50 ürün alındı. (Toplam: 395)
2026-07-27 10:54:10,637 INFO [UserId=19598] Sayfa 5: 50 ürün alındı. (Toplam: 395)
2026-07-27 10:54:10,906 INFO [UserId=19598] Sayfa 6: 50 ürün alındı. (Toplam: 395)
2026-07-27 10:54:11,176 INFO [UserId=19598] Sayfa 7: 50 ürün alındı. (Toplam: 395)
2026-07-27 10:54:11,457 INFO [UserId=19598] Sayfa 8: 45 ürün alındı. (Toplam: 395)
2026-07-27 10:54:11,457 INFO [UserId=19598] Toplam 395 ürün çekildi.
2026-07-27 10:54:11,821 INFO [UserId=21144] Sayfa 1: 50 ürün alındı. (Toplam: 396)
2026-07-27 10:54:13,419 INFO [UserId=21144] Sayfa 2: 50 ürün alındı. (Toplam: 396)
2026-07-27 10:54:13,792 INFO [UserId=21144] Sayfa 3: 50 ürün alındı. (Toplam: 396)
2026-07-27 10:54:14,160 INFO [UserId=21144] Sayfa 4: 50 ürün alındı. (Toplam: 396)
2026-07-27 10:54:14,396 INFO [UserId=21144] Sayfa 5: 50 ürün alındı. (Toplam: 396)
2026-07-27 10:54:14,691 INFO [UserId=21144] Sayfa 6: 50 ürün alındı. (Toplam: 396)
2026-07-27 10:54:14,906 INFO [UserId=21144] Sayfa 7: 50 ürün alındı. (Toplam: 396)
2026-07-27 10:54:15,193 INFO [UserId=21144] Sayfa 8: 46 ürün alındı. (Toplam: 396)
2026-07-27 10:54:15,193 INFO [UserId=21144] Toplam 396 ürün çekildi.
2026-07-27 10:54:15,418 INFO [UserId=184] Sayfa 1: 50 ürün alındı. (Toplam: 480)
2026-07-27 10:54:15,699 INFO [UserId=184] Sayfa 2: 50 ürün alındı. (Toplam: 480)
2026-07-27 10:54:15,993 INFO [UserId=184] Sayfa 3: 50 ürün alındı. (Toplam: 480)
2026-07-27 10:54:16,216 INFO [UserId=184] Sayfa 4: 50 ürün alındı. (Toplam: 480)
2026-07-27 10:54:16,447 INFO [UserId=184] Sayfa 5: 50 ürün alındı. (Toplam: 480)
2026-07-27 10:54:16,770 INFO [UserId=184] Sayfa 6: 50 ürün alındı. (Toplam: 480)
2026-07-27 10:54:17,141 INFO [UserId=184] Sayfa 7: 50 ürün alındı. (Toplam: 480)
2026-07-27 10:54:17,366 INFO [UserId=184] Sayfa 8: 50 ürün alındı. (Toplam: 480)
2026-07-27 10:54:17,595 INFO [UserId=184] Sayfa 9: 50 ürün alındı. (Toplam: 480)
2026-07-27 10:54:17,790 INFO [UserId=184] Sayfa 10: 30 ürün alındı. (Toplam: 480)
2026-07-27 10:54:17,790 INFO [UserId=184] Toplam 480 ürün çekildi.
2026-07-27 10:54:17,994 INFO [UserId=1735] Sayfa 1: 50 ürün alındı. (Toplam: 302)
2026-07-27 10:54:18,238 INFO [UserId=1735] Sayfa 2: 50 ürün alındı. (Toplam: 302)
2026-07-27 10:54:18,462 INFO [UserId=1735] Sayfa 3: 50 ürün alındı. (Toplam: 302)
2026-07-27 10:54:18,678 INFO [UserId=1735] Sayfa 4: 50 ürün alındı. (Toplam: 302)
2026-07-27 10:54:18,894 INFO [UserId=1735] Sayfa 5: 50 ürün alındı. (Toplam: 302)
2026-07-27 10:54:19,100 INFO [UserId=1735] Sayfa 6: 50 ürün alındı. (Toplam: 302)
2026-07-27 10:54:19,271 INFO [UserId=1735] Sayfa 7: 2 ürün alındı. (Toplam: 302)
2026-07-27 10:54:19,271 INFO [UserId=1735] Toplam 302 ürün çekildi.
2026-07-27 10:54:19,494 INFO [UserId=11197] Sayfa 1: 50 ürün alındı. (Toplam: 198)
2026-07-27 10:54:19,709 INFO [UserId=11197] Sayfa 2: 50 ürün alındı. (Toplam: 198)
2026-07-27 10:54:19,954 INFO [UserId=11197] Sayfa 3: 50 ürün alındı. (Toplam: 198)
2026-07-27 10:54:20,169 INFO [UserId=11197] Sayfa 4: 48 ürün alındı. (Toplam: 198)
2026-07-27 10:54:20,169 INFO [UserId=11197] Toplam 198 ürün çekildi.
2026-07-27 10:54:20,445 INFO [UserId=759] Sayfa 1: 50 ürün alındı. (Toplam: 368)
2026-07-27 10:54:20,658 INFO [UserId=759] Sayfa 2: 50 ürün alındı. (Toplam: 368)
2026-07-27 10:54:20,896 INFO [UserId=759] Sayfa 3: 50 ürün alındı. (Toplam: 368)
2026-07-27 10:54:21,181 INFO [UserId=759] Sayfa 4: 50 ürün alındı. (Toplam: 368)
2026-07-27 10:54:21,405 INFO [UserId=759] Sayfa 5: 50 ürün alındı. (Toplam: 368)
2026-07-27 10:54:21,670 INFO [UserId=759] Sayfa 6: 50 ürün alındı. (Toplam: 368)
2026-07-27 10:54:21,893 INFO [UserId=759] Sayfa 7: 50 ürün alındı. (Toplam: 368)
2026-07-27 10:54:22,116 INFO [UserId=759] Sayfa 8: 18 ürün alındı. (Toplam: 368)
2026-07-27 10:54:22,116 INFO [UserId=759] Toplam 368 ürün çekildi.
2026-07-27 10:54:22,354 INFO [UserId=18] Sayfa 1: 50 ürün alındı. (Toplam: 1015)
2026-07-27 10:54:22,593 INFO [UserId=18] Sayfa 2: 50 ürün alındı. (Toplam: 1015)
2026-07-27 10:54:22,844 INFO [UserId=18] Sayfa 3: 50 ürün alındı. (Toplam: 1015)
2026-07-27 10:54:23,074 INFO [UserId=18] Sayfa 4: 50 ürün alındı. (Toplam: 1015)
2026-07-27 10:54:23,294 INFO [UserId=18] Sayfa 5: 50 ürün alındı. (Toplam: 1015)
2026-07-27 10:54:23,522 INFO [UserId=18] Sayfa 6: 50 ürün alındı. (Toplam: 1015)
2026-07-27 10:54:23,745 INFO [UserId=18] Sayfa 7: 50 ürün alındı. (Toplam: 1015)
2026-07-27 10:54:23,977 INFO [UserId=18] Sayfa 8: 50 ürün alındı. (Toplam: 1015)
2026-07-27 10:54:24,205 INFO [UserId=18] Sayfa 9: 50 ürün alındı. (Toplam: 1015)
2026-07-27 10:54:24,433 INFO [UserId=18] Sayfa 10: 50 ürün alındı. (Toplam: 1015)
2026-07-27 10:54:24,668 INFO [UserId=18] Sayfa 11: 50 ürün alındı. (Toplam: 1015)
2026-07-27 10:54:24,940 INFO [UserId=18] Sayfa 12: 50 ürün alındı. (Toplam: 1015)
2026-07-27 10:54:25,201 INFO [UserId=18] Sayfa 13: 50 ürün alındı. (Toplam: 1015)
2026-07-27 10:54:25,438 INFO [UserId=18] Sayfa 14: 50 ürün alındı. (Toplam: 1015)
2026-07-27 10:54:25,750 INFO [UserId=18] Sayfa 15: 50 ürün alındı. (Toplam: 1015)
2026-07-27 10:54:26,027 INFO [UserId=18] Sayfa 16: 50 ürün alındı. (Toplam: 1015)
2026-07-27 10:54:26,270 INFO [UserId=18] Sayfa 17: 50 ürün alındı. (Toplam: 1015)
2026-07-27 10:54:26,498 INFO [UserId=18] Sayfa 18: 50 ürün alındı. (Toplam: 1015)
2026-07-27 10:54:26,750 INFO [UserId=18] Sayfa 19: 50 ürün alındı. (Toplam: 1015)
2026-07-27 10:54:27,003 INFO [UserId=18] Sayfa 20: 50 ürün alındı. (Toplam: 1015)
2026-07-27 10:54:27,203 INFO [UserId=18] Sayfa 21: 15 ürün alındı. (Toplam: 1015)
2026-07-27 10:54:27,203 INFO [UserId=18] Toplam 1015 ürün çekildi.
2026-07-27 10:54:27,241 INFO Varyantlı XML feed yazıldı: docs/ecza1-feed.xml (4537 satır / varyant)
2026-07-27 10:54:27,243 INFO Tüm mağazalar için senkronizasyon tamamlandı.
2026-07-27 17:21:27,415 INFO Giriş başarılı (302 yönlendirme -> /).
2026-07-27 17:22:21,688 INFO Kategori/marka tablosu hazır: 660 kategori, 3324 marka bulundu.
2026-07-27 17:22:21,897 INFO [UserId=7982] Sayfa 1: 50 ürün alındı. (Toplam: 608)
2026-07-27 17:22:22,098 INFO [UserId=7982] Sayfa 2: 50 ürün alındı. (Toplam: 608)
2026-07-27 17:22:22,310 INFO [UserId=7982] Sayfa 3: 50 ürün alındı. (Toplam: 608)
2026-07-27 17:22:22,513 INFO [UserId=7982] Sayfa 4: 50 ürün alındı. (Toplam: 608)
2026-07-27 17:22:22,725 INFO [UserId=7982] Sayfa 5: 50 ürün alındı. (Toplam: 608)
2026-07-27 17:22:22,930 INFO [UserId=7982] Sayfa 6: 50 ürün alındı. (Toplam: 608)
2026-07-27 17:22:23,145 INFO [UserId=7982] Sayfa 7: 50 ürün alındı. (Toplam: 608)
2026-07-27 17:22:23,352 INFO [UserId=7982] Sayfa 8: 50 ürün alındı. (Toplam: 608)
2026-07-27 17:22:23,558 INFO [UserId=7982] Sayfa 9: 50 ürün alındı. (Toplam: 608)
2026-07-27 17:22:23,759 INFO [UserId=7982] Sayfa 10: 50 ürün alındı. (Toplam: 608)
2026-07-27 17:22:23,955 INFO [UserId=7982] Sayfa 11: 50 ürün alındı. (Toplam: 608)
2026-07-27 17:22:24,163 INFO [UserId=7982] Sayfa 12: 50 ürün alındı. (Toplam: 608)
2026-07-27 17:22:24,331 INFO [UserId=7982] Sayfa 13: 8 ürün alındı. (Toplam: 608)
2026-07-27 17:22:24,331 INFO [UserId=7982] Toplam 608 ürün çekildi.
2026-07-27 17:22:24,540 INFO [UserId=16982] Sayfa 1: 50 ürün alındı. (Toplam: 762)
2026-07-27 17:22:24,768 INFO [UserId=16982] Sayfa 2: 50 ürün alındı. (Toplam: 762)
2026-07-27 17:22:24,978 INFO [UserId=16982] Sayfa 3: 50 ürün alındı. (Toplam: 762)
2026-07-27 17:22:25,191 INFO [UserId=16982] Sayfa 4: 50 ürün alındı. (Toplam: 762)
2026-07-27 17:22:25,391 INFO [UserId=16982] Sayfa 5: 50 ürün alındı. (Toplam: 762)
2026-07-27 17:22:25,601 INFO [UserId=16982] Sayfa 6: 50 ürün alındı. (Toplam: 762)
2026-07-27 17:22:25,808 INFO [UserId=16982] Sayfa 7: 50 ürün alındı. (Toplam: 762)
2026-07-27 17:22:26,028 INFO [UserId=16982] Sayfa 8: 50 ürün alındı. (Toplam: 762)
2026-07-27 17:22:26,240 INFO [UserId=16982] Sayfa 9: 50 ürün alındı. (Toplam: 762)
2026-07-27 17:22:26,449 INFO [UserId=16982] Sayfa 10: 50 ürün alındı. (Toplam: 762)
2026-07-27 17:22:26,666 INFO [UserId=16982] Sayfa 11: 50 ürün alındı. (Toplam: 762)
2026-07-27 17:22:26,898 INFO [UserId=16982] Sayfa 12: 50 ürün alındı. (Toplam: 762)
2026-07-27 17:22:27,105 INFO [UserId=16982] Sayfa 13: 50 ürün alındı. (Toplam: 762)
2026-07-27 17:22:27,315 INFO [UserId=16982] Sayfa 14: 50 ürün alındı. (Toplam: 762)
2026-07-27 17:22:27,532 INFO [UserId=16982] Sayfa 15: 50 ürün alındı. (Toplam: 762)
2026-07-27 17:22:27,707 INFO [UserId=16982] Sayfa 16: 12 ürün alındı. (Toplam: 762)
2026-07-27 17:22:27,708 INFO [UserId=16982] Toplam 762 ürün çekildi.
2026-07-27 17:22:27,901 INFO [UserId=19598] Sayfa 1: 50 ürün alındı. (Toplam: 395)
2026-07-27 17:22:28,095 INFO [UserId=19598] Sayfa 2: 50 ürün alındı. (Toplam: 395)
2026-07-27 17:22:28,283 INFO [UserId=19598] Sayfa 3: 50 ürün alındı. (Toplam: 395)
2026-07-27 17:22:28,475 INFO [UserId=19598] Sayfa 4: 50 ürün alındı. (Toplam: 395)
2026-07-27 17:22:28,660 INFO [UserId=19598] Sayfa 5: 50 ürün alındı. (Toplam: 395)
2026-07-27 17:22:28,848 INFO [UserId=19598] Sayfa 6: 50 ürün alındı. (Toplam: 395)
2026-07-27 17:22:29,042 INFO [UserId=19598] Sayfa 7: 50 ürün alındı. (Toplam: 395)
2026-07-27 17:22:29,254 INFO [UserId=19598] Sayfa 8: 45 ürün alındı. (Toplam: 395)
2026-07-27 17:22:29,254 INFO [UserId=19598] Toplam 395 ürün çekildi.
2026-07-27 17:22:29,467 INFO [UserId=21144] Sayfa 1: 50 ürün alındı. (Toplam: 397)
2026-07-27 17:22:29,672 INFO [UserId=21144] Sayfa 2: 50 ürün alındı. (Toplam: 397)
2026-07-27 17:22:29,877 INFO [UserId=21144] Sayfa 3: 50 ürün alındı. (Toplam: 397)
2026-07-27 17:22:30,086 INFO [UserId=21144] Sayfa 4: 50 ürün alındı. (Toplam: 397)
2026-07-27 17:22:30,304 INFO [UserId=21144] Sayfa 5: 50 ürün alındı. (Toplam: 397)
2026-07-27 17:22:30,510 INFO [UserId=21144] Sayfa 6: 50 ürün alındı. (Toplam: 397)
2026-07-27 17:22:30,718 INFO [UserId=21144] Sayfa 7: 50 ürün alındı. (Toplam: 397)
2026-07-27 17:22:30,923 INFO [UserId=21144] Sayfa 8: 47 ürün alındı. (Toplam: 397)
2026-07-27 17:22:30,923 INFO [UserId=21144] Toplam 397 ürün çekildi.
2026-07-27 17:22:31,139 INFO [UserId=184] Sayfa 1: 50 ürün alındı. (Toplam: 480)
2026-07-27 17:22:31,345 INFO [UserId=184] Sayfa 2: 50 ürün alındı. (Toplam: 480)
2026-07-27 17:22:31,555 INFO [UserId=184] Sayfa 3: 50 ürün alındı. (Toplam: 480)
2026-07-27 17:22:31,767 INFO [UserId=184] Sayfa 4: 50 ürün alındı. (Toplam: 480)
2026-07-27 17:22:31,981 INFO [UserId=184] Sayfa 5: 50 ürün alındı. (Toplam: 480)
2026-07-27 17:22:32,213 INFO [UserId=184] Sayfa 6: 50 ürün alındı. (Toplam: 480)
2026-07-27 17:22:32,457 INFO [UserId=184] Sayfa 7: 50 ürün alındı. (Toplam: 480)
2026-07-27 17:22:32,676 INFO [UserId=184] Sayfa 8: 50 ürün alındı. (Toplam: 480)
2026-07-27 17:22:32,891 INFO [UserId=184] Sayfa 9: 50 ürün alındı. (Toplam: 480)
2026-07-27 17:22:33,080 INFO [UserId=184] Sayfa 10: 30 ürün alındı. (Toplam: 480)
2026-07-27 17:22:33,080 INFO [UserId=184] Toplam 480 ürün çekildi.
2026-07-27 17:22:33,284 INFO [UserId=1735] Sayfa 1: 50 ürün alındı. (Toplam: 302)
2026-07-27 17:22:33,487 INFO [UserId=1735] Sayfa 2: 50 ürün alındı. (Toplam: 302)
2026-07-27 17:22:33,696 INFO [UserId=1735] Sayfa 3: 50 ürün alındı. (Toplam: 302)
2026-07-27 17:22:33,901 INFO [UserId=1735] Sayfa 4: 50 ürün alındı. (Toplam: 302)
2026-07-27 17:22:34,122 INFO [UserId=1735] Sayfa 5: 50 ürün alındı. (Toplam: 302)
2026-07-27 17:22:34,313 INFO [UserId=1735] Sayfa 6: 50 ürün alındı. (Toplam: 302)
2026-07-27 17:22:34,476 INFO [UserId=1735] Sayfa 7: 2 ürün alındı. (Toplam: 302)
2026-07-27 17:22:34,476 INFO [UserId=1735] Toplam 302 ürün çekildi.
2026-07-27 17:22:34,687 INFO [UserId=11197] Sayfa 1: 50 ürün alındı. (Toplam: 200)
2026-07-27 17:22:34,888 INFO [UserId=11197] Sayfa 2: 50 ürün alındı. (Toplam: 200)
2026-07-27 17:22:35,086 INFO [UserId=11197] Sayfa 3: 50 ürün alındı. (Toplam: 200)
2026-07-27 17:22:35,288 INFO [UserId=11197] Sayfa 4: 50 ürün alındı. (Toplam: 200)
2026-07-27 17:22:35,289 INFO [UserId=11197] Toplam 200 ürün çekildi.
2026-07-27 17:22:35,496 INFO [UserId=759] Sayfa 1: 50 ürün alındı. (Toplam: 365)
2026-07-27 17:22:35,696 INFO [UserId=759] Sayfa 2: 50 ürün alındı. (Toplam: 365)
2026-07-27 17:22:35,904 INFO [UserId=759] Sayfa 3: 50 ürün alındı. (Toplam: 365)
2026-07-27 17:22:36,115 INFO [UserId=759] Sayfa 4: 50 ürün alındı. (Toplam: 365)
2026-07-27 17:22:36,331 INFO [UserId=759] Sayfa 5: 50 ürün alındı. (Toplam: 365)
2026-07-27 17:22:36,533 INFO [UserId=759] Sayfa 6: 50 ürün alındı. (Toplam: 365)
2026-07-27 17:22:36,742 INFO [UserId=759] Sayfa 7: 50 ürün alındı. (Toplam: 365)
2026-07-27 17:22:36,919 INFO [UserId=759] Sayfa 8: 15 ürün alındı. (Toplam: 365)
2026-07-27 17:22:36,919 INFO [UserId=759] Toplam 365 ürün çekildi.
2026-07-27 17:22:37,142 INFO [UserId=18] Sayfa 1: 50 ürün alındı. (Toplam: 1016)
2026-07-27 17:22:37,364 INFO [UserId=18] Sayfa 2: 50 ürün alındı. (Toplam: 1016)
2026-07-27 17:22:37,588 INFO [UserId=18] Sayfa 3: 50 ürün alındı. (Toplam: 1016)
2026-07-27 17:22:37,803 INFO [UserId=18] Sayfa 4: 50 ürün alındı. (Toplam: 1016)
2026-07-27 17:22:38,009 INFO [UserId=18] Sayfa 5: 50 ürün alındı. (Toplam: 1016)
2026-07-27 17:22:38,227 INFO [UserId=18] Sayfa 6: 50 ürün alındı. (Toplam: 1016)
2026-07-27 17:22:38,435 INFO [UserId=18] Sayfa 7: 50 ürün alındı. (Toplam: 1016)
2026-07-27 17:22:38,654 INFO [UserId=18] Sayfa 8: 50 ürün alındı. (Toplam: 1016)
2026-07-27 17:22:38,876 INFO [UserId=18] Sayfa 9: 50 ürün alındı. (Toplam: 1016)
2026-07-27 17:22:39,094 INFO [UserId=18] Sayfa 10: 50 ürün alındı. (Toplam: 1016)
2026-07-27 17:22:39,378 INFO [UserId=18] Sayfa 11: 50 ürün alındı. (Toplam: 1016)
2026-07-27 17:22:39,627 INFO [UserId=18] Sayfa 12: 50 ürün alındı. (Toplam: 1016)
2026-07-27 17:22:39,876 INFO [UserId=18] Sayfa 13: 50 ürün alındı. (Toplam: 1016)
2026-07-27 17:22:40,100 INFO [UserId=18] Sayfa 14: 50 ürün alındı. (Toplam: 1016)
2026-07-27 17:22:40,320 INFO [UserId=18] Sayfa 15: 50 ürün alındı. (Toplam: 1016)
2026-07-27 17:22:40,538 INFO [UserId=18] Sayfa 16: 50 ürün alındı. (Toplam: 1016)
2026-07-27 17:22:40,762 INFO [UserId=18] Sayfa 17: 50 ürün alındı. (Toplam: 1016)
2026-07-27 17:22:40,986 INFO [UserId=18] Sayfa 18: 50 ürün alındı. (Toplam: 1016)
2026-07-27 17:22:41,207 INFO [UserId=18] Sayfa 19: 50 ürün alındı. (Toplam: 1016)
2026-07-27 17:22:41,425 INFO [UserId=18] Sayfa 20: 50 ürün alındı. (Toplam: 1016)
2026-07-27 17:22:41,613 INFO [UserId=18] Sayfa 21: 16 ürün alındı. (Toplam: 1016)
2026-07-27 17:22:41,613 INFO [UserId=18] Toplam 1016 ürün çekildi.
2026-07-27 17:22:41,648 INFO Varyantlı XML feed yazıldı: docs/ecza1-feed.xml (4525 satır / varyant)
2026-07-27 17:22:41,650 INFO Tüm mağazalar için senkronizasyon tamamlandı.
2026-07-27 21:50:32,243 INFO Giriş başarılı (302 yönlendirme -> /).
2026-07-27 21:51:28,649 INFO Kategori/marka tablosu hazır: 660 kategori, 3322 marka bulundu.
2026-07-27 21:51:28,875 INFO [UserId=7982] Sayfa 1: 50 ürün alındı. (Toplam: 608)
2026-07-27 21:51:29,096 INFO [UserId=7982] Sayfa 2: 50 ürün alındı. (Toplam: 608)
2026-07-27 21:51:29,314 INFO [UserId=7982] Sayfa 3: 50 ürün alındı. (Toplam: 608)
2026-07-27 21:51:29,522 INFO [UserId=7982] Sayfa 4: 50 ürün alındı. (Toplam: 608)
2026-07-27 21:51:29,730 INFO [UserId=7982] Sayfa 5: 50 ürün alındı. (Toplam: 608)
2026-07-27 21:51:29,948 INFO [UserId=7982] Sayfa 6: 50 ürün alındı. (Toplam: 608)
2026-07-27 21:51:30,165 INFO [UserId=7982] Sayfa 7: 50 ürün alındı. (Toplam: 608)
2026-07-27 21:51:30,373 INFO [UserId=7982] Sayfa 8: 50 ürün alındı. (Toplam: 608)
2026-07-27 21:51:30,594 INFO [UserId=7982] Sayfa 9: 50 ürün alındı. (Toplam: 608)
2026-07-27 21:51:30,815 INFO [UserId=7982] Sayfa 10: 50 ürün alındı. (Toplam: 608)
2026-07-27 21:51:31,034 INFO [UserId=7982] Sayfa 11: 50 ürün alındı. (Toplam: 608)
2026-07-27 21:51:31,248 INFO [UserId=7982] Sayfa 12: 50 ürün alındı. (Toplam: 608)
2026-07-27 21:51:31,424 INFO [UserId=7982] Sayfa 13: 8 ürün alındı. (Toplam: 608)
2026-07-27 21:51:31,424 INFO [UserId=7982] Toplam 608 ürün çekildi.
2026-07-27 21:51:31,644 INFO [UserId=16982] Sayfa 1: 50 ürün alındı. (Toplam: 762)
2026-07-27 21:51:31,861 INFO [UserId=16982] Sayfa 2: 50 ürün alındı. (Toplam: 762)
2026-07-27 21:51:32,075 INFO [UserId=16982] Sayfa 3: 50 ürün alındı. (Toplam: 762)
2026-07-27 21:51:32,307 INFO [UserId=16982] Sayfa 4: 50 ürün alındı. (Toplam: 762)
2026-07-27 21:51:32,503 INFO [UserId=16982] Sayfa 5: 50 ürün alındı. (Toplam: 762)
2026-07-27 21:51:32,716 INFO [UserId=16982] Sayfa 6: 50 ürün alındı. (Toplam: 762)
2026-07-27 21:51:32,926 INFO [UserId=16982] Sayfa 7: 50 ürün alındı. (Toplam: 762)
2026-07-27 21:51:33,148 INFO [UserId=16982] Sayfa 8: 50 ürün alındı. (Toplam: 762)
2026-07-27 21:51:33,371 INFO [UserId=16982] Sayfa 9: 50 ürün alındı. (Toplam: 762)
2026-07-27 21:51:33,587 INFO [UserId=16982] Sayfa 10: 50 ürün alındı. (Toplam: 762)
2026-07-27 21:51:33,810 INFO [UserId=16982] Sayfa 11: 50 ürün alındı. (Toplam: 762)
2026-07-27 21:51:34,052 INFO [UserId=16982] Sayfa 12: 50 ürün alındı. (Toplam: 762)
2026-07-27 21:51:34,262 INFO [UserId=16982] Sayfa 13: 50 ürün alındı. (Toplam: 762)
2026-07-27 21:51:34,475 INFO [UserId=16982] Sayfa 14: 50 ürün alındı. (Toplam: 762)
2026-07-27 21:51:34,713 INFO [UserId=16982] Sayfa 15: 50 ürün alındı. (Toplam: 762)
2026-07-27 21:51:34,901 INFO [UserId=16982] Sayfa 16: 12 ürün alındı. (Toplam: 762)
2026-07-27 21:51:34,901 INFO [UserId=16982] Toplam 762 ürün çekildi.
2026-07-27 21:51:35,112 INFO [UserId=19598] Sayfa 1: 50 ürün alındı. (Toplam: 395)
2026-07-27 21:51:35,315 INFO [UserId=19598] Sayfa 2: 50 ürün alındı. (Toplam: 395)
2026-07-27 21:51:35,518 INFO [UserId=19598] Sayfa 3: 50 ürün alındı. (Toplam: 395)
2026-07-27 21:51:35,724 INFO [UserId=19598] Sayfa 4: 50 ürün alındı. (Toplam: 395)
2026-07-27 21:51:35,912 INFO [UserId=19598] Sayfa 5: 50 ürün alındı. (Toplam: 395)
2026-07-27 21:51:36,107 INFO [UserId=19598] Sayfa 6: 50 ürün alındı. (Toplam: 395)
2026-07-27 21:51:36,310 INFO [UserId=19598] Sayfa 7: 50 ürün alındı. (Toplam: 395)
2026-07-27 21:51:36,522 INFO [UserId=19598] Sayfa 8: 45 ürün alındı. (Toplam: 395)
2026-07-27 21:51:36,522 INFO [UserId=19598] Toplam 395 ürün çekildi.
2026-07-27 21:51:36,753 INFO [UserId=21144] Sayfa 1: 50 ürün alındı. (Toplam: 397)
2026-07-27 21:51:36,974 INFO [UserId=21144] Sayfa 2: 50 ürün alındı. (Toplam: 397)
2026-07-27 21:51:37,184 INFO [UserId=21144] Sayfa 3: 50 ürün alındı. (Toplam: 397)
2026-07-27 21:51:37,405 INFO [UserId=21144] Sayfa 4: 50 ürün alındı. (Toplam: 397)
2026-07-27 21:51:37,629 INFO [UserId=21144] Sayfa 5: 50 ürün alındı. (Toplam: 397)
2026-07-27 21:51:37,850 INFO [UserId=21144] Sayfa 6: 50 ürün alındı. (Toplam: 397)
2026-07-27 21:51:38,064 INFO [UserId=21144] Sayfa 7: 50 ürün alındı. (Toplam: 397)
2026-07-27 21:51:38,287 INFO [UserId=21144] Sayfa 8: 47 ürün alındı. (Toplam: 397)
2026-07-27 21:51:38,287 INFO [UserId=21144] Toplam 397 ürün çekildi.
2026-07-27 21:51:38,505 INFO [UserId=184] Sayfa 1: 50 ürün alındı. (Toplam: 480)
2026-07-27 21:51:38,777 INFO [UserId=184] Sayfa 2: 50 ürün alındı. (Toplam: 480)
2026-07-27 21:51:38,999 INFO [UserId=184] Sayfa 3: 50 ürün alındı. (Toplam: 480)
2026-07-27 21:51:39,211 INFO [UserId=184] Sayfa 4: 50 ürün alındı. (Toplam: 480)
2026-07-27 21:51:39,425 INFO [UserId=184] Sayfa 5: 50 ürün alındı. (Toplam: 480)
2026-07-27 21:51:39,654 INFO [UserId=184] Sayfa 6: 50 ürün alındı. (Toplam: 480)
2026-07-27 21:51:39,916 INFO [UserId=184] Sayfa 7: 50 ürün alındı. (Toplam: 480)
2026-07-27 21:51:40,142 INFO [UserId=184] Sayfa 8: 50 ürün alındı. (Toplam: 480)
2026-07-27 21:51:40,369 INFO [UserId=184] Sayfa 9: 50 ürün alındı. (Toplam: 480)
2026-07-27 21:51:40,560 INFO [UserId=184] Sayfa 10: 30 ürün alındı. (Toplam: 480)
2026-07-27 21:51:40,560 INFO [UserId=184] Toplam 480 ürün çekildi.
2026-07-27 21:51:40,765 INFO [UserId=1735] Sayfa 1: 50 ürün alındı. (Toplam: 302)
2026-07-27 21:51:40,975 INFO [UserId=1735] Sayfa 2: 50 ürün alındı. (Toplam: 302)
2026-07-27 21:51:41,181 INFO [UserId=1735] Sayfa 3: 50 ürün alındı. (Toplam: 302)
2026-07-27 21:51:41,396 INFO [UserId=1735] Sayfa 4: 50 ürün alındı. (Toplam: 302)
2026-07-27 21:51:41,611 INFO [UserId=1735] Sayfa 5: 50 ürün alındı. (Toplam: 302)
2026-07-27 21:51:41,807 INFO [UserId=1735] Sayfa 6: 50 ürün alındı. (Toplam: 302)
2026-07-27 21:51:41,967 INFO [UserId=1735] Sayfa 7: 2 ürün alındı. (Toplam: 302)
2026-07-27 21:51:41,967 INFO [UserId=1735] Toplam 302 ürün çekildi.
2026-07-27 21:51:42,174 INFO [UserId=11197] Sayfa 1: 50 ürün alındı. (Toplam: 200)
2026-07-27 21:51:42,383 INFO [UserId=11197] Sayfa 2: 50 ürün alındı. (Toplam: 200)
2026-07-27 21:51:42,599 INFO [UserId=11197] Sayfa 3: 50 ürün alındı. (Toplam: 200)
2026-07-27 21:51:42,803 INFO [UserId=11197] Sayfa 4: 50 ürün alındı. (Toplam: 200)
2026-07-27 21:51:42,803 INFO [UserId=11197] Toplam 200 ürün çekildi.
2026-07-27 21:51:43,016 INFO [UserId=759] Sayfa 1: 50 ürün alındı. (Toplam: 365)
2026-07-27 21:51:43,219 INFO [UserId=759] Sayfa 2: 50 ürün alındı. (Toplam: 365)
2026-07-27 21:51:43,436 INFO [UserId=759] Sayfa 3: 50 ürün alındı. (Toplam: 365)
2026-07-27 21:51:43,647 INFO [UserId=759] Sayfa 4: 50 ürün alındı. (Toplam: 365)
2026-07-27 21:51:43,867 INFO [UserId=759] Sayfa 5: 50 ürün alındı. (Toplam: 365)
2026-07-27 21:51:44,076 INFO [UserId=759] Sayfa 6: 50 ürün alındı. (Toplam: 365)
2026-07-27 21:51:44,292 INFO [UserId=759] Sayfa 7: 50 ürün alındı. (Toplam: 365)
2026-07-27 21:51:44,471 INFO [UserId=759] Sayfa 8: 15 ürün alındı. (Toplam: 365)
2026-07-27 21:51:44,471 INFO [UserId=759] Toplam 365 ürün çekildi.
2026-07-27 21:51:44,705 INFO [UserId=18] Sayfa 1: 50 ürün alındı. (Toplam: 1015)
2026-07-27 21:51:44,940 INFO [UserId=18] Sayfa 2: 50 ürün alındı. (Toplam: 1015)
2026-07-27 21:51:45,163 INFO [UserId=18] Sayfa 3: 50 ürün alındı. (Toplam: 1015)
2026-07-27 21:51:45,395 INFO [UserId=18] Sayfa 4: 50 ürün alındı. (Toplam: 1015)
2026-07-27 21:51:45,621 INFO [UserId=18] Sayfa 5: 50 ürün alındı. (Toplam: 1015)
2026-07-27 21:51:45,850 INFO [UserId=18] Sayfa 6: 50 ürün alındı. (Toplam: 1015)
2026-07-27 21:51:46,066 INFO [UserId=18] Sayfa 7: 50 ürün alındı. (Toplam: 1015)
2026-07-27 21:51:46,289 INFO [UserId=18] Sayfa 8: 50 ürün alındı. (Toplam: 1015)
2026-07-27 21:51:46,515 INFO [UserId=18] Sayfa 9: 50 ürün alındı. (Toplam: 1015)
2026-07-27 21:51:46,732 INFO [UserId=18] Sayfa 10: 50 ürün alındı. (Toplam: 1015)
2026-07-27 21:51:46,955 INFO [UserId=18] Sayfa 11: 50 ürün alındı. (Toplam: 1015)
2026-07-27 21:51:47,204 INFO [UserId=18] Sayfa 12: 50 ürün alındı. (Toplam: 1015)
2026-07-27 21:51:47,454 INFO [UserId=18] Sayfa 13: 50 ürün alındı. (Toplam: 1015)
2026-07-27 21:51:47,681 INFO [UserId=18] Sayfa 14: 50 ürün alındı. (Toplam: 1015)
2026-07-27 21:51:47,905 INFO [UserId=18] Sayfa 15: 50 ürün alındı. (Toplam: 1015)
2026-07-27 21:51:48,156 INFO [UserId=18] Sayfa 16: 50 ürün alındı. (Toplam: 1015)
2026-07-27 21:51:48,477 INFO [UserId=18] Sayfa 17: 50 ürün alındı. (Toplam: 1015)
2026-07-27 21:51:48,777 INFO [UserId=18] Sayfa 18: 50 ürün alındı. (Toplam: 1015)
2026-07-27 21:51:48,998 INFO [UserId=18] Sayfa 19: 50 ürün alındı. (Toplam: 1015)
2026-07-27 21:51:49,220 INFO [UserId=18] Sayfa 20: 50 ürün alındı. (Toplam: 1015)
2026-07-27 21:51:49,416 INFO [UserId=18] Sayfa 21: 15 ürün alındı. (Toplam: 1015)
2026-07-27 21:51:49,416 INFO [UserId=18] Toplam 1015 ürün çekildi.
2026-07-27 21:51:49,454 INFO Varyantlı XML feed yazıldı: docs/ecza1-feed.xml (4524 satır / varyant)
2026-07-27 21:51:49,456 INFO Tüm mağazalar için senkronizasyon tamamlandı.
2026-07-28 07:47:58,374 INFO Giriş başarılı (302 yönlendirme -> /).
2026-07-28 07:49:23,368 INFO Kategori/marka tablosu hazır: 660 kategori, 3316 marka bulundu.
2026-07-28 07:49:23,591 INFO [UserId=7982] Sayfa 1: 50 ürün alındı. (Toplam: 607)
2026-07-28 07:49:23,809 INFO [UserId=7982] Sayfa 2: 50 ürün alındı. (Toplam: 607)
2026-07-28 07:49:24,030 INFO [UserId=7982] Sayfa 3: 50 ürün alındı. (Toplam: 607)
2026-07-28 07:49:24,245 INFO [UserId=7982] Sayfa 4: 50 ürün alındı. (Toplam: 607)
2026-07-28 07:49:24,465 INFO [UserId=7982] Sayfa 5: 50 ürün alındı. (Toplam: 607)
2026-07-28 07:49:24,683 INFO [UserId=7982] Sayfa 6: 50 ürün alındı. (Toplam: 607)
2026-07-28 07:49:24,909 INFO [UserId=7982] Sayfa 7: 50 ürün alındı. (Toplam: 607)
2026-07-28 07:49:25,129 INFO [UserId=7982] Sayfa 8: 50 ürün alındı. (Toplam: 607)
2026-07-28 07:49:25,353 INFO [UserId=7982] Sayfa 9: 50 ürün alındı. (Toplam: 607)
2026-07-28 07:49:25,572 INFO [UserId=7982] Sayfa 10: 50 ürün alındı. (Toplam: 607)
2026-07-28 07:49:25,785 INFO [UserId=7982] Sayfa 11: 50 ürün alındı. (Toplam: 607)
2026-07-28 07:49:26,022 INFO [UserId=7982] Sayfa 12: 50 ürün alındı. (Toplam: 607)
2026-07-28 07:49:26,206 INFO [UserId=7982] Sayfa 13: 7 ürün alındı. (Toplam: 607)
2026-07-28 07:49:26,206 INFO [UserId=7982] Toplam 607 ürün çekildi.
2026-07-28 07:49:26,434 INFO [UserId=16982] Sayfa 1: 50 ürün alındı. (Toplam: 766)
2026-07-28 07:49:26,661 INFO [UserId=16982] Sayfa 2: 50 ürün alındı. (Toplam: 766)
2026-07-28 07:49:26,969 INFO [UserId=16982] Sayfa 3: 50 ürün alındı. (Toplam: 766)
2026-07-28 07:49:27,198 INFO [UserId=16982] Sayfa 4: 50 ürün alındı. (Toplam: 766)
2026-07-28 07:49:27,404 INFO [UserId=16982] Sayfa 5: 50 ürün alındı. (Toplam: 766)
2026-07-28 07:49:27,624 INFO [UserId=16982] Sayfa 6: 50 ürün alındı. (Toplam: 766)
2026-07-28 07:49:27,847 INFO [UserId=16982] Sayfa 7: 50 ürün alındı. (Toplam: 766)
2026-07-28 07:49:28,077 INFO [UserId=16982] Sayfa 8: 50 ürün alındı. (Toplam: 766)
2026-07-28 07:49:28,311 INFO [UserId=16982] Sayfa 9: 50 ürün alındı. (Toplam: 766)
2026-07-28 07:49:28,545 INFO [UserId=16982] Sayfa 10: 50 ürün alındı. (Toplam: 766)
2026-07-28 07:49:28,790 INFO [UserId=16982] Sayfa 11: 50 ürün alındı. (Toplam: 766)
2026-07-28 07:49:29,043 INFO [UserId=16982] Sayfa 12: 50 ürün alındı. (Toplam: 766)
2026-07-28 07:49:29,267 INFO [UserId=16982] Sayfa 13: 50 ürün alındı. (Toplam: 766)
2026-07-28 07:49:29,495 INFO [UserId=16982] Sayfa 14: 50 ürün alındı. (Toplam: 766)
2026-07-28 07:49:29,787 INFO [UserId=16982] Sayfa 15: 50 ürün alındı. (Toplam: 766)
2026-07-28 07:49:29,983 INFO [UserId=16982] Sayfa 16: 16 ürün alındı. (Toplam: 766)
2026-07-28 07:49:29,983 INFO [UserId=16982] Toplam 766 ürün çekildi.
2026-07-28 07:49:30,224 INFO [UserId=19598] Sayfa 1: 50 ürün alındı. (Toplam: 396)
2026-07-28 07:49:30,441 INFO [UserId=19598] Sayfa 2: 50 ürün alındı. (Toplam: 396)
2026-07-28 07:49:30,646 INFO [UserId=19598] Sayfa 3: 50 ürün alındı. (Toplam: 396)
2026-07-28 07:49:30,878 INFO [UserId=19598] Sayfa 4: 50 ürün alındı. (Toplam: 396)
2026-07-28 07:49:31,078 INFO [UserId=19598] Sayfa 5: 50 ürün alındı. (Toplam: 396)
2026-07-28 07:49:31,285 INFO [UserId=19598] Sayfa 6: 50 ürün alındı. (Toplam: 396)
2026-07-28 07:49:31,495 INFO [UserId=19598] Sayfa 7: 50 ürün alındı. (Toplam: 396)
2026-07-28 07:49:31,725 INFO [UserId=19598] Sayfa 8: 46 ürün alındı. (Toplam: 396)
2026-07-28 07:49:31,725 INFO [UserId=19598] Toplam 396 ürün çekildi.
2026-07-28 07:49:32,021 INFO [UserId=21144] Sayfa 1: 50 ürün alındı. (Toplam: 390)
2026-07-28 07:49:32,317 INFO [UserId=21144] Sayfa 2: 50 ürün alındı. (Toplam: 390)
2026-07-28 07:49:32,541 INFO [UserId=21144] Sayfa 3: 50 ürün alındı. (Toplam: 390)
2026-07-28 07:49:32,767 INFO [UserId=21144] Sayfa 4: 50 ürün alındı. (Toplam: 390)
2026-07-28 07:49:33,032 INFO [UserId=21144] Sayfa 5: 50 ürün alındı. (Toplam: 390)
2026-07-28 07:49:33,305 INFO [UserId=21144] Sayfa 6: 50 ürün alındı. (Toplam: 390)
2026-07-28 07:49:33,532 INFO [UserId=21144] Sayfa 7: 50 ürün alındı. (Toplam: 390)
2026-07-28 07:49:33,748 INFO [UserId=21144] Sayfa 8: 40 ürün alındı. (Toplam: 390)
2026-07-28 07:49:33,748 INFO [UserId=21144] Toplam 390 ürün çekildi.
2026-07-28 07:49:33,979 INFO [UserId=184] Sayfa 1: 50 ürün alındı. (Toplam: 482)
2026-07-28 07:49:34,202 INFO [UserId=184] Sayfa 2: 50 ürün alındı. (Toplam: 482)
2026-07-28 07:49:34,428 INFO [UserId=184] Sayfa 3: 50 ürün alındı. (Toplam: 482)
2026-07-28 07:49:34,656 INFO [UserId=184] Sayfa 4: 50 ürün alındı. (Toplam: 482)
2026-07-28 07:49:34,878 INFO [UserId=184] Sayfa 5: 50 ürün alındı. (Toplam: 482)
2026-07-28 07:49:35,121 INFO [UserId=184] Sayfa 6: 50 ürün alındı. (Toplam: 482)
2026-07-28 07:49:35,392 INFO [UserId=184] Sayfa 7: 50 ürün alındı. (Toplam: 482)
2026-07-28 07:49:35,632 INFO [UserId=184] Sayfa 8: 50 ürün alındı. (Toplam: 482)
2026-07-28 07:49:35,865 INFO [UserId=184] Sayfa 9: 50 ürün alındı. (Toplam: 482)
2026-07-28 07:49:36,070 INFO [UserId=184] Sayfa 10: 32 ürün alındı. (Toplam: 482)
2026-07-28 07:49:36,070 INFO [UserId=184] Toplam 482 ürün çekildi.
2026-07-28 07:49:36,279 INFO [UserId=1735] Sayfa 1: 50 ürün alındı. (Toplam: 302)
2026-07-28 07:49:36,502 INFO [UserId=1735] Sayfa 2: 50 ürün alındı. (Toplam: 302)
2026-07-28 07:49:36,724 INFO [UserId=1735] Sayfa 3: 50 ürün alındı. (Toplam: 302)
2026-07-28 07:49:36,944 INFO [UserId=1735] Sayfa 4: 50 ürün alındı. (Toplam: 302)
2026-07-28 07:49:37,165 INFO [UserId=1735] Sayfa 5: 50 ürün alındı. (Toplam: 302)
2026-07-28 07:49:37,397 INFO [UserId=1735] Sayfa 6: 50 ürün alındı. (Toplam: 302)
2026-07-28 07:49:37,571 INFO [UserId=1735] Sayfa 7: 2 ürün alındı. (Toplam: 302)
2026-07-28 07:49:37,571 INFO [UserId=1735] Toplam 302 ürün çekildi.
2026-07-28 07:49:37,792 INFO [UserId=11197] Sayfa 1: 50 ürün alındı. (Toplam: 202)
2026-07-28 07:49:38,004 INFO [UserId=11197] Sayfa 2: 50 ürün alındı. (Toplam: 202)
2026-07-28 07:49:38,224 INFO [UserId=11197] Sayfa 3: 50 ürün alındı. (Toplam: 202)
2026-07-28 07:49:38,481 INFO [UserId=11197] Sayfa 4: 50 ürün alındı. (Toplam: 202)
2026-07-28 07:49:38,654 INFO [UserId=11197] Sayfa 5: 2 ürün alındı. (Toplam: 202)
2026-07-28 07:49:38,654 INFO [UserId=11197] Toplam 202 ürün çekildi.
2026-07-28 07:49:38,879 INFO [UserId=759] Sayfa 1: 50 ürün alındı. (Toplam: 365)
2026-07-28 07:49:39,095 INFO [UserId=759] Sayfa 2: 50 ürün alındı. (Toplam: 365)
2026-07-28 07:49:39,319 INFO [UserId=759] Sayfa 3: 50 ürün alındı. (Toplam: 365)
2026-07-28 07:49:39,555 INFO [UserId=759] Sayfa 4: 50 ürün alındı. (Toplam: 365)
2026-07-28 07:49:39,785 INFO [UserId=759] Sayfa 5: 50 ürün alındı. (Toplam: 365)
2026-07-28 07:49:40,004 INFO [UserId=759] Sayfa 6: 50 ürün alındı. (Toplam: 365)
2026-07-28 07:49:40,232 INFO [UserId=759] Sayfa 7: 50 ürün alındı. (Toplam: 365)
2026-07-28 07:49:40,428 INFO [UserId=759] Sayfa 8: 15 ürün alındı. (Toplam: 365)
2026-07-28 07:49:40,428 INFO [UserId=759] Toplam 365 ürün çekildi.
2026-07-28 07:49:40,662 INFO [UserId=18] Sayfa 1: 50 ürün alındı. (Toplam: 1017)
2026-07-28 07:49:40,903 INFO [UserId=18] Sayfa 2: 50 ürün alındı. (Toplam: 1017)
2026-07-28 07:49:41,147 INFO [UserId=18] Sayfa 3: 50 ürün alındı. (Toplam: 1017)
2026-07-28 07:49:41,393 INFO [UserId=18] Sayfa 4: 50 ürün alındı. (Toplam: 1017)
2026-07-28 07:49:41,639 INFO [UserId=18] Sayfa 5: 50 ürün alındı. (Toplam: 1017)
2026-07-28 07:49:41,884 INFO [UserId=18] Sayfa 6: 50 ürün alındı. (Toplam: 1017)
2026-07-28 07:49:42,105 INFO [UserId=18] Sayfa 7: 50 ürün alındı. (Toplam: 1017)
2026-07-28 07:49:42,337 INFO [UserId=18] Sayfa 8: 50 ürün alındı. (Toplam: 1017)
2026-07-28 07:49:42,675 INFO [UserId=18] Sayfa 9: 50 ürün alındı. (Toplam: 1017)
2026-07-28 07:49:42,983 INFO [UserId=18] Sayfa 10: 50 ürün alındı. (Toplam: 1017)
2026-07-28 07:49:43,246 INFO [UserId=18] Sayfa 11: 50 ürün alındı. (Toplam: 1017)
2026-07-28 07:49:43,628 INFO [UserId=18] Sayfa 12: 50 ürün alındı. (Toplam: 1017)
2026-07-28 07:49:43,918 INFO [UserId=18] Sayfa 13: 50 ürün alındı. (Toplam: 1017)
2026-07-28 07:49:44,182 INFO [UserId=18] Sayfa 14: 50 ürün alındı. (Toplam: 1017)
2026-07-28 07:49:44,423 INFO [UserId=18] Sayfa 15: 50 ürün alındı. (Toplam: 1017)
2026-07-28 07:49:44,659 INFO [UserId=18] Sayfa 16: 50 ürün alındı. (Toplam: 1017)
2026-07-28 07:49:44,908 INFO [UserId=18] Sayfa 17: 50 ürün alındı. (Toplam: 1017)
2026-07-28 07:49:45,145 INFO [UserId=18] Sayfa 18: 50 ürün alındı. (Toplam: 1017)
2026-07-28 07:49:45,398 INFO [UserId=18] Sayfa 19: 50 ürün alındı. (Toplam: 1017)
2026-07-28 07:49:45,626 INFO [UserId=18] Sayfa 20: 50 ürün alındı. (Toplam: 1017)
2026-07-28 07:49:45,836 INFO [UserId=18] Sayfa 21: 17 ürün alındı. (Toplam: 1017)
2026-07-28 07:49:45,836 INFO [UserId=18] Toplam 1017 ürün çekildi.
2026-07-28 07:49:45,874 INFO Varyantlı XML feed yazıldı: docs/ecza1-feed.xml (4527 satır / varyant)
2026-07-28 07:49:45,876 INFO Tüm mağazalar için senkronizasyon tamamlandı.
2026-07-28 15:55:26,976 INFO Giriş başarılı (302 yönlendirme -> /).
2026-07-28 15:56:30,513 INFO Kategori/marka tablosu hazır: 660 kategori, 3313 marka bulundu.
2026-07-28 15:56:30,775 INFO [UserId=7982] Sayfa 1: 50 ürün alındı. (Toplam: 636)
2026-07-28 15:56:31,033 INFO [UserId=7982] Sayfa 2: 50 ürün alındı. (Toplam: 636)
2026-07-28 15:56:31,321 INFO [UserId=7982] Sayfa 3: 50 ürün alındı. (Toplam: 636)
2026-07-28 15:56:31,579 INFO [UserId=7982] Sayfa 4: 50 ürün alındı. (Toplam: 636)
2026-07-28 15:56:31,836 INFO [UserId=7982] Sayfa 5: 50 ürün alındı. (Toplam: 636)
2026-07-28 15:56:32,089 INFO [UserId=7982] Sayfa 6: 50 ürün alındı. (Toplam: 636)
2026-07-28 15:56:32,375 INFO [UserId=7982] Sayfa 7: 50 ürün alındı. (Toplam: 636)
2026-07-28 15:56:32,634 INFO [UserId=7982] Sayfa 8: 50 ürün alındı. (Toplam: 636)
2026-07-28 15:56:32,897 INFO [UserId=7982] Sayfa 9: 50 ürün alındı. (Toplam: 636)
2026-07-28 15:56:33,159 INFO [UserId=7982] Sayfa 10: 50 ürün alındı. (Toplam: 636)
2026-07-28 15:56:33,403 INFO [UserId=7982] Sayfa 11: 50 ürün alındı. (Toplam: 636)
2026-07-28 15:56:33,657 INFO [UserId=7982] Sayfa 12: 50 ürün alındı. (Toplam: 636)
2026-07-28 15:56:33,900 INFO [UserId=7982] Sayfa 13: 36 ürün alındı. (Toplam: 636)
2026-07-28 15:56:33,901 INFO [UserId=7982] Toplam 636 ürün çekildi.
2026-07-28 15:56:34,164 INFO [UserId=16982] Sayfa 1: 50 ürün alındı. (Toplam: 763)
2026-07-28 15:56:34,430 INFO [UserId=16982] Sayfa 2: 50 ürün alındı. (Toplam: 763)
2026-07-28 15:56:34,689 INFO [UserId=16982] Sayfa 3: 50 ürün alındı. (Toplam: 763)
2026-07-28 15:56:34,945 INFO [UserId=16982] Sayfa 4: 50 ürün alındı. (Toplam: 763)
2026-07-28 15:56:35,193 INFO [UserId=16982] Sayfa 5: 50 ürün alındı. (Toplam: 763)
2026-07-28 15:56:35,440 INFO [UserId=16982] Sayfa 6: 50 ürün alındı. (Toplam: 763)
2026-07-28 15:56:35,694 INFO [UserId=16982] Sayfa 7: 50 ürün alındı. (Toplam: 763)
2026-07-28 15:56:35,952 INFO [UserId=16982] Sayfa 8: 50 ürün alındı. (Toplam: 763)
2026-07-28 15:56:36,218 INFO [UserId=16982] Sayfa 9: 50 ürün alındı. (Toplam: 763)
2026-07-28 15:56:36,473 INFO [UserId=16982] Sayfa 10: 50 ürün alındı. (Toplam: 763)
2026-07-28 15:56:36,743 INFO [UserId=16982] Sayfa 11: 50 ürün alındı. (Toplam: 763)
2026-07-28 15:56:37,021 INFO [UserId=16982] Sayfa 12: 50 ürün alındı. (Toplam: 763)
2026-07-28 15:56:37,281 INFO [UserId=16982] Sayfa 13: 50 ürün alındı. (Toplam: 763)
2026-07-28 15:56:37,549 INFO [UserId=16982] Sayfa 14: 50 ürün alındı. (Toplam: 763)
2026-07-28 15:56:37,811 INFO [UserId=16982] Sayfa 15: 50 ürün alındı. (Toplam: 763)
2026-07-28 15:56:38,034 INFO [UserId=16982] Sayfa 16: 13 ürün alındı. (Toplam: 763)
2026-07-28 15:56:38,034 INFO [UserId=16982] Toplam 763 ürün çekildi.
2026-07-28 15:56:38,274 INFO [UserId=19598] Sayfa 1: 50 ürün alındı. (Toplam: 396)
2026-07-28 15:56:38,515 INFO [UserId=19598] Sayfa 2: 50 ürün alındı. (Toplam: 396)
2026-07-28 15:56:38,752 INFO [UserId=19598] Sayfa 3: 50 ürün alındı. (Toplam: 396)
2026-07-28 15:56:38,991 INFO [UserId=19598] Sayfa 4: 50 ürün alındı. (Toplam: 396)
2026-07-28 15:56:39,226 INFO [UserId=19598] Sayfa 5: 50 ürün alındı. (Toplam: 396)
2026-07-28 15:56:39,469 INFO [UserId=19598] Sayfa 6: 50 ürün alındı. (Toplam: 396)
2026-07-28 15:56:39,708 INFO [UserId=19598] Sayfa 7: 50 ürün alındı. (Toplam: 396)
2026-07-28 15:56:39,978 INFO [UserId=19598] Sayfa 8: 46 ürün alındı. (Toplam: 396)
2026-07-28 15:56:39,978 INFO [UserId=19598] Toplam 396 ürün çekildi.
2026-07-28 15:56:40,263 INFO [UserId=21144] Sayfa 1: 50 ürün alındı. (Toplam: 386)
2026-07-28 15:56:40,553 INFO [UserId=21144] Sayfa 2: 50 ürün alındı. (Toplam: 386)
2026-07-28 15:56:40,829 INFO [UserId=21144] Sayfa 3: 50 ürün alındı. (Toplam: 386)
2026-07-28 15:56:41,085 INFO [UserId=21144] Sayfa 4: 50 ürün alındı. (Toplam: 386)
2026-07-28 15:56:41,403 INFO [UserId=21144] Sayfa 5: 50 ürün alındı. (Toplam: 386)
2026-07-28 15:56:41,736 INFO [UserId=21144] Sayfa 6: 50 ürün alındı. (Toplam: 386)
2026-07-28 15:56:41,991 INFO [UserId=21144] Sayfa 7: 50 ürün alındı. (Toplam: 386)
2026-07-28 15:56:42,232 INFO [UserId=21144] Sayfa 8: 36 ürün alındı. (Toplam: 386)
2026-07-28 15:56:42,232 INFO [UserId=21144] Toplam 386 ürün çekildi.
2026-07-28 15:56:42,503 INFO [UserId=184] Sayfa 1: 50 ürün alındı. (Toplam: 484)
2026-07-28 15:56:42,772 INFO [UserId=184] Sayfa 2: 50 ürün alındı. (Toplam: 484)
2026-07-28 15:56:43,033 INFO [UserId=184] Sayfa 3: 50 ürün alındı. (Toplam: 484)
2026-07-28 15:56:43,344 INFO [UserId=184] Sayfa 4: 50 ürün alındı. (Toplam: 484)
2026-07-28 15:56:43,614 INFO [UserId=184] Sayfa 5: 50 ürün alındı. (Toplam: 484)
2026-07-28 15:56:43,894 INFO [UserId=184] Sayfa 6: 50 ürün alındı. (Toplam: 484)
2026-07-28 15:56:44,188 INFO [UserId=184] Sayfa 7: 50 ürün alındı. (Toplam: 484)
2026-07-28 15:56:44,466 INFO [UserId=184] Sayfa 8: 50 ürün alındı. (Toplam: 484)
2026-07-28 15:56:44,727 INFO [UserId=184] Sayfa 9: 50 ürün alındı. (Toplam: 484)
2026-07-28 15:56:44,971 INFO [UserId=184] Sayfa 10: 34 ürün alındı. (Toplam: 484)
2026-07-28 15:56:44,971 INFO [UserId=184] Toplam 484 ürün çekildi.
2026-07-28 15:56:45,169 INFO [UserId=1735] Sayfa 1: 4 ürün alındı. (Toplam: 4)
2026-07-28 15:56:45,170 INFO [UserId=1735] Toplam 4 ürün çekildi.
2026-07-28 15:56:45,419 INFO [UserId=11197] Sayfa 1: 50 ürün alındı. (Toplam: 200)
2026-07-28 15:56:45,663 INFO [UserId=11197] Sayfa 2: 50 ürün alındı. (Toplam: 200)
2026-07-28 15:56:45,909 INFO [UserId=11197] Sayfa 3: 50 ürün alındı. (Toplam: 200)
2026-07-28 15:56:46,164 INFO [UserId=11197] Sayfa 4: 50 ürün alındı. (Toplam: 200)
2026-07-28 15:56:46,164 INFO [UserId=11197] Toplam 200 ürün çekildi.
2026-07-28 15:56:46,425 INFO [UserId=759] Sayfa 1: 50 ürün alındı. (Toplam: 359)
2026-07-28 15:56:46,734 INFO [UserId=759] Sayfa 2: 50 ürün alındı. (Toplam: 359)
2026-07-28 15:56:46,996 INFO [UserId=759] Sayfa 3: 50 ürün alındı. (Toplam: 359)
2026-07-28 15:56:47,259 INFO [UserId=759] Sayfa 4: 50 ürün alındı. (Toplam: 359)
2026-07-28 15:56:47,535 INFO [UserId=759] Sayfa 5: 50 ürün alındı. (Toplam: 359)
2026-07-28 15:56:47,795 INFO [UserId=759] Sayfa 6: 50 ürün alındı. (Toplam: 359)
2026-07-28 15:56:48,046 INFO [UserId=759] Sayfa 7: 50 ürün alındı. (Toplam: 359)
2026-07-28 15:56:48,263 INFO [UserId=759] Sayfa 8: 9 ürün alındı. (Toplam: 359)
2026-07-28 15:56:48,263 INFO [UserId=759] Toplam 359 ürün çekildi.
2026-07-28 15:56:48,528 INFO [UserId=18] Sayfa 1: 50 ürün alındı. (Toplam: 1026)
2026-07-28 15:56:48,795 INFO [UserId=18] Sayfa 2: 50 ürün alındı. (Toplam: 1026)
2026-07-28 15:56:49,060 INFO [UserId=18] Sayfa 3: 50 ürün alındı. (Toplam: 1026)
2026-07-28 15:56:49,325 INFO [UserId=18] Sayfa 4: 50 ürün alındı. (Toplam: 1026)
2026-07-28 15:56:49,581 INFO [UserId=18] Sayfa 5: 50 ürün alındı. (Toplam: 1026)
2026-07-28 15:56:49,847 INFO [UserId=18] Sayfa 6: 50 ürün alındı. (Toplam: 1026)
2026-07-28 15:56:50,102 INFO [UserId=18] Sayfa 7: 50 ürün alındı. (Toplam: 1026)
2026-07-28 15:56:50,371 INFO [UserId=18] Sayfa 8: 50 ürün alındı. (Toplam: 1026)
2026-07-28 15:56:50,643 INFO [UserId=18] Sayfa 9: 50 ürün alındı. (Toplam: 1026)
2026-07-28 15:56:50,905 INFO [UserId=18] Sayfa 10: 50 ürün alındı. (Toplam: 1026)
2026-07-28 15:56:51,169 INFO [UserId=18] Sayfa 11: 50 ürün alındı. (Toplam: 1026)
2026-07-28 15:56:51,486 INFO [UserId=18] Sayfa 12: 50 ürün alındı. (Toplam: 1026)
2026-07-28 15:56:51,777 INFO [UserId=18] Sayfa 13: 50 ürün alındı. (Toplam: 1026)
2026-07-28 15:56:52,057 INFO [UserId=18] Sayfa 14: 50 ürün alındı. (Toplam: 1026)
2026-07-28 15:56:52,327 INFO [UserId=18] Sayfa 15: 50 ürün alındı. (Toplam: 1026)
2026-07-28 15:56:52,592 INFO [UserId=18] Sayfa 16: 50 ürün alındı. (Toplam: 1026)
2026-07-28 15:56:52,859 INFO [UserId=18] Sayfa 17: 50 ürün alındı. (Toplam: 1026)
2026-07-28 15:56:53,190 INFO [UserId=18] Sayfa 18: 50 ürün alındı. (Toplam: 1026)
2026-07-28 15:56:53,462 INFO [UserId=18] Sayfa 19: 50 ürün alındı. (Toplam: 1026)
2026-07-28 15:56:53,722 INFO [UserId=18] Sayfa 20: 50 ürün alındı. (Toplam: 1026)
2026-07-28 15:56:53,969 INFO [UserId=18] Sayfa 21: 26 ürün alındı. (Toplam: 1026)
2026-07-28 15:56:53,969 INFO [UserId=18] Toplam 1026 ürün çekildi.
2026-07-28 15:56:54,004 INFO Varyantlı XML feed yazıldı: docs/ecza1-feed.xml (4254 satır / varyant)
2026-07-28 15:56:54,006 INFO Tüm mağazalar için senkronizasyon tamamlandı.
2026-07-28 20:37:27,258 INFO Giriş başarılı (302 yönlendirme -> /).
2026-07-28 20:38:27,814 INFO Kategori/marka tablosu hazır: 660 kategori, 3312 marka bulundu.
2026-07-28 20:38:28,058 INFO [UserId=7982] Sayfa 1: 50 ürün alındı. (Toplam: 636)
2026-07-28 20:38:28,296 INFO [UserId=7982] Sayfa 2: 50 ürün alındı. (Toplam: 636)
2026-07-28 20:38:28,541 INFO [UserId=7982] Sayfa 3: 50 ürün alındı. (Toplam: 636)
2026-07-28 20:38:28,777 INFO [UserId=7982] Sayfa 4: 50 ürün alındı. (Toplam: 636)
2026-07-28 20:38:29,023 INFO [UserId=7982] Sayfa 5: 50 ürün alındı. (Toplam: 636)
2026-07-28 20:38:29,273 INFO [UserId=7982] Sayfa 6: 50 ürün alındı. (Toplam: 636)
2026-07-28 20:38:29,523 INFO [UserId=7982] Sayfa 7: 50 ürün alındı. (Toplam: 636)
2026-07-28 20:38:29,765 INFO [UserId=7982] Sayfa 8: 50 ürün alındı. (Toplam: 636)
2026-07-28 20:38:30,023 INFO [UserId=7982] Sayfa 9: 50 ürün alındı. (Toplam: 636)
2026-07-28 20:38:30,262 INFO [UserId=7982] Sayfa 10: 50 ürün alındı. (Toplam: 636)
2026-07-28 20:38:30,493 INFO [UserId=7982] Sayfa 11: 50 ürün alındı. (Toplam: 636)
2026-07-28 20:38:30,738 INFO [UserId=7982] Sayfa 12: 50 ürün alındı. (Toplam: 636)
2026-07-28 20:38:30,963 INFO [UserId=7982] Sayfa 13: 36 ürün alındı. (Toplam: 636)
2026-07-28 20:38:30,963 INFO [UserId=7982] Toplam 636 ürün çekildi.
2026-07-28 20:38:31,208 INFO [UserId=16982] Sayfa 1: 50 ürün alındı. (Toplam: 762)
2026-07-28 20:38:31,455 INFO [UserId=16982] Sayfa 2: 50 ürün alındı. (Toplam: 762)
2026-07-28 20:38:31,700 INFO [UserId=16982] Sayfa 3: 50 ürün alındı. (Toplam: 762)
2026-07-28 20:38:31,947 INFO [UserId=16982] Sayfa 4: 50 ürün alındı. (Toplam: 762)
2026-07-28 20:38:32,174 INFO [UserId=16982] Sayfa 5: 50 ürün alındı. (Toplam: 762)
2026-07-28 20:38:32,413 INFO [UserId=16982] Sayfa 6: 50 ürün alındı. (Toplam: 762)
2026-07-28 20:38:32,650 INFO [UserId=16982] Sayfa 7: 50 ürün alındı. (Toplam: 762)
2026-07-28 20:38:32,898 INFO [UserId=16982] Sayfa 8: 50 ürün alındı. (Toplam: 762)
2026-07-28 20:38:33,152 INFO [UserId=16982] Sayfa 9: 50 ürün alındı. (Toplam: 762)
2026-07-28 20:38:33,400 INFO [UserId=16982] Sayfa 10: 50 ürün alındı. (Toplam: 762)
2026-07-28 20:38:33,648 INFO [UserId=16982] Sayfa 11: 50 ürün alındı. (Toplam: 762)
2026-07-28 20:38:33,916 INFO [UserId=16982] Sayfa 12: 50 ürün alındı. (Toplam: 762)
2026-07-28 20:38:34,157 INFO [UserId=16982] Sayfa 13: 50 ürün alındı. (Toplam: 762)
2026-07-28 20:38:34,399 INFO [UserId=16982] Sayfa 14: 50 ürün alındı. (Toplam: 762)
2026-07-28 20:38:34,658 INFO [UserId=16982] Sayfa 15: 50 ürün alındı. (Toplam: 762)
2026-07-28 20:38:34,864 INFO [UserId=16982] Sayfa 16: 12 ürün alındı. (Toplam: 762)
2026-07-28 20:38:34,864 INFO [UserId=16982] Toplam 762 ürün çekildi.
2026-07-28 20:38:35,093 INFO [UserId=19598] Sayfa 1: 50 ürün alındı. (Toplam: 396)
2026-07-28 20:38:35,319 INFO [UserId=19598] Sayfa 2: 50 ürün alındı. (Toplam: 396)
2026-07-28 20:38:35,542 INFO [UserId=19598] Sayfa 3: 50 ürün alındı. (Toplam: 396)
2026-07-28 20:38:35,768 INFO [UserId=19598] Sayfa 4: 50 ürün alındı. (Toplam: 396)
2026-07-28 20:38:35,987 INFO [UserId=19598] Sayfa 5: 50 ürün alındı. (Toplam: 396)
2026-07-28 20:38:36,207 INFO [UserId=19598] Sayfa 6: 50 ürün alındı. (Toplam: 396)
2026-07-28 20:38:36,439 INFO [UserId=19598] Sayfa 7: 50 ürün alındı. (Toplam: 396)
2026-07-28 20:38:36,685 INFO [UserId=19598] Sayfa 8: 46 ürün alındı. (Toplam: 396)
2026-07-28 20:38:36,685 INFO [UserId=19598] Toplam 396 ürün çekildi.
2026-07-28 20:38:36,950 INFO [UserId=21144] Sayfa 1: 50 ürün alındı. (Toplam: 386)
2026-07-28 20:38:37,197 INFO [UserId=21144] Sayfa 2: 50 ürün alındı. (Toplam: 386)
2026-07-28 20:38:37,440 INFO [UserId=21144] Sayfa 3: 50 ürün alındı. (Toplam: 386)
2026-07-28 20:38:37,685 INFO [UserId=21144] Sayfa 4: 50 ürün alındı. (Toplam: 386)
2026-07-28 20:38:37,940 INFO [UserId=21144] Sayfa 5: 50 ürün alındı. (Toplam: 386)
2026-07-28 20:38:38,191 INFO [UserId=21144] Sayfa 6: 50 ürün alındı. (Toplam: 386)
2026-07-28 20:38:38,434 INFO [UserId=21144] Sayfa 7: 50 ürün alındı. (Toplam: 386)
2026-07-28 20:38:38,665 INFO [UserId=21144] Sayfa 8: 36 ürün alındı. (Toplam: 386)
2026-07-28 20:38:38,665 INFO [UserId=21144] Toplam 386 ürün çekildi.
2026-07-28 20:38:38,909 INFO [UserId=184] Sayfa 1: 50 ürün alındı. (Toplam: 484)
2026-07-28 20:38:39,149 INFO [UserId=184] Sayfa 2: 50 ürün alındı. (Toplam: 484)
2026-07-28 20:38:39,398 INFO [UserId=184] Sayfa 3: 50 ürün alındı. (Toplam: 484)
2026-07-28 20:38:39,638 INFO [UserId=184] Sayfa 4: 50 ürün alındı. (Toplam: 484)
2026-07-28 20:38:39,885 INFO [UserId=184] Sayfa 5: 50 ürün alındı. (Toplam: 484)
2026-07-28 20:38:40,144 INFO [UserId=184] Sayfa 6: 50 ürün alındı. (Toplam: 484)
2026-07-28 20:38:40,427 INFO [UserId=184] Sayfa 7: 50 ürün alındı. (Toplam: 484)
2026-07-28 20:38:40,680 INFO [UserId=184] Sayfa 8: 50 ürün alındı. (Toplam: 484)
2026-07-28 20:38:40,930 INFO [UserId=184] Sayfa 9: 50 ürün alındı. (Toplam: 484)
2026-07-28 20:38:41,158 INFO [UserId=184] Sayfa 10: 34 ürün alındı. (Toplam: 484)
2026-07-28 20:38:41,158 INFO [UserId=184] Toplam 484 ürün çekildi.
2026-07-28 20:38:41,386 INFO [UserId=1735] Sayfa 1: 50 ürün alındı. (Toplam: 287)
2026-07-28 20:38:41,621 INFO [UserId=1735] Sayfa 2: 50 ürün alındı. (Toplam: 287)
2026-07-28 20:38:41,863 INFO [UserId=1735] Sayfa 3: 50 ürün alındı. (Toplam: 287)
2026-07-28 20:38:42,107 INFO [UserId=1735] Sayfa 4: 50 ürün alındı. (Toplam: 287)
2026-07-28 20:38:42,345 INFO [UserId=1735] Sayfa 5: 50 ürün alındı. (Toplam: 287)
2026-07-28 20:38:42,564 INFO [UserId=1735] Sayfa 6: 37 ürün alındı. (Toplam: 287)
2026-07-28 20:38:42,564 INFO [UserId=1735] Toplam 287 ürün çekildi.
2026-07-28 20:38:42,800 INFO [UserId=11197] Sayfa 1: 50 ürün alındı. (Toplam: 200)
2026-07-28 20:38:43,040 INFO [UserId=11197] Sayfa 2: 50 ürün alındı. (Toplam: 200)
2026-07-28 20:38:43,279 INFO [UserId=11197] Sayfa 3: 50 ürün alındı. (Toplam: 200)
2026-07-28 20:38:43,508 INFO [UserId=11197] Sayfa 4: 50 ürün alındı. (Toplam: 200)
2026-07-28 20:38:43,509 INFO [UserId=11197] Toplam 200 ürün çekildi.
2026-07-28 20:38:43,747 INFO [UserId=759] Sayfa 1: 50 ürün alındı. (Toplam: 359)
2026-07-28 20:38:43,981 INFO [UserId=759] Sayfa 2: 50 ürün alındı. (Toplam: 359)
2026-07-28 20:38:44,215 INFO [UserId=759] Sayfa 3: 50 ürün alındı. (Toplam: 359)
2026-07-28 20:38:44,456 INFO [UserId=759] Sayfa 4: 50 ürün alındı. (Toplam: 359)
2026-07-28 20:38:44,702 INFO [UserId=759] Sayfa 5: 50 ürün alındı. (Toplam: 359)
2026-07-28 20:38:44,934 INFO [UserId=759] Sayfa 6: 50 ürün alındı. (Toplam: 359)
2026-07-28 20:38:45,181 INFO [UserId=759] Sayfa 7: 50 ürün alındı. (Toplam: 359)
2026-07-28 20:38:45,380 INFO [UserId=759] Sayfa 8: 9 ürün alındı. (Toplam: 359)
2026-07-28 20:38:45,380 INFO [UserId=759] Toplam 359 ürün çekildi.
2026-07-28 20:38:45,641 INFO [UserId=18] Sayfa 1: 50 ürün alındı. (Toplam: 1026)
2026-07-28 20:38:45,903 INFO [UserId=18] Sayfa 2: 50 ürün alındı. (Toplam: 1026)
2026-07-28 20:38:46,160 INFO [UserId=18] Sayfa 3: 50 ürün alındı. (Toplam: 1026)
2026-07-28 20:38:46,409 INFO [UserId=18] Sayfa 4: 50 ürün alındı. (Toplam: 1026)
2026-07-28 20:38:46,644 INFO [UserId=18] Sayfa 5: 50 ürün alındı. (Toplam: 1026)
2026-07-28 20:38:46,888 INFO [UserId=18] Sayfa 6: 50 ürün alındı. (Toplam: 1026)
2026-07-28 20:38:47,150 INFO [UserId=18] Sayfa 7: 50 ürün alındı. (Toplam: 1026)
2026-07-28 20:38:47,400 INFO [UserId=18] Sayfa 8: 50 ürün alındı. (Toplam: 1026)
2026-07-28 20:38:47,654 INFO [UserId=18] Sayfa 9: 50 ürün alındı. (Toplam: 1026)
2026-07-28 20:38:47,916 INFO [UserId=18] Sayfa 10: 50 ürün alındı. (Toplam: 1026)
2026-07-28 20:38:48,163 INFO [UserId=18] Sayfa 11: 50 ürün alındı. (Toplam: 1026)
2026-07-28 20:38:48,444 INFO [UserId=18] Sayfa 12: 50 ürün alındı. (Toplam: 1026)
2026-07-28 20:38:48,722 INFO [UserId=18] Sayfa 13: 50 ürün alındı. (Toplam: 1026)
2026-07-28 20:38:48,991 INFO [UserId=18] Sayfa 14: 50 ürün alındı. (Toplam: 1026)
2026-07-28 20:38:49,245 INFO [UserId=18] Sayfa 15: 50 ürün alındı. (Toplam: 1026)
2026-07-28 20:38:49,504 INFO [UserId=18] Sayfa 16: 50 ürün alındı. (Toplam: 1026)
2026-07-28 20:38:49,806 INFO [UserId=18] Sayfa 17: 50 ürün alındı. (Toplam: 1026)
2026-07-28 20:38:50,054 INFO [UserId=18] Sayfa 18: 50 ürün alındı. (Toplam: 1026)
2026-07-28 20:38:50,312 INFO [UserId=18] Sayfa 19: 50 ürün alındı. (Toplam: 1026)
2026-07-28 20:38:50,566 INFO [UserId=18] Sayfa 20: 50 ürün alındı. (Toplam: 1026)
2026-07-28 20:38:50,809 INFO [UserId=18] Sayfa 21: 26 ürün alındı. (Toplam: 1026)
2026-07-28 20:38:50,809 INFO [UserId=18] Toplam 1026 ürün çekildi.
2026-07-28 20:38:50,838 INFO Varyantlı XML feed yazıldı: docs/ecza1-feed.xml (4536 satır / varyant)
2026-07-28 20:38:50,839 INFO Tüm mağazalar için senkronizasyon tamamlandı.
2026-07-29 00:12:42,040 INFO Giriş başarılı (302 yönlendirme -> /).
2026-07-29 00:13:45,210 INFO Kategori/marka tablosu hazır: 660 kategori, 3312 marka bulundu.
2026-07-29 00:13:45,489 INFO [UserId=7982] Sayfa 1: 50 ürün alındı. (Toplam: 635)
2026-07-29 00:13:45,753 INFO [UserId=7982] Sayfa 2: 50 ürün alındı. (Toplam: 635)
2026-07-29 00:13:46,031 INFO [UserId=7982] Sayfa 3: 50 ürün alındı. (Toplam: 635)
2026-07-29 00:13:46,302 INFO [UserId=7982] Sayfa 4: 50 ürün alındı. (Toplam: 635)
2026-07-29 00:13:46,570 INFO [UserId=7982] Sayfa 5: 50 ürün alındı. (Toplam: 635)
2026-07-29 00:13:46,831 INFO [UserId=7982] Sayfa 6: 50 ürün alındı. (Toplam: 635)
2026-07-29 00:13:47,110 INFO [UserId=7982] Sayfa 7: 50 ürün alındı. (Toplam: 635)
2026-07-29 00:13:47,382 INFO [UserId=7982] Sayfa 8: 50 ürün alındı. (Toplam: 635)
2026-07-29 00:13:47,648 INFO [UserId=7982] Sayfa 9: 50 ürün alındı. (Toplam: 635)
2026-07-29 00:13:47,922 INFO [UserId=7982] Sayfa 10: 50 ürün alındı. (Toplam: 635)
2026-07-29 00:13:48,183 INFO [UserId=7982] Sayfa 11: 50 ürün alındı. (Toplam: 635)
2026-07-29 00:13:48,450 INFO [UserId=7982] Sayfa 12: 50 ürün alındı. (Toplam: 635)
2026-07-29 00:13:48,702 INFO [UserId=7982] Sayfa 13: 35 ürün alındı. (Toplam: 635)
2026-07-29 00:13:48,702 INFO [UserId=7982] Toplam 635 ürün çekildi.
2026-07-29 00:13:48,965 INFO [UserId=16982] Sayfa 1: 50 ürün alındı. (Toplam: 762)
2026-07-29 00:13:49,241 INFO [UserId=16982] Sayfa 2: 50 ürün alındı. (Toplam: 762)
2026-07-29 00:13:49,517 INFO [UserId=16982] Sayfa 3: 50 ürün alındı. (Toplam: 762)
2026-07-29 00:13:49,820 INFO [UserId=16982] Sayfa 4: 50 ürün alındı. (Toplam: 762)
2026-07-29 00:13:50,076 INFO [UserId=16982] Sayfa 5: 50 ürün alındı. (Toplam: 762)
2026-07-29 00:13:50,350 INFO [UserId=16982] Sayfa 6: 50 ürün alındı. (Toplam: 762)
2026-07-29 00:13:50,618 INFO [UserId=16982] Sayfa 7: 50 ürün alındı. (Toplam: 762)
2026-07-29 00:13:50,903 INFO [UserId=16982] Sayfa 8: 50 ürün alındı. (Toplam: 762)
2026-07-29 00:13:51,178 INFO [UserId=16982] Sayfa 9: 50 ürün alındı. (Toplam: 762)
2026-07-29 00:13:51,445 INFO [UserId=16982] Sayfa 10: 50 ürün alındı. (Toplam: 762)
2026-07-29 00:13:51,725 INFO [UserId=16982] Sayfa 11: 50 ürün alındı. (Toplam: 762)
2026-07-29 00:13:52,022 INFO [UserId=16982] Sayfa 12: 50 ürün alındı. (Toplam: 762)
2026-07-29 00:13:52,284 INFO [UserId=16982] Sayfa 13: 50 ürün alındı. (Toplam: 762)
2026-07-29 00:13:52,557 INFO [UserId=16982] Sayfa 14: 50 ürün alındı. (Toplam: 762)
2026-07-29 00:13:52,832 INFO [UserId=16982] Sayfa 15: 50 ürün alındı. (Toplam: 762)
2026-07-29 00:13:53,064 INFO [UserId=16982] Sayfa 16: 12 ürün alındı. (Toplam: 762)
2026-07-29 00:13:53,064 INFO [UserId=16982] Toplam 762 ürün çekildi.
2026-07-29 00:13:53,316 INFO [UserId=19598] Sayfa 1: 50 ürün alındı. (Toplam: 396)
2026-07-29 00:13:53,570 INFO [UserId=19598] Sayfa 2: 50 ürün alındı. (Toplam: 396)
2026-07-29 00:13:53,824 INFO [UserId=19598] Sayfa 3: 50 ürün alındı. (Toplam: 396)
2026-07-29 00:13:54,075 INFO [UserId=19598] Sayfa 4: 50 ürün alındı. (Toplam: 396)
2026-07-29 00:13:54,318 INFO [UserId=19598] Sayfa 5: 50 ürün alındı. (Toplam: 396)
2026-07-29 00:13:54,567 INFO [UserId=19598] Sayfa 6: 50 ürün alındı. (Toplam: 396)
2026-07-29 00:13:54,820 INFO [UserId=19598] Sayfa 7: 50 ürün alındı. (Toplam: 396)
2026-07-29 00:13:55,091 INFO [UserId=19598] Sayfa 8: 46 ürün alındı. (Toplam: 396)
2026-07-29 00:13:55,091 INFO [UserId=19598] Toplam 396 ürün çekildi.
2026-07-29 00:13:55,360 INFO [UserId=21144] Sayfa 1: 50 ürün alındı. (Toplam: 386)
2026-07-29 00:13:55,631 INFO [UserId=21144] Sayfa 2: 50 ürün alındı. (Toplam: 386)
2026-07-29 00:13:55,904 INFO [UserId=21144] Sayfa 3: 50 ürün alındı. (Toplam: 386)
2026-07-29 00:13:56,173 INFO [UserId=21144] Sayfa 4: 50 ürün alındı. (Toplam: 386)
2026-07-29 00:13:56,452 INFO [UserId=21144] Sayfa 5: 50 ürün alındı. (Toplam: 386)
2026-07-29 00:13:56,719 INFO [UserId=21144] Sayfa 6: 50 ürün alındı. (Toplam: 386)
2026-07-29 00:13:56,985 INFO [UserId=21144] Sayfa 7: 50 ürün alındı. (Toplam: 386)
2026-07-29 00:13:57,238 INFO [UserId=21144] Sayfa 8: 36 ürün alındı. (Toplam: 386)
2026-07-29 00:13:57,239 INFO [UserId=21144] Toplam 386 ürün çekildi.
2026-07-29 00:13:57,508 INFO [UserId=184] Sayfa 1: 50 ürün alındı. (Toplam: 484)
2026-07-29 00:13:57,773 INFO [UserId=184] Sayfa 2: 50 ürün alındı. (Toplam: 484)
2026-07-29 00:13:58,045 INFO [UserId=184] Sayfa 3: 50 ürün alındı. (Toplam: 484)
2026-07-29 00:13:58,315 INFO [UserId=184] Sayfa 4: 50 ürün alındı. (Toplam: 484)
2026-07-29 00:13:58,591 INFO [UserId=184] Sayfa 5: 50 ürün alındı. (Toplam: 484)
2026-07-29 00:13:58,878 INFO [UserId=184] Sayfa 6: 50 ürün alındı. (Toplam: 484)
2026-07-29 00:13:59,182 INFO [UserId=184] Sayfa 7: 50 ürün alındı. (Toplam: 484)
2026-07-29 00:13:59,455 INFO [UserId=184] Sayfa 8: 50 ürün alındı. (Toplam: 484)
2026-07-29 00:13:59,732 INFO [UserId=184] Sayfa 9: 50 ürün alındı. (Toplam: 484)
2026-07-29 00:13:59,980 INFO [UserId=184] Sayfa 10: 34 ürün alındı. (Toplam: 484)
2026-07-29 00:13:59,980 INFO [UserId=184] Toplam 484 ürün çekildi.
2026-07-29 00:14:00,232 INFO [UserId=1735] Sayfa 1: 50 ürün alındı. (Toplam: 287)
2026-07-29 00:14:00,498 INFO [UserId=1735] Sayfa 2: 50 ürün alındı. (Toplam: 287)
2026-07-29 00:14:00,761 INFO [UserId=1735] Sayfa 3: 50 ürün alındı. (Toplam: 287)
2026-07-29 00:14:01,032 INFO [UserId=1735] Sayfa 4: 50 ürün alındı. (Toplam: 287)
2026-07-29 00:14:01,293 INFO [UserId=1735] Sayfa 5: 50 ürün alındı. (Toplam: 287)
2026-07-29 00:14:01,542 INFO [UserId=1735] Sayfa 6: 37 ürün alındı. (Toplam: 287)
2026-07-29 00:14:01,542 INFO [UserId=1735] Toplam 287 ürün çekildi.
2026-07-29 00:14:01,809 INFO [UserId=11197] Sayfa 1: 50 ürün alındı. (Toplam: 200)
2026-07-29 00:14:02,065 INFO [UserId=11197] Sayfa 2: 50 ürün alındı. (Toplam: 200)
2026-07-29 00:14:02,325 INFO [UserId=11197] Sayfa 3: 50 ürün alındı. (Toplam: 200)
2026-07-29 00:14:02,592 INFO [UserId=11197] Sayfa 4: 50 ürün alındı. (Toplam: 200)
2026-07-29 00:14:02,592 INFO [UserId=11197] Toplam 200 ürün çekildi.
2026-07-29 00:14:02,868 INFO [UserId=759] Sayfa 1: 50 ürün alındı. (Toplam: 359)
2026-07-29 00:14:03,137 INFO [UserId=759] Sayfa 2: 50 ürün alındı. (Toplam: 359)
2026-07-29 00:14:03,405 INFO [UserId=759] Sayfa 3: 50 ürün alındı. (Toplam: 359)
2026-07-29 00:14:03,676 INFO [UserId=759] Sayfa 4: 50 ürün alındı. (Toplam: 359)
2026-07-29 00:14:03,952 INFO [UserId=759] Sayfa 5: 50 ürün alındı. (Toplam: 359)
2026-07-29 00:14:04,214 INFO [UserId=759] Sayfa 6: 50 ürün alındı. (Toplam: 359)
2026-07-29 00:14:04,490 INFO [UserId=759] Sayfa 7: 50 ürün alındı. (Toplam: 359)
2026-07-29 00:14:04,718 INFO [UserId=759] Sayfa 8: 9 ürün alındı. (Toplam: 359)
2026-07-29 00:14:04,718 INFO [UserId=759] Toplam 359 ürün çekildi.
2026-07-29 00:14:04,995 INFO [UserId=18] Sayfa 1: 50 ürün alındı. (Toplam: 1026)
2026-07-29 00:14:05,280 INFO [UserId=18] Sayfa 2: 50 ürün alındı. (Toplam: 1026)
2026-07-29 00:14:05,558 INFO [UserId=18] Sayfa 3: 50 ürün alındı. (Toplam: 1026)
2026-07-29 00:14:05,918 INFO [UserId=18] Sayfa 4: 50 ürün alındı. (Toplam: 1026)
2026-07-29 00:14:06,187 INFO [UserId=18] Sayfa 5: 50 ürün alındı. (Toplam: 1026)
2026-07-29 00:14:06,460 INFO [UserId=18] Sayfa 6: 50 ürün alındı. (Toplam: 1026)
2026-07-29 00:14:06,726 INFO [UserId=18] Sayfa 7: 50 ürün alındı. (Toplam: 1026)
2026-07-29 00:14:07,002 INFO [UserId=18] Sayfa 8: 50 ürün alındı. (Toplam: 1026)
2026-07-29 00:14:07,286 INFO [UserId=18] Sayfa 9: 50 ürün alındı. (Toplam: 1026)
2026-07-29 00:14:07,564 INFO [UserId=18] Sayfa 10: 50 ürün alındı. (Toplam: 1026)
2026-07-29 00:14:07,839 INFO [UserId=18] Sayfa 11: 50 ürün alındı. (Toplam: 1026)
2026-07-29 00:14:08,147 INFO [UserId=18] Sayfa 12: 50 ürün alındı. (Toplam: 1026)
2026-07-29 00:14:08,451 INFO [UserId=18] Sayfa 13: 50 ürün alındı. (Toplam: 1026)
2026-07-29 00:14:08,741 INFO [UserId=18] Sayfa 14: 50 ürün alındı. (Toplam: 1026)
2026-07-29 00:14:09,015 INFO [UserId=18] Sayfa 15: 50 ürün alındı. (Toplam: 1026)
2026-07-29 00:14:09,300 INFO [UserId=18] Sayfa 16: 50 ürün alındı. (Toplam: 1026)
2026-07-29 00:14:09,573 INFO [UserId=18] Sayfa 17: 50 ürün alındı. (Toplam: 1026)
2026-07-29 00:14:09,849 INFO [UserId=18] Sayfa 18: 50 ürün alındı. (Toplam: 1026)
2026-07-29 00:14:10,122 INFO [UserId=18] Sayfa 19: 50 ürün alındı. (Toplam: 1026)
2026-07-29 00:14:10,386 INFO [UserId=18] Sayfa 20: 50 ürün alındı. (Toplam: 1026)
2026-07-29 00:14:10,643 INFO [UserId=18] Sayfa 21: 26 ürün alındı. (Toplam: 1026)
2026-07-29 00:14:10,643 INFO [UserId=18] Toplam 1026 ürün çekildi.
2026-07-29 00:14:10,682 INFO Varyantlı XML feed yazıldı: docs/ecza1-feed.xml (4535 satır / varyant)
2026-07-29 00:14:10,684 INFO Tüm mağazalar için senkronizasyon tamamlandı.
2026-07-29 10:59:19,152 INFO Giriş başarılı (302 yönlendirme -> /).
2026-07-29 11:00:37,841 INFO Kategori/marka tablosu hazır: 660 kategori, 3309 marka bulundu.
2026-07-29 11:00:38,056 INFO [UserId=7982] Sayfa 1: 50 ürün alındı. (Toplam: 633)
2026-07-29 11:00:38,268 INFO [UserId=7982] Sayfa 2: 50 ürün alındı. (Toplam: 633)
2026-07-29 11:00:38,485 INFO [UserId=7982] Sayfa 3: 50 ürün alındı. (Toplam: 633)
2026-07-29 11:00:38,694 INFO [UserId=7982] Sayfa 4: 50 ürün alındı. (Toplam: 633)
2026-07-29 11:00:38,911 INFO [UserId=7982] Sayfa 5: 50 ürün alındı. (Toplam: 633)
2026-07-29 11:00:39,120 INFO [UserId=7982] Sayfa 6: 50 ürün alındı. (Toplam: 633)
2026-07-29 11:00:39,344 INFO [UserId=7982] Sayfa 7: 50 ürün alındı. (Toplam: 633)
2026-07-29 11:00:39,554 INFO [UserId=7982] Sayfa 8: 50 ürün alındı. (Toplam: 633)
2026-07-29 11:00:39,768 INFO [UserId=7982] Sayfa 9: 50 ürün alındı. (Toplam: 633)
2026-07-29 11:00:39,987 INFO [UserId=7982] Sayfa 10: 50 ürün alındı. (Toplam: 633)
2026-07-29 11:00:40,191 INFO [UserId=7982] Sayfa 11: 50 ürün alındı. (Toplam: 633)
2026-07-29 11:00:40,404 INFO [UserId=7982] Sayfa 12: 50 ürün alındı. (Toplam: 633)
2026-07-29 11:00:40,607 INFO [UserId=7982] Sayfa 13: 33 ürün alındı. (Toplam: 633)
2026-07-29 11:00:40,607 INFO [UserId=7982] Toplam 633 ürün çekildi.
2026-07-29 11:00:40,825 INFO [UserId=16982] Sayfa 1: 50 ürün alındı. (Toplam: 758)
2026-07-29 11:00:41,043 INFO [UserId=16982] Sayfa 2: 50 ürün alındı. (Toplam: 758)
2026-07-29 11:00:41,271 INFO [UserId=16982] Sayfa 3: 50 ürün alındı. (Toplam: 758)
2026-07-29 11:00:41,490 INFO [UserId=16982] Sayfa 4: 50 ürün alındı. (Toplam: 758)
2026-07-29 11:00:41,691 INFO [UserId=16982] Sayfa 5: 50 ürün alındı. (Toplam: 758)
2026-07-29 11:00:41,900 INFO [UserId=16982] Sayfa 6: 50 ürün alındı. (Toplam: 758)
2026-07-29 11:00:42,107 INFO [UserId=16982] Sayfa 7: 50 ürün alındı. (Toplam: 758)
2026-07-29 11:00:42,328 INFO [UserId=16982] Sayfa 8: 50 ürün alındı. (Toplam: 758)
2026-07-29 11:00:42,551 INFO [UserId=16982] Sayfa 9: 50 ürün alındı. (Toplam: 758)
2026-07-29 11:00:42,769 INFO [UserId=16982] Sayfa 10: 50 ürün alındı. (Toplam: 758)
2026-07-29 11:00:43,001 INFO [UserId=16982] Sayfa 11: 50 ürün alındı. (Toplam: 758)
2026-07-29 11:00:43,248 INFO [UserId=16982] Sayfa 12: 50 ürün alındı. (Toplam: 758)
2026-07-29 11:00:43,634 INFO [UserId=16982] Sayfa 13: 50 ürün alındı. (Toplam: 758)
2026-07-29 11:00:43,950 INFO [UserId=16982] Sayfa 14: 50 ürün alındı. (Toplam: 758)
2026-07-29 11:00:44,251 INFO [UserId=16982] Sayfa 15: 50 ürün alındı. (Toplam: 758)
2026-07-29 11:00:44,424 INFO [UserId=16982] Sayfa 16: 8 ürün alındı. (Toplam: 758)
2026-07-29 11:00:44,425 INFO [UserId=16982] Toplam 758 ürün çekildi.
2026-07-29 11:00:44,631 INFO [UserId=19598] Sayfa 1: 50 ürün alındı. (Toplam: 396)
2026-07-29 11:00:44,844 INFO [UserId=19598] Sayfa 2: 50 ürün alındı. (Toplam: 396)
2026-07-29 11:00:45,069 INFO [UserId=19598] Sayfa 3: 50 ürün alındı. (Toplam: 396)
2026-07-29 11:00:45,267 INFO [UserId=19598] Sayfa 4: 50 ürün alındı. (Toplam: 396)
2026-07-29 11:00:45,455 INFO [UserId=19598] Sayfa 5: 50 ürün alındı. (Toplam: 396)
2026-07-29 11:00:45,651 INFO [UserId=19598] Sayfa 6: 50 ürün alındı. (Toplam: 396)
2026-07-29 11:00:45,860 INFO [UserId=19598] Sayfa 7: 50 ürün alındı. (Toplam: 396)
2026-07-29 11:00:46,079 INFO [UserId=19598] Sayfa 8: 46 ürün alındı. (Toplam: 396)
2026-07-29 11:00:46,079 INFO [UserId=19598] Toplam 396 ürün çekildi.
2026-07-29 11:00:46,305 INFO [UserId=21144] Sayfa 1: 50 ürün alındı. (Toplam: 386)
2026-07-29 11:00:46,526 INFO [UserId=21144] Sayfa 2: 50 ürün alındı. (Toplam: 386)
2026-07-29 11:00:46,734 INFO [UserId=21144] Sayfa 3: 50 ürün alındı. (Toplam: 386)
2026-07-29 11:00:46,955 INFO [UserId=21144] Sayfa 4: 50 ürün alındı. (Toplam: 386)
2026-07-29 11:00:47,183 INFO [UserId=21144] Sayfa 5: 50 ürün alındı. (Toplam: 386)
2026-07-29 11:00:47,405 INFO [UserId=21144] Sayfa 6: 50 ürün alındı. (Toplam: 386)
2026-07-29 11:00:47,611 INFO [UserId=21144] Sayfa 7: 50 ürün alındı. (Toplam: 386)
2026-07-29 11:00:47,871 INFO [UserId=21144] Sayfa 8: 36 ürün alındı. (Toplam: 386)
2026-07-29 11:00:47,872 INFO [UserId=21144] Toplam 386 ürün çekildi.
2026-07-29 11:00:48,093 INFO [UserId=184] Sayfa 1: 50 ürün alındı. (Toplam: 481)
2026-07-29 11:00:48,375 INFO [UserId=184] Sayfa 2: 50 ürün alındı. (Toplam: 481)
2026-07-29 11:00:48,599 INFO [UserId=184] Sayfa 3: 50 ürün alındı. (Toplam: 481)
2026-07-29 11:00:48,881 INFO [UserId=184] Sayfa 4: 50 ürün alındı. (Toplam: 481)
2026-07-29 11:00:49,096 INFO [UserId=184] Sayfa 5: 50 ürün alındı. (Toplam: 481)
2026-07-29 11:00:49,329 INFO [UserId=184] Sayfa 6: 50 ürün alındı. (Toplam: 481)
2026-07-29 11:00:49,580 INFO [UserId=184] Sayfa 7: 50 ürün alındı. (Toplam: 481)
2026-07-29 11:00:49,805 INFO [UserId=184] Sayfa 8: 50 ürün alındı. (Toplam: 481)
2026-07-29 11:00:50,030 INFO [UserId=184] Sayfa 9: 50 ürün alındı. (Toplam: 481)
2026-07-29 11:00:50,222 INFO [UserId=184] Sayfa 10: 31 ürün alındı. (Toplam: 481)
2026-07-29 11:00:50,222 INFO [UserId=184] Toplam 481 ürün çekildi.
2026-07-29 11:00:50,448 INFO [UserId=1735] Sayfa 1: 50 ürün alındı. (Toplam: 285)
2026-07-29 11:00:50,670 INFO [UserId=1735] Sayfa 2: 50 ürün alındı. (Toplam: 285)
2026-07-29 11:00:50,894 INFO [UserId=1735] Sayfa 3: 50 ürün alındı. (Toplam: 285)
2026-07-29 11:00:51,105 INFO [UserId=1735] Sayfa 4: 50 ürün alındı. (Toplam: 285)
2026-07-29 11:00:51,306 INFO [UserId=1735] Sayfa 5: 50 ürün alındı. (Toplam: 285)
2026-07-29 11:00:51,529 INFO [UserId=1735] Sayfa 6: 35 ürün alındı. (Toplam: 285)
2026-07-29 11:00:51,530 INFO [UserId=1735] Toplam 285 ürün çekildi.
2026-07-29 11:00:51,737 INFO [UserId=11197] Sayfa 1: 50 ürün alındı. (Toplam: 200)
2026-07-29 11:00:51,944 INFO [UserId=11197] Sayfa 2: 50 ürün alındı. (Toplam: 200)
2026-07-29 11:00:52,152 INFO [UserId=11197] Sayfa 3: 50 ürün alındı. (Toplam: 200)
2026-07-29 11:00:52,354 INFO [UserId=11197] Sayfa 4: 50 ürün alındı. (Toplam: 200)
2026-07-29 11:00:52,354 INFO [UserId=11197] Toplam 200 ürün çekildi.
2026-07-29 11:00:52,567 INFO [UserId=759] Sayfa 1: 50 ürün alındı. (Toplam: 358)
2026-07-29 11:00:52,771 INFO [UserId=759] Sayfa 2: 50 ürün alındı. (Toplam: 358)
2026-07-29 11:00:52,979 INFO [UserId=759] Sayfa 3: 50 ürün alındı. (Toplam: 358)
2026-07-29 11:00:53,189 INFO [UserId=759] Sayfa 4: 50 ürün alındı. (Toplam: 358)
2026-07-29 11:00:53,422 INFO [UserId=759] Sayfa 5: 50 ürün alındı. (Toplam: 358)
2026-07-29 11:00:53,627 INFO [UserId=759] Sayfa 6: 50 ürün alındı. (Toplam: 358)
2026-07-29 11:00:53,841 INFO [UserId=759] Sayfa 7: 50 ürün alındı. (Toplam: 358)
2026-07-29 11:00:54,034 INFO [UserId=759] Sayfa 8: 8 ürün alındı. (Toplam: 358)
2026-07-29 11:00:54,035 INFO [UserId=759] Toplam 358 ürün çekildi.
2026-07-29 11:00:54,256 INFO [UserId=18] Sayfa 1: 50 ürün alındı. (Toplam: 1046)
2026-07-29 11:00:54,568 INFO [UserId=18] Sayfa 2: 50 ürün alındı. (Toplam: 1046)
2026-07-29 11:00:54,789 INFO [UserId=18] Sayfa 3: 50 ürün alındı. (Toplam: 1046)
2026-07-29 11:00:55,004 INFO [UserId=18] Sayfa 4: 50 ürün alındı. (Toplam: 1046)
2026-07-29 11:00:55,221 INFO [UserId=18] Sayfa 5: 50 ürün alındı. (Toplam: 1046)
2026-07-29 11:00:55,440 INFO [UserId=18] Sayfa 6: 50 ürün alındı. (Toplam: 1046)
2026-07-29 11:00:55,650 INFO [UserId=18] Sayfa 7: 50 ürün alındı. (Toplam: 1046)
2026-07-29 11:00:55,864 INFO [UserId=18] Sayfa 8: 50 ürün alındı. (Toplam: 1046)
2026-07-29 11:00:56,093 INFO [UserId=18] Sayfa 9: 50 ürün alındı. (Toplam: 1046)
2026-07-29 11:00:56,316 INFO [UserId=18] Sayfa 10: 50 ürün alındı. (Toplam: 1046)
2026-07-29 11:00:56,531 INFO [UserId=18] Sayfa 11: 50 ürün alındı. (Toplam: 1046)
2026-07-29 11:00:56,892 INFO [UserId=18] Sayfa 12: 50 ürün alındı. (Toplam: 1046)
2026-07-29 11:00:57,152 INFO [UserId=18] Sayfa 13: 50 ürün alındı. (Toplam: 1046)
2026-07-29 11:00:57,420 INFO [UserId=18] Sayfa 14: 50 ürün alındı. (Toplam: 1046)
2026-07-29 11:00:57,644 INFO [UserId=18] Sayfa 15: 50 ürün alındı. (Toplam: 1046)
2026-07-29 11:00:57,908 INFO [UserId=18] Sayfa 16: 50 ürün alındı. (Toplam: 1046)
2026-07-29 11:00:58,135 INFO [UserId=18] Sayfa 17: 50 ürün alındı. (Toplam: 1046)
2026-07-29 11:00:58,367 INFO [UserId=18] Sayfa 18: 50 ürün alındı. (Toplam: 1046)
2026-07-29 11:00:58,602 INFO [UserId=18] Sayfa 19: 50 ürün alındı. (Toplam: 1046)
2026-07-29 11:00:58,816 INFO [UserId=18] Sayfa 20: 50 ürün alındı. (Toplam: 1046)
2026-07-29 11:00:59,039 INFO [UserId=18] Sayfa 21: 46 ürün alındı. (Toplam: 1046)
2026-07-29 11:00:59,039 INFO [UserId=18] Toplam 1046 ürün çekildi.
2026-07-29 11:00:59,076 INFO Varyantlı XML feed yazıldı: docs/ecza1-feed.xml (4543 satır / varyant)
2026-07-29 11:00:59,078 INFO Tüm mağazalar için senkronizasyon tamamlandı.
2026-07-29 16:12:19,981 INFO Giriş başarılı (302 yönlendirme -> /).
2026-07-29 16:13:25,676 INFO Kategori/marka tablosu hazır: 660 kategori, 3313 marka bulundu.
2026-07-29 16:13:25,916 INFO [UserId=7982] Sayfa 1: 50 ürün alındı. (Toplam: 637)
2026-07-29 16:13:26,139 INFO [UserId=7982] Sayfa 2: 50 ürün alındı. (Toplam: 637)
2026-07-29 16:13:26,371 INFO [UserId=7982] Sayfa 3: 50 ürün alındı. (Toplam: 637)
2026-07-29 16:13:26,612 INFO [UserId=7982] Sayfa 4: 50 ürün alındı. (Toplam: 637)
2026-07-29 16:13:26,844 INFO [UserId=7982] Sayfa 5: 50 ürün alındı. (Toplam: 637)
2026-07-29 16:13:27,064 INFO [UserId=7982] Sayfa 6: 50 ürün alındı. (Toplam: 637)
2026-07-29 16:13:27,305 INFO [UserId=7982] Sayfa 7: 50 ürün alındı. (Toplam: 637)
2026-07-29 16:13:27,538 INFO [UserId=7982] Sayfa 8: 50 ürün alındı. (Toplam: 637)
2026-07-29 16:13:27,769 INFO [UserId=7982] Sayfa 9: 50 ürün alındı. (Toplam: 637)
2026-07-29 16:13:28,004 INFO [UserId=7982] Sayfa 10: 50 ürün alındı. (Toplam: 637)
2026-07-29 16:13:28,224 INFO [UserId=7982] Sayfa 11: 50 ürün alındı. (Toplam: 637)
2026-07-29 16:13:28,453 INFO [UserId=7982] Sayfa 12: 50 ürün alındı. (Toplam: 637)
2026-07-29 16:13:28,701 INFO [UserId=7982] Sayfa 13: 37 ürün alındı. (Toplam: 637)
2026-07-29 16:13:28,701 INFO [UserId=7982] Toplam 637 ürün çekildi.
2026-07-29 16:13:28,955 INFO [UserId=16982] Sayfa 1: 50 ürün alındı. (Toplam: 759)
2026-07-29 16:13:29,236 INFO [UserId=16982] Sayfa 2: 50 ürün alındı. (Toplam: 759)
2026-07-29 16:13:29,473 INFO [UserId=16982] Sayfa 3: 50 ürün alındı. (Toplam: 759)
2026-07-29 16:13:29,736 INFO [UserId=16982] Sayfa 4: 50 ürün alındı. (Toplam: 759)
2026-07-29 16:13:29,949 INFO [UserId=16982] Sayfa 5: 50 ürün alındı. (Toplam: 759)
2026-07-29 16:13:30,176 INFO [UserId=16982] Sayfa 6: 50 ürün alındı. (Toplam: 759)
2026-07-29 16:13:30,399 INFO [UserId=16982] Sayfa 7: 50 ürün alındı. (Toplam: 759)
2026-07-29 16:13:30,636 INFO [UserId=16982] Sayfa 8: 50 ürün alındı. (Toplam: 759)
2026-07-29 16:13:30,867 INFO [UserId=16982] Sayfa 9: 50 ürün alındı. (Toplam: 759)
2026-07-29 16:13:31,095 INFO [UserId=16982] Sayfa 10: 50 ürün alındı. (Toplam: 759)
2026-07-29 16:13:31,335 INFO [UserId=16982] Sayfa 11: 50 ürün alındı. (Toplam: 759)
2026-07-29 16:13:31,590 INFO [UserId=16982] Sayfa 12: 50 ürün alındı. (Toplam: 759)
2026-07-29 16:13:31,827 INFO [UserId=16982] Sayfa 13: 50 ürün alındı. (Toplam: 759)
2026-07-29 16:13:32,053 INFO [UserId=16982] Sayfa 14: 50 ürün alındı. (Toplam: 759)
2026-07-29 16:13:32,299 INFO [UserId=16982] Sayfa 15: 50 ürün alındı. (Toplam: 759)
2026-07-29 16:13:32,493 INFO [UserId=16982] Sayfa 16: 9 ürün alındı. (Toplam: 759)
2026-07-29 16:13:32,493 INFO [UserId=16982] Toplam 759 ürün çekildi.
2026-07-29 16:13:32,713 INFO [UserId=19598] Sayfa 1: 50 ürün alındı. (Toplam: 395)
2026-07-29 16:13:32,932 INFO [UserId=19598] Sayfa 2: 50 ürün alındı. (Toplam: 395)
2026-07-29 16:13:33,149 INFO [UserId=19598] Sayfa 3: 50 ürün alındı. (Toplam: 395)
2026-07-29 16:13:33,363 INFO [UserId=19598] Sayfa 4: 50 ürün alındı. (Toplam: 395)
2026-07-29 16:13:33,574 INFO [UserId=19598] Sayfa 5: 50 ürün alındı. (Toplam: 395)
2026-07-29 16:13:33,784 INFO [UserId=19598] Sayfa 6: 50 ürün alındı. (Toplam: 395)
2026-07-29 16:13:33,998 INFO [UserId=19598] Sayfa 7: 50 ürün alındı. (Toplam: 395)
2026-07-29 16:13:34,224 INFO [UserId=19598] Sayfa 8: 45 ürün alındı. (Toplam: 395)
2026-07-29 16:13:34,224 INFO [UserId=19598] Toplam 395 ürün çekildi.
2026-07-29 16:13:34,456 INFO [UserId=21144] Sayfa 1: 50 ürün alındı. (Toplam: 385)
2026-07-29 16:13:34,680 INFO [UserId=21144] Sayfa 2: 50 ürün alındı. (Toplam: 385)
2026-07-29 16:13:34,910 INFO [UserId=21144] Sayfa 3: 50 ürün alındı. (Toplam: 385)
2026-07-29 16:13:35,138 INFO [UserId=21144] Sayfa 4: 50 ürün alındı. (Toplam: 385)
2026-07-29 16:13:35,376 INFO [UserId=21144] Sayfa 5: 50 ürün alındı. (Toplam: 385)
2026-07-29 16:13:35,610 INFO [UserId=21144] Sayfa 6: 50 ürün alındı. (Toplam: 385)
2026-07-29 16:13:35,840 INFO [UserId=21144] Sayfa 7: 50 ürün alındı. (Toplam: 385)
2026-07-29 16:13:36,053 INFO [UserId=21144] Sayfa 8: 35 ürün alındı. (Toplam: 385)
2026-07-29 16:13:36,053 INFO [UserId=21144] Toplam 385 ürün çekildi.
2026-07-29 16:13:36,301 INFO [UserId=184] Sayfa 1: 50 ürün alındı. (Toplam: 495)
2026-07-29 16:13:36,533 INFO [UserId=184] Sayfa 2: 50 ürün alındı. (Toplam: 495)
2026-07-29 16:13:36,764 INFO [UserId=184] Sayfa 3: 50 ürün alındı. (Toplam: 495)
2026-07-29 16:13:36,990 INFO [UserId=184] Sayfa 4: 50 ürün alındı. (Toplam: 495)
2026-07-29 16:13:37,221 INFO [UserId=184] Sayfa 5: 50 ürün alındı. (Toplam: 495)
2026-07-29 16:13:37,467 INFO [UserId=184] Sayfa 6: 50 ürün alındı. (Toplam: 495)
2026-07-29 16:13:37,734 INFO [UserId=184] Sayfa 7: 50 ürün alındı. (Toplam: 495)
2026-07-29 16:13:38,030 INFO [UserId=184] Sayfa 8: 50 ürün alındı. (Toplam: 495)
2026-07-29 16:13:38,269 INFO [UserId=184] Sayfa 9: 50 ürün alındı. (Toplam: 495)
2026-07-29 16:13:38,497 INFO [UserId=184] Sayfa 10: 45 ürün alındı. (Toplam: 495)
2026-07-29 16:13:38,497 INFO [UserId=184] Toplam 495 ürün çekildi.
2026-07-29 16:13:38,708 INFO [UserId=1735] Sayfa 1: 50 ürün alındı. (Toplam: 281)
2026-07-29 16:13:38,935 INFO [UserId=1735] Sayfa 2: 50 ürün alındı. (Toplam: 281)
2026-07-29 16:13:39,155 INFO [UserId=1735] Sayfa 3: 50 ürün alındı. (Toplam: 281)
2026-07-29 16:13:39,393 INFO [UserId=1735] Sayfa 4: 50 ürün alındı. (Toplam: 281)
2026-07-29 16:13:39,609 INFO [UserId=1735] Sayfa 5: 50 ürün alındı. (Toplam: 281)
2026-07-29 16:13:39,806 INFO [UserId=1735] Sayfa 6: 31 ürün alındı. (Toplam: 281)
2026-07-29 16:13:39,806 INFO [UserId=1735] Toplam 281 ürün çekildi.
2026-07-29 16:13:40,034 INFO [UserId=11197] Sayfa 1: 50 ürün alındı. (Toplam: 198)
2026-07-29 16:13:40,251 INFO [UserId=11197] Sayfa 2: 50 ürün alındı. (Toplam: 198)
2026-07-29 16:13:40,472 INFO [UserId=11197] Sayfa 3: 50 ürün alındı. (Toplam: 198)
2026-07-29 16:13:40,688 INFO [UserId=11197] Sayfa 4: 48 ürün alındı. (Toplam: 198)
2026-07-29 16:13:40,688 INFO [UserId=11197] Toplam 198 ürün çekildi.
2026-07-29 16:13:40,916 INFO [UserId=759] Sayfa 1: 50 ürün alındı. (Toplam: 356)
2026-07-29 16:13:41,135 INFO [UserId=759] Sayfa 2: 50 ürün alındı. (Toplam: 356)
2026-07-29 16:13:41,360 INFO [UserId=759] Sayfa 3: 50 ürün alındı. (Toplam: 356)
2026-07-29 16:13:41,589 INFO [UserId=759] Sayfa 4: 50 ürün alındı. (Toplam: 356)
2026-07-29 16:13:41,840 INFO [UserId=759] Sayfa 5: 50 ürün alındı. (Toplam: 356)
2026-07-29 16:13:42,057 INFO [UserId=759] Sayfa 6: 50 ürün alındı. (Toplam: 356)
2026-07-29 16:13:42,287 INFO [UserId=759] Sayfa 7: 50 ürün alındı. (Toplam: 356)
2026-07-29 16:13:42,469 INFO [UserId=759] Sayfa 8: 6 ürün alındı. (Toplam: 356)
2026-07-29 16:13:42,469 INFO [UserId=759] Toplam 356 ürün çekildi.
2026-07-29 16:13:42,709 INFO [UserId=18] Sayfa 1: 50 ürün alındı. (Toplam: 1076)
2026-07-29 16:13:42,953 INFO [UserId=18] Sayfa 2: 50 ürün alındı. (Toplam: 1076)
2026-07-29 16:13:43,192 INFO [UserId=18] Sayfa 3: 50 ürün alındı. (Toplam: 1076)
2026-07-29 16:13:43,427 INFO [UserId=18] Sayfa 4: 50 ürün alındı. (Toplam: 1076)
2026-07-29 16:13:43,654 INFO [UserId=18] Sayfa 5: 50 ürün alındı. (Toplam: 1076)
2026-07-29 16:13:43,891 INFO [UserId=18] Sayfa 6: 50 ürün alındı. (Toplam: 1076)
2026-07-29 16:13:44,116 INFO [UserId=18] Sayfa 7: 50 ürün alındı. (Toplam: 1076)
2026-07-29 16:13:44,354 INFO [UserId=18] Sayfa 8: 50 ürün alındı. (Toplam: 1076)
2026-07-29 16:13:44,594 INFO [UserId=18] Sayfa 9: 50 ürün alındı. (Toplam: 1076)
2026-07-29 16:13:44,827 INFO [UserId=18] Sayfa 10: 50 ürün alındı. (Toplam: 1076)
2026-07-29 16:13:45,067 INFO [UserId=18] Sayfa 11: 50 ürün alındı. (Toplam: 1076)
2026-07-29 16:13:45,315 INFO [UserId=18] Sayfa 12: 50 ürün alındı. (Toplam: 1076)
2026-07-29 16:13:45,586 INFO [UserId=18] Sayfa 13: 50 ürün alındı. (Toplam: 1076)
2026-07-29 16:13:45,855 INFO [UserId=18] Sayfa 14: 50 ürün alındı. (Toplam: 1076)
2026-07-29 16:13:46,102 INFO [UserId=18] Sayfa 15: 50 ürün alındı. (Toplam: 1076)
2026-07-29 16:13:46,362 INFO [UserId=18] Sayfa 16: 50 ürün alındı. (Toplam: 1076)
2026-07-29 16:13:46,607 INFO [UserId=18] Sayfa 17: 50 ürün alındı. (Toplam: 1076)
2026-07-29 16:13:46,881 INFO [UserId=18] Sayfa 18: 50 ürün alındı. (Toplam: 1076)
2026-07-29 16:13:47,137 INFO [UserId=18] Sayfa 19: 50 ürün alındı. (Toplam: 1076)
2026-07-29 16:13:47,469 INFO [UserId=18] Sayfa 20: 50 ürün alındı. (Toplam: 1076)
2026-07-29 16:13:47,706 INFO [UserId=18] Sayfa 21: 50 ürün alındı. (Toplam: 1076)
2026-07-29 16:13:47,927 INFO [UserId=18] Sayfa 22: 26 ürün alındı. (Toplam: 1076)
2026-07-29 16:13:47,927 INFO [UserId=18] Toplam 1076 ürün çekildi.
2026-07-29 16:13:47,964 INFO Varyantlı XML feed yazıldı: docs/ecza1-feed.xml (4582 satır / varyant)
2026-07-29 16:13:47,966 INFO Tüm mağazalar için senkronizasyon tamamlandı.
2026-07-29 20:32:37,876 INFO Giriş başarılı (302 yönlendirme -> /).
2026-07-29 20:33:39,223 INFO Kategori/marka tablosu hazır: 660 kategori, 3313 marka bulundu.
2026-07-29 20:33:39,440 INFO [UserId=7982] Sayfa 1: 50 ürün alındı. (Toplam: 635)
2026-07-29 20:33:39,705 INFO [UserId=7982] Sayfa 2: 50 ürün alındı. (Toplam: 635)
2026-07-29 20:33:39,917 INFO [UserId=7982] Sayfa 3: 50 ürün alındı. (Toplam: 635)
2026-07-29 20:33:40,129 INFO [UserId=7982] Sayfa 4: 50 ürün alındı. (Toplam: 635)
2026-07-29 20:33:40,344 INFO [UserId=7982] Sayfa 5: 50 ürün alındı. (Toplam: 635)
2026-07-29 20:33:40,548 INFO [UserId=7982] Sayfa 6: 50 ürün alındı. (Toplam: 635)
2026-07-29 20:33:40,772 INFO [UserId=7982] Sayfa 7: 50 ürün alındı. (Toplam: 635)
2026-07-29 20:33:40,981 INFO [UserId=7982] Sayfa 8: 50 ürün alındı. (Toplam: 635)
2026-07-29 20:33:41,201 INFO [UserId=7982] Sayfa 9: 50 ürün alındı. (Toplam: 635)
2026-07-29 20:33:41,415 INFO [UserId=7982] Sayfa 10: 50 ürün alındı. (Toplam: 635)
2026-07-29 20:33:41,616 INFO [UserId=7982] Sayfa 11: 50 ürün alındı. (Toplam: 635)
2026-07-29 20:33:41,821 INFO [UserId=7982] Sayfa 12: 50 ürün alındı. (Toplam: 635)
2026-07-29 20:33:42,026 INFO [UserId=7982] Sayfa 13: 35 ürün alındı. (Toplam: 635)
2026-07-29 20:33:42,026 INFO [UserId=7982] Toplam 635 ürün çekildi.
2026-07-29 20:33:42,237 INFO [UserId=16982] Sayfa 1: 50 ürün alındı. (Toplam: 758)
2026-07-29 20:33:42,455 INFO [UserId=16982] Sayfa 2: 50 ürün alındı. (Toplam: 758)
2026-07-29 20:33:42,670 INFO [UserId=16982] Sayfa 3: 50 ürün alındı. (Toplam: 758)
2026-07-29 20:33:42,886 INFO [UserId=16982] Sayfa 4: 50 ürün alındı. (Toplam: 758)
2026-07-29 20:33:43,084 INFO [UserId=16982] Sayfa 5: 50 ürün alındı. (Toplam: 758)
2026-07-29 20:33:43,293 INFO [UserId=16982] Sayfa 6: 50 ürün alındı. (Toplam: 758)
2026-07-29 20:33:43,501 INFO [UserId=16982] Sayfa 7: 50 ürün alındı. (Toplam: 758)
2026-07-29 20:33:43,723 INFO [UserId=16982] Sayfa 8: 50 ürün alındı. (Toplam: 758)
2026-07-29 20:33:43,938 INFO [UserId=16982] Sayfa 9: 50 ürün alındı. (Toplam: 758)
2026-07-29 20:33:44,158 INFO [UserId=16982] Sayfa 10: 50 ürün alındı. (Toplam: 758)
2026-07-29 20:33:44,378 INFO [UserId=16982] Sayfa 11: 50 ürün alındı. (Toplam: 758)
2026-07-29 20:33:44,614 INFO [UserId=16982] Sayfa 12: 50 ürün alındı. (Toplam: 758)
2026-07-29 20:33:44,819 INFO [UserId=16982] Sayfa 13: 50 ürün alındı. (Toplam: 758)
2026-07-29 20:33:45,029 INFO [UserId=16982] Sayfa 14: 50 ürün alındı. (Toplam: 758)
2026-07-29 20:33:45,325 INFO [UserId=16982] Sayfa 15: 50 ürün alındı. (Toplam: 758)
2026-07-29 20:33:45,499 INFO [UserId=16982] Sayfa 16: 8 ürün alındı. (Toplam: 758)
2026-07-29 20:33:45,499 INFO [UserId=16982] Toplam 758 ürün çekildi.
2026-07-29 20:33:45,702 INFO [UserId=19598] Sayfa 1: 50 ürün alındı. (Toplam: 395)
2026-07-29 20:33:45,901 INFO [UserId=19598] Sayfa 2: 50 ürün alındı. (Toplam: 395)
2026-07-29 20:33:46,091 INFO [UserId=19598] Sayfa 3: 50 ürün alındı. (Toplam: 395)
2026-07-29 20:33:46,301 INFO [UserId=19598] Sayfa 4: 50 ürün alındı. (Toplam: 395)
2026-07-29 20:33:46,491 INFO [UserId=19598] Sayfa 5: 50 ürün alındı. (Toplam: 395)
2026-07-29 20:33:46,690 INFO [UserId=19598] Sayfa 6: 50 ürün alındı. (Toplam: 395)
2026-07-29 20:33:46,890 INFO [UserId=19598] Sayfa 7: 50 ürün alındı. (Toplam: 395)
2026-07-29 20:33:47,101 INFO [UserId=19598] Sayfa 8: 45 ürün alındı. (Toplam: 395)
2026-07-29 20:33:47,101 INFO [UserId=19598] Toplam 395 ürün çekildi.
2026-07-29 20:33:47,329 INFO [UserId=21144] Sayfa 1: 50 ürün alındı. (Toplam: 385)
2026-07-29 20:33:47,542 INFO [UserId=21144] Sayfa 2: 50 ürün alındı. (Toplam: 385)
2026-07-29 20:33:47,751 INFO [UserId=21144] Sayfa 3: 50 ürün alındı. (Toplam: 385)
2026-07-29 20:33:47,961 INFO [UserId=21144] Sayfa 4: 50 ürün alındı. (Toplam: 385)
2026-07-29 20:33:48,186 INFO [UserId=21144] Sayfa 5: 50 ürün alındı. (Toplam: 385)
2026-07-29 20:33:48,407 INFO [UserId=21144] Sayfa 6: 50 ürün alındı. (Toplam: 385)
2026-07-29 20:33:48,612 INFO [UserId=21144] Sayfa 7: 50 ürün alındı. (Toplam: 385)
2026-07-29 20:33:48,815 INFO [UserId=21144] Sayfa 8: 35 ürün alındı. (Toplam: 385)
2026-07-29 20:33:48,815 INFO [UserId=21144] Toplam 385 ürün çekildi.
2026-07-29 20:33:49,027 INFO [UserId=184] Sayfa 1: 50 ürün alındı. (Toplam: 495)
2026-07-29 20:33:49,236 INFO [UserId=184] Sayfa 2: 50 ürün alındı. (Toplam: 495)
2026-07-29 20:33:49,448 INFO [UserId=184] Sayfa 3: 50 ürün alındı. (Toplam: 495)
2026-07-29 20:33:49,659 INFO [UserId=184] Sayfa 4: 50 ürün alındı. (Toplam: 495)
2026-07-29 20:33:49,873 INFO [UserId=184] Sayfa 5: 50 ürün alındı. (Toplam: 495)
2026-07-29 20:33:50,103 INFO [UserId=184] Sayfa 6: 50 ürün alındı. (Toplam: 495)
2026-07-29 20:33:50,357 INFO [UserId=184] Sayfa 7: 50 ürün alındı. (Toplam: 495)
2026-07-29 20:33:50,602 INFO [UserId=184] Sayfa 8: 50 ürün alındı. (Toplam: 495)
2026-07-29 20:33:50,824 INFO [UserId=184] Sayfa 9: 50 ürün alındı. (Toplam: 495)
2026-07-29 20:33:51,026 INFO [UserId=184] Sayfa 10: 45 ürün alındı. (Toplam: 495)
2026-07-29 20:33:51,027 INFO [UserId=184] Toplam 495 ürün çekildi.
2026-07-29 20:33:51,247 INFO [UserId=1735] Sayfa 1: 50 ürün alındı. (Toplam: 281)
2026-07-29 20:33:51,455 INFO [UserId=1735] Sayfa 2: 50 ürün alındı. (Toplam: 281)
2026-07-29 20:33:51,657 INFO [UserId=1735] Sayfa 3: 50 ürün alındı. (Toplam: 281)
2026-07-29 20:33:51,946 INFO [UserId=1735] Sayfa 4: 50 ürün alındı. (Toplam: 281)
2026-07-29 20:33:52,150 INFO [UserId=1735] Sayfa 5: 50 ürün alındı. (Toplam: 281)
2026-07-29 20:33:52,330 INFO [UserId=1735] Sayfa 6: 31 ürün alındı. (Toplam: 281)
2026-07-29 20:33:52,330 INFO [UserId=1735] Toplam 281 ürün çekildi.
2026-07-29 20:33:52,537 INFO [UserId=11197] Sayfa 1: 50 ürün alındı. (Toplam: 197)
2026-07-29 20:33:52,742 INFO [UserId=11197] Sayfa 2: 50 ürün alındı. (Toplam: 197)
2026-07-29 20:33:53,021 INFO [UserId=11197] Sayfa 3: 50 ürün alındı. (Toplam: 197)
2026-07-29 20:33:53,226 INFO [UserId=11197] Sayfa 4: 47 ürün alındı. (Toplam: 197)
2026-07-29 20:33:53,226 INFO [UserId=11197] Toplam 197 ürün çekildi.
2026-07-29 20:33:53,441 INFO [UserId=759] Sayfa 1: 50 ürün alındı. (Toplam: 355)
2026-07-29 20:33:53,647 INFO [UserId=759] Sayfa 2: 50 ürün alındı. (Toplam: 355)
2026-07-29 20:33:53,854 INFO [UserId=759] Sayfa 3: 50 ürün alındı. (Toplam: 355)
2026-07-29 20:33:54,070 INFO [UserId=759] Sayfa 4: 50 ürün alındı. (Toplam: 355)
2026-07-29 20:33:54,288 INFO [UserId=759] Sayfa 5: 50 ürün alındı. (Toplam: 355)
2026-07-29 20:33:54,490 INFO [UserId=759] Sayfa 6: 50 ürün alındı. (Toplam: 355)
2026-07-29 20:33:54,698 INFO [UserId=759] Sayfa 7: 50 ürün alındı. (Toplam: 355)
2026-07-29 20:33:54,865 INFO [UserId=759] Sayfa 8: 5 ürün alındı. (Toplam: 355)
2026-07-29 20:33:54,865 INFO [UserId=759] Toplam 355 ürün çekildi.
2026-07-29 20:33:55,083 INFO [UserId=18] Sayfa 1: 50 ürün alındı. (Toplam: 1076)
2026-07-29 20:33:55,317 INFO [UserId=18] Sayfa 2: 50 ürün alındı. (Toplam: 1076)
2026-07-29 20:33:55,537 INFO [UserId=18] Sayfa 3: 50 ürün alındı. (Toplam: 1076)
2026-07-29 20:33:55,768 INFO [UserId=18] Sayfa 4: 50 ürün alındı. (Toplam: 1076)
2026-07-29 20:33:55,988 INFO [UserId=18] Sayfa 5: 50 ürün alındı. (Toplam: 1076)
2026-07-29 20:33:56,218 INFO [UserId=18] Sayfa 6: 50 ürün alındı. (Toplam: 1076)
2026-07-29 20:33:56,444 INFO [UserId=18] Sayfa 7: 50 ürün alındı. (Toplam: 1076)
2026-07-29 20:33:56,671 INFO [UserId=18] Sayfa 8: 50 ürün alındı. (Toplam: 1076)
2026-07-29 20:33:56,897 INFO [UserId=18] Sayfa 9: 50 ürün alındı. (Toplam: 1076)
2026-07-29 20:33:57,113 INFO [UserId=18] Sayfa 10: 50 ürün alındı. (Toplam: 1076)
2026-07-29 20:33:57,330 INFO [UserId=18] Sayfa 11: 50 ürün alındı. (Toplam: 1076)
2026-07-29 20:33:57,560 INFO [UserId=18] Sayfa 12: 50 ürün alındı. (Toplam: 1076)
2026-07-29 20:33:57,809 INFO [UserId=18] Sayfa 13: 50 ürün alındı. (Toplam: 1076)
2026-07-29 20:33:58,057 INFO [UserId=18] Sayfa 14: 50 ürün alındı. (Toplam: 1076)
2026-07-29 20:33:58,285 INFO [UserId=18] Sayfa 15: 50 ürün alındı. (Toplam: 1076)
2026-07-29 20:33:58,499 INFO [UserId=18] Sayfa 16: 50 ürün alındı. (Toplam: 1076)
2026-07-29 20:33:58,725 INFO [UserId=18] Sayfa 17: 50 ürün alındı. (Toplam: 1076)
2026-07-29 20:33:58,960 INFO [UserId=18] Sayfa 18: 50 ürün alındı. (Toplam: 1076)
2026-07-29 20:33:59,193 INFO [UserId=18] Sayfa 19: 50 ürün alındı. (Toplam: 1076)
2026-07-29 20:33:59,410 INFO [UserId=18] Sayfa 20: 50 ürün alındı. (Toplam: 1076)
2026-07-29 20:33:59,620 INFO [UserId=18] Sayfa 21: 50 ürün alındı. (Toplam: 1076)
2026-07-29 20:33:59,827 INFO [UserId=18] Sayfa 22: 26 ürün alındı. (Toplam: 1076)
2026-07-29 20:33:59,828 INFO [UserId=18] Toplam 1076 ürün çekildi.
2026-07-29 20:33:59,866 INFO Varyantlı XML feed yazıldı: docs/ecza1-feed.xml (4577 satır / varyant)
2026-07-29 20:33:59,868 INFO Tüm mağazalar için senkronizasyon tamamlandı.
2026-07-30 00:15:38,038 INFO Giriş başarılı (302 yönlendirme -> /).
2026-07-30 00:16:33,110 INFO Kategori/marka tablosu hazır: 660 kategori, 3312 marka bulundu.
2026-07-30 00:16:33,328 INFO [UserId=7982] Sayfa 1: 50 ürün alındı. (Toplam: 634)
2026-07-30 00:16:33,540 INFO [UserId=7982] Sayfa 2: 50 ürün alındı. (Toplam: 634)
2026-07-30 00:16:33,760 INFO [UserId=7982] Sayfa 3: 50 ürün alındı. (Toplam: 634)
2026-07-30 00:16:33,973 INFO [UserId=7982] Sayfa 4: 50 ürün alındı. (Toplam: 634)
2026-07-30 00:16:34,191 INFO [UserId=7982] Sayfa 5: 50 ürün alındı. (Toplam: 634)
2026-07-30 00:16:34,398 INFO [UserId=7982] Sayfa 6: 50 ürün alındı. (Toplam: 634)
2026-07-30 00:16:34,664 INFO [UserId=7982] Sayfa 7: 50 ürün alındı. (Toplam: 634)
2026-07-30 00:16:34,880 INFO [UserId=7982] Sayfa 8: 50 ürün alındı. (Toplam: 634)
2026-07-30 00:16:35,092 INFO [UserId=7982] Sayfa 9: 50 ürün alındı. (Toplam: 634)
2026-07-30 00:16:35,313 INFO [UserId=7982] Sayfa 10: 50 ürün alındı. (Toplam: 634)
2026-07-30 00:16:35,519 INFO [UserId=7982] Sayfa 11: 50 ürün alındı. (Toplam: 634)
2026-07-30 00:16:35,730 INFO [UserId=7982] Sayfa 12: 50 ürün alındı. (Toplam: 634)
2026-07-30 00:16:35,932 INFO [UserId=7982] Sayfa 13: 34 ürün alındı. (Toplam: 634)
2026-07-30 00:16:35,932 INFO [UserId=7982] Toplam 634 ürün çekildi.
2026-07-30 00:16:36,145 INFO [UserId=16982] Sayfa 1: 50 ürün alındı. (Toplam: 758)
2026-07-30 00:16:36,360 INFO [UserId=16982] Sayfa 2: 50 ürün alındı. (Toplam: 758)
2026-07-30 00:16:36,581 INFO [UserId=16982] Sayfa 3: 50 ürün alındı. (Toplam: 758)
2026-07-30 00:16:36,806 INFO [UserId=16982] Sayfa 4: 50 ürün alındı. (Toplam: 758)
2026-07-30 00:16:37,000 INFO [UserId=16982] Sayfa 5: 50 ürün alındı. (Toplam: 758)
2026-07-30 00:16:37,205 INFO [UserId=16982] Sayfa 6: 50 ürün alındı. (Toplam: 758)
2026-07-30 00:16:37,412 INFO [UserId=16982] Sayfa 7: 50 ürün alındı. (Toplam: 758)
2026-07-30 00:16:37,631 INFO [UserId=16982] Sayfa 8: 50 ürün alındı. (Toplam: 758)
2026-07-30 00:16:37,857 INFO [UserId=16982] Sayfa 9: 50 ürün alındı. (Toplam: 758)
2026-07-30 00:16:38,071 INFO [UserId=16982] Sayfa 10: 50 ürün alındı. (Toplam: 758)
2026-07-30 00:16:38,295 INFO [UserId=16982] Sayfa 11: 50 ürün alındı. (Toplam: 758)
2026-07-30 00:16:38,542 INFO [UserId=16982] Sayfa 12: 50 ürün alındı. (Toplam: 758)
2026-07-30 00:16:38,750 INFO [UserId=16982] Sayfa 13: 50 ürün alındı. (Toplam: 758)
2026-07-30 00:16:38,973 INFO [UserId=16982] Sayfa 14: 50 ürün alındı. (Toplam: 758)
2026-07-30 00:16:39,191 INFO [UserId=16982] Sayfa 15: 50 ürün alındı. (Toplam: 758)
2026-07-30 00:16:39,376 INFO [UserId=16982] Sayfa 16: 8 ürün alındı. (Toplam: 758)
2026-07-30 00:16:39,376 INFO [UserId=16982] Toplam 758 ürün çekildi.
2026-07-30 00:16:39,572 INFO [UserId=19598] Sayfa 1: 50 ürün alındı. (Toplam: 395)
2026-07-30 00:16:39,772 INFO [UserId=19598] Sayfa 2: 50 ürün alındı. (Toplam: 395)
2026-07-30 00:16:39,970 INFO [UserId=19598] Sayfa 3: 50 ürün alındı. (Toplam: 395)
2026-07-30 00:16:40,167 INFO [UserId=19598] Sayfa 4: 50 ürün alındı. (Toplam: 395)
2026-07-30 00:16:40,363 INFO [UserId=19598] Sayfa 5: 50 ürün alındı. (Toplam: 395)
2026-07-30 00:16:40,572 INFO [UserId=19598] Sayfa 6: 50 ürün alındı. (Toplam: 395)
2026-07-30 00:16:40,774 INFO [UserId=19598] Sayfa 7: 50 ürün alındı. (Toplam: 395)
2026-07-30 00:16:40,989 INFO [UserId=19598] Sayfa 8: 45 ürün alındı. (Toplam: 395)
2026-07-30 00:16:40,989 INFO [UserId=19598] Toplam 395 ürün çekildi.
2026-07-30 00:16:41,207 INFO [UserId=21144] Sayfa 1: 50 ürün alındı. (Toplam: 385)
2026-07-30 00:16:41,422 INFO [UserId=21144] Sayfa 2: 50 ürün alındı. (Toplam: 385)
2026-07-30 00:16:41,635 INFO [UserId=21144] Sayfa 3: 50 ürün alındı. (Toplam: 385)
2026-07-30 00:16:41,853 INFO [UserId=21144] Sayfa 4: 50 ürün alındı. (Toplam: 385)
2026-07-30 00:16:42,082 INFO [UserId=21144] Sayfa 5: 50 ürün alındı. (Toplam: 385)
2026-07-30 00:16:42,312 INFO [UserId=21144] Sayfa 6: 50 ürün alındı. (Toplam: 385)
2026-07-30 00:16:42,523 INFO [UserId=21144] Sayfa 7: 50 ürün alındı. (Toplam: 385)
2026-07-30 00:16:42,720 INFO [UserId=21144] Sayfa 8: 35 ürün alındı. (Toplam: 385)
2026-07-30 00:16:42,721 INFO [UserId=21144] Toplam 385 ürün çekildi.
2026-07-30 00:16:42,947 INFO [UserId=184] Sayfa 1: 50 ürün alındı. (Toplam: 495)
2026-07-30 00:16:43,168 INFO [UserId=184] Sayfa 2: 50 ürün alındı. (Toplam: 495)
2026-07-30 00:16:43,394 INFO [UserId=184] Sayfa 3: 50 ürün alındı. (Toplam: 495)
2026-07-30 00:16:43,622 INFO [UserId=184] Sayfa 4: 50 ürün alındı. (Toplam: 495)
2026-07-30 00:16:43,834 INFO [UserId=184] Sayfa 5: 50 ürün alındı. (Toplam: 495)
2026-07-30 00:16:44,080 INFO [UserId=184] Sayfa 6: 50 ürün alındı. (Toplam: 495)
2026-07-30 00:16:44,336 INFO [UserId=184] Sayfa 7: 50 ürün alındı. (Toplam: 495)
2026-07-30 00:16:44,576 INFO [UserId=184] Sayfa 8: 50 ürün alındı. (Toplam: 495)
2026-07-30 00:16:44,798 INFO [UserId=184] Sayfa 9: 50 ürün alındı. (Toplam: 495)
2026-07-30 00:16:45,009 INFO [UserId=184] Sayfa 10: 45 ürün alındı. (Toplam: 495)
2026-07-30 00:16:45,009 INFO [UserId=184] Toplam 495 ürün çekildi.
2026-07-30 00:16:45,209 INFO [UserId=1735] Sayfa 1: 50 ürün alındı. (Toplam: 281)
2026-07-30 00:16:45,421 INFO [UserId=1735] Sayfa 2: 50 ürün alındı. (Toplam: 281)
2026-07-30 00:16:45,625 INFO [UserId=1735] Sayfa 3: 50 ürün alındı. (Toplam: 281)
2026-07-30 00:16:45,841 INFO [UserId=1735] Sayfa 4: 50 ürün alındı. (Toplam: 281)
2026-07-30 00:16:46,045 INFO [UserId=1735] Sayfa 5: 50 ürün alındı. (Toplam: 281)
2026-07-30 00:16:46,228 INFO [UserId=1735] Sayfa 6: 31 ürün alındı. (Toplam: 281)
2026-07-30 00:16:46,228 INFO [UserId=1735] Toplam 281 ürün çekildi.
2026-07-30 00:16:46,433 INFO [UserId=11197] Sayfa 1: 50 ürün alındı. (Toplam: 197)
2026-07-30 00:16:46,638 INFO [UserId=11197] Sayfa 2: 50 ürün alındı. (Toplam: 197)
2026-07-30 00:16:46,847 INFO [UserId=11197] Sayfa 3: 50 ürün alındı. (Toplam: 197)
2026-07-30 00:16:47,050 INFO [UserId=11197] Sayfa 4: 47 ürün alındı. (Toplam: 197)
2026-07-30 00:16:47,051 INFO [UserId=11197] Toplam 197 ürün çekildi.
2026-07-30 00:16:47,263 INFO [UserId=759] Sayfa 1: 50 ürün alındı. (Toplam: 355)
2026-07-30 00:16:47,471 INFO [UserId=759] Sayfa 2: 50 ürün alındı. (Toplam: 355)
2026-07-30 00:16:47,682 INFO [UserId=759] Sayfa 3: 50 ürün alındı. (Toplam: 355)
2026-07-30 00:16:47,905 INFO [UserId=759] Sayfa 4: 50 ürün alındı. (Toplam: 355)
2026-07-30 00:16:48,122 INFO [UserId=759] Sayfa 5: 50 ürün alındı. (Toplam: 355)
2026-07-30 00:16:48,337 INFO [UserId=759] Sayfa 6: 50 ürün alındı. (Toplam: 355)
2026-07-30 00:16:48,560 INFO [UserId=759] Sayfa 7: 50 ürün alındı. (Toplam: 355)
2026-07-30 00:16:48,731 INFO [UserId=759] Sayfa 8: 5 ürün alındı. (Toplam: 355)
2026-07-30 00:16:48,731 INFO [UserId=759] Toplam 355 ürün çekildi.
2026-07-30 00:16:48,965 INFO [UserId=18] Sayfa 1: 50 ürün alındı. (Toplam: 1075)
2026-07-30 00:16:49,202 INFO [UserId=18] Sayfa 2: 50 ürün alındı. (Toplam: 1075)
2026-07-30 00:16:49,431 INFO [UserId=18] Sayfa 3: 50 ürün alındı. (Toplam: 1075)
2026-07-30 00:16:49,660 INFO [UserId=18] Sayfa 4: 50 ürün alındı. (Toplam: 1075)
2026-07-30 00:16:49,870 INFO [UserId=18] Sayfa 5: 50 ürün alındı. (Toplam: 1075)
2026-07-30 00:16:50,094 INFO [UserId=18] Sayfa 6: 50 ürün alındı. (Toplam: 1075)
2026-07-30 00:16:50,308 INFO [UserId=18] Sayfa 7: 50 ürün alındı. (Toplam: 1075)
2026-07-30 00:16:50,533 INFO [UserId=18] Sayfa 8: 50 ürün alındı. (Toplam: 1075)
2026-07-30 00:16:50,759 INFO [UserId=18] Sayfa 9: 50 ürün alındı. (Toplam: 1075)
2026-07-30 00:16:50,983 INFO [UserId=18] Sayfa 10: 50 ürün alındı. (Toplam: 1075)
2026-07-30 00:16:51,212 INFO [UserId=18] Sayfa 11: 50 ürün alındı. (Toplam: 1075)
2026-07-30 00:16:51,443 INFO [UserId=18] Sayfa 12: 50 ürün alındı. (Toplam: 1075)
2026-07-30 00:16:51,699 INFO [UserId=18] Sayfa 13: 50 ürün alındı. (Toplam: 1075)
2026-07-30 00:16:51,949 INFO [UserId=18] Sayfa 14: 50 ürün alındı. (Toplam: 1075)
2026-07-30 00:16:52,183 INFO [UserId=18] Sayfa 15: 50 ürün alındı. (Toplam: 1075)
2026-07-30 00:16:52,405 INFO [UserId=18] Sayfa 16: 50 ürün alındı. (Toplam: 1075)
2026-07-30 00:16:52,631 INFO [UserId=18] Sayfa 17: 50 ürün alındı. (Toplam: 1075)
2026-07-30 00:16:52,858 INFO [UserId=18] Sayfa 18: 50 ürün alındı. (Toplam: 1075)
2026-07-30 00:16:53,081 INFO [UserId=18] Sayfa 19: 50 ürün alındı. (Toplam: 1075)
2026-07-30 00:16:53,305 INFO [UserId=18] Sayfa 20: 50 ürün alındı. (Toplam: 1075)
2026-07-30 00:16:53,515 INFO [UserId=18] Sayfa 21: 50 ürün alındı. (Toplam: 1075)
2026-07-30 00:16:53,721 INFO [UserId=18] Sayfa 22: 25 ürün alındı. (Toplam: 1075)
2026-07-30 00:16:53,721 INFO [UserId=18] Toplam 1075 ürün çekildi.
2026-07-30 00:16:53,761 INFO Varyantlı XML feed yazıldı: docs/ecza1-feed.xml (4575 satır / varyant)
2026-07-30 00:16:53,762 INFO Tüm mağazalar için senkronizasyon tamamlandı.
2026-07-30 10:03:51,679 INFO Giriş başarılı (302 yönlendirme -> /).
2026-07-30 10:05:06,128 INFO Kategori/marka tablosu hazır: 659 kategori, 3310 marka bulundu.
2026-07-30 10:05:06,351 INFO [UserId=7982] Sayfa 1: 50 ürün alındı. (Toplam: 631)
2026-07-30 10:05:06,571 INFO [UserId=7982] Sayfa 2: 50 ürün alındı. (Toplam: 631)
2026-07-30 10:05:06,803 INFO [UserId=7982] Sayfa 3: 50 ürün alındı. (Toplam: 631)
2026-07-30 10:05:07,026 INFO [UserId=7982] Sayfa 4: 50 ürün alındı. (Toplam: 631)
2026-07-30 10:05:07,271 INFO [UserId=7982] Sayfa 5: 50 ürün alındı. (Toplam: 631)
2026-07-30 10:05:07,519 INFO [UserId=7982] Sayfa 6: 50 ürün alındı. (Toplam: 631)
2026-07-30 10:05:07,757 INFO [UserId=7982] Sayfa 7: 50 ürün alındı. (Toplam: 631)
2026-07-30 10:05:07,977 INFO [UserId=7982] Sayfa 8: 50 ürün alındı. (Toplam: 631)
2026-07-30 10:05:08,234 INFO [UserId=7982] Sayfa 9: 50 ürün alındı. (Toplam: 631)
2026-07-30 10:05:08,487 INFO [UserId=7982] Sayfa 10: 50 ürün alındı. (Toplam: 631)
2026-07-30 10:05:08,694 INFO [UserId=7982] Sayfa 11: 50 ürün alındı. (Toplam: 631)
2026-07-30 10:05:08,908 INFO [UserId=7982] Sayfa 12: 50 ürün alındı. (Toplam: 631)
2026-07-30 10:05:09,114 INFO [UserId=7982] Sayfa 13: 31 ürün alındı. (Toplam: 631)
2026-07-30 10:05:09,114 INFO [UserId=7982] Toplam 631 ürün çekildi.
2026-07-30 10:05:09,399 INFO [UserId=16982] Sayfa 1: 50 ürün alındı. (Toplam: 758)
2026-07-30 10:05:09,620 INFO [UserId=16982] Sayfa 2: 50 ürün alındı. (Toplam: 758)
2026-07-30 10:05:09,846 INFO [UserId=16982] Sayfa 3: 50 ürün alındı. (Toplam: 758)
2026-07-30 10:05:10,075 INFO [UserId=16982] Sayfa 4: 50 ürün alındı. (Toplam: 758)
2026-07-30 10:05:10,332 INFO [UserId=16982] Sayfa 5: 50 ürün alındı. (Toplam: 758)
2026-07-30 10:05:10,552 INFO [UserId=16982] Sayfa 6: 50 ürün alındı. (Toplam: 758)
2026-07-30 10:05:10,768 INFO [UserId=16982] Sayfa 7: 50 ürün alındı. (Toplam: 758)
2026-07-30 10:05:11,002 INFO [UserId=16982] Sayfa 8: 50 ürün alındı. (Toplam: 758)
2026-07-30 10:05:11,231 INFO [UserId=16982] Sayfa 9: 50 ürün alındı. (Toplam: 758)
2026-07-30 10:05:11,478 INFO [UserId=16982] Sayfa 10: 50 ürün alındı. (Toplam: 758)
2026-07-30 10:05:11,816 INFO [UserId=16982] Sayfa 11: 50 ürün alındı. (Toplam: 758)
2026-07-30 10:05:12,167 INFO [UserId=16982] Sayfa 12: 50 ürün alındı. (Toplam: 758)
2026-07-30 10:05:12,441 INFO [UserId=16982] Sayfa 13: 50 ürün alındı. (Toplam: 758)
2026-07-30 10:05:12,657 INFO [UserId=16982] Sayfa 14: 50 ürün alındı. (Toplam: 758)
2026-07-30 10:05:12,889 INFO [UserId=16982] Sayfa 15: 50 ürün alındı. (Toplam: 758)
2026-07-30 10:05:13,072 INFO [UserId=16982] Sayfa 16: 8 ürün alındı. (Toplam: 758)
2026-07-30 10:05:13,072 INFO [UserId=16982] Toplam 758 ürün çekildi.
2026-07-30 10:05:13,300 INFO [UserId=19598] Sayfa 1: 50 ürün alındı. (Toplam: 394)
2026-07-30 10:05:13,506 INFO [UserId=19598] Sayfa 2: 50 ürün alındı. (Toplam: 394)
2026-07-30 10:05:13,705 INFO [UserId=19598] Sayfa 3: 50 ürün alındı. (Toplam: 394)
2026-07-30 10:05:13,913 INFO [UserId=19598] Sayfa 4: 50 ürün alındı. (Toplam: 394)
2026-07-30 10:05:14,109 INFO [UserId=19598] Sayfa 5: 50 ürün alındı. (Toplam: 394)
2026-07-30 10:05:14,312 INFO [UserId=19598] Sayfa 6: 50 ürün alındı. (Toplam: 394)
2026-07-30 10:05:14,519 INFO [UserId=19598] Sayfa 7: 50 ürün alındı. (Toplam: 394)
2026-07-30 10:05:14,761 INFO [UserId=19598] Sayfa 8: 44 ürün alındı. (Toplam: 394)
2026-07-30 10:05:14,761 INFO [UserId=19598] Toplam 394 ürün çekildi.
2026-07-30 10:05:14,992 INFO [UserId=21144] Sayfa 1: 50 ürün alındı. (Toplam: 384)
2026-07-30 10:05:15,212 INFO [UserId=21144] Sayfa 2: 50 ürün alındı. (Toplam: 384)
2026-07-30 10:05:15,427 INFO [UserId=21144] Sayfa 3: 50 ürün alındı. (Toplam: 384)
2026-07-30 10:05:15,676 INFO [UserId=21144] Sayfa 4: 50 ürün alındı. (Toplam: 384)
2026-07-30 10:05:15,907 INFO [UserId=21144] Sayfa 5: 50 ürün alındı. (Toplam: 384)
2026-07-30 10:05:16,128 INFO [UserId=21144] Sayfa 6: 50 ürün alındı. (Toplam: 384)
2026-07-30 10:05:16,365 INFO [UserId=21144] Sayfa 7: 50 ürün alındı. (Toplam: 384)
2026-07-30 10:05:16,568 INFO [UserId=21144] Sayfa 8: 34 ürün alındı. (Toplam: 384)
2026-07-30 10:05:16,568 INFO [UserId=21144] Toplam 384 ürün çekildi.
2026-07-30 10:05:16,792 INFO [UserId=184] Sayfa 1: 50 ürün alındı. (Toplam: 494)
2026-07-30 10:05:17,016 INFO [UserId=184] Sayfa 2: 50 ürün alındı. (Toplam: 494)
2026-07-30 10:05:17,294 INFO [UserId=184] Sayfa 3: 50 ürün alındı. (Toplam: 494)
2026-07-30 10:05:17,543 INFO [UserId=184] Sayfa 4: 50 ürün alındı. (Toplam: 494)
2026-07-30 10:05:17,840 INFO [UserId=184] Sayfa 5: 50 ürün alındı. (Toplam: 494)
2026-07-30 10:05:18,079 INFO [UserId=184] Sayfa 6: 50 ürün alındı. (Toplam: 494)
2026-07-30 10:05:18,335 INFO [UserId=184] Sayfa 7: 50 ürün alındı. (Toplam: 494)
2026-07-30 10:05:18,571 INFO [UserId=184] Sayfa 8: 50 ürün alındı. (Toplam: 494)
2026-07-30 10:05:18,795 INFO [UserId=184] Sayfa 9: 50 ürün alındı. (Toplam: 494)
2026-07-30 10:05:19,006 INFO [UserId=184] Sayfa 10: 44 ürün alındı. (Toplam: 494)
2026-07-30 10:05:19,006 INFO [UserId=184] Toplam 494 ürün çekildi.
2026-07-30 10:05:19,209 INFO [UserId=1735] Sayfa 1: 50 ürün alındı. (Toplam: 285)
2026-07-30 10:05:19,429 INFO [UserId=1735] Sayfa 2: 50 ürün alındı. (Toplam: 285)
2026-07-30 10:05:19,640 INFO [UserId=1735] Sayfa 3: 50 ürün alındı. (Toplam: 285)
2026-07-30 10:05:19,866 INFO [UserId=1735] Sayfa 4: 50 ürün alındı. (Toplam: 285)
2026-07-30 10:05:20,101 INFO [UserId=1735] Sayfa 5: 50 ürün alındı. (Toplam: 285)
2026-07-30 10:05:20,293 INFO [UserId=1735] Sayfa 6: 35 ürün alındı. (Toplam: 285)
2026-07-30 10:05:20,294 INFO [UserId=1735] Toplam 285 ürün çekildi.
2026-07-30 10:05:20,510 INFO [UserId=11197] Sayfa 1: 50 ürün alındı. (Toplam: 203)
2026-07-30 10:05:20,724 INFO [UserId=11197] Sayfa 2: 50 ürün alındı. (Toplam: 203)
2026-07-30 10:05:20,938 INFO [UserId=11197] Sayfa 3: 50 ürün alındı. (Toplam: 203)
2026-07-30 10:05:21,170 INFO [UserId=11197] Sayfa 4: 50 ürün alındı. (Toplam: 203)
2026-07-30 10:05:21,344 INFO [UserId=11197] Sayfa 5: 3 ürün alındı. (Toplam: 203)
2026-07-30 10:05:21,344 INFO [UserId=11197] Toplam 203 ürün çekildi.
2026-07-30 10:05:21,568 INFO [UserId=759] Sayfa 1: 50 ürün alındı. (Toplam: 383)
2026-07-30 10:05:21,786 INFO [UserId=759] Sayfa 2: 50 ürün alındı. (Toplam: 383)
2026-07-30 10:05:22,005 INFO [UserId=759] Sayfa 3: 50 ürün alındı. (Toplam: 383)
2026-07-30 10:05:22,222 INFO [UserId=759] Sayfa 4: 50 ürün alındı. (Toplam: 383)
2026-07-30 10:05:22,486 INFO [UserId=759] Sayfa 5: 50 ürün alındı. (Toplam: 383)
2026-07-30 10:05:22,710 INFO [UserId=759] Sayfa 6: 50 ürün alındı. (Toplam: 383)
2026-07-30 10:05:22,925 INFO [UserId=759] Sayfa 7: 50 ürün alındı. (Toplam: 383)
2026-07-30 10:05:23,130 INFO [UserId=759] Sayfa 8: 33 ürün alındı. (Toplam: 383)
2026-07-30 10:05:23,130 INFO [UserId=759] Toplam 383 ürün çekildi.
2026-07-30 10:05:23,363 INFO [UserId=18] Sayfa 1: 50 ürün alındı. (Toplam: 1097)
2026-07-30 10:05:23,596 INFO [UserId=18] Sayfa 2: 50 ürün alındı. (Toplam: 1097)
2026-07-30 10:05:23,828 INFO [UserId=18] Sayfa 3: 50 ürün alındı. (Toplam: 1097)
2026-07-30 10:05:24,056 INFO [UserId=18] Sayfa 4: 50 ürün alındı. (Toplam: 1097)
2026-07-30 10:05:24,277 INFO [UserId=18] Sayfa 5: 50 ürün alındı. (Toplam: 1097)
2026-07-30 10:05:24,506 INFO [UserId=18] Sayfa 6: 50 ürün alındı. (Toplam: 1097)
2026-07-30 10:05:24,723 INFO [UserId=18] Sayfa 7: 50 ürün alındı. (Toplam: 1097)
2026-07-30 10:05:24,950 INFO [UserId=18] Sayfa 8: 50 ürün alındı. (Toplam: 1097)
2026-07-30 10:05:25,190 INFO [UserId=18] Sayfa 9: 50 ürün alındı. (Toplam: 1097)
2026-07-30 10:05:25,468 INFO [UserId=18] Sayfa 10: 50 ürün alındı. (Toplam: 1097)
2026-07-30 10:05:25,765 INFO [UserId=18] Sayfa 11: 50 ürün alındı. (Toplam: 1097)
2026-07-30 10:05:26,001 INFO [UserId=18] Sayfa 12: 50 ürün alındı. (Toplam: 1097)
2026-07-30 10:05:26,280 INFO [UserId=18] Sayfa 13: 50 ürün alındı. (Toplam: 1097)
2026-07-30 10:05:26,541 INFO [UserId=18] Sayfa 14: 50 ürün alındı. (Toplam: 1097)
2026-07-30 10:05:26,787 INFO [UserId=18] Sayfa 15: 50 ürün alındı. (Toplam: 1097)
2026-07-30 10:05:27,017 INFO [UserId=18] Sayfa 16: 50 ürün alındı. (Toplam: 1097)
2026-07-30 10:05:27,253 INFO [UserId=18] Sayfa 17: 50 ürün alındı. (Toplam: 1097)
2026-07-30 10:05:27,493 INFO [UserId=18] Sayfa 18: 50 ürün alındı. (Toplam: 1097)
2026-07-30 10:05:27,729 INFO [UserId=18] Sayfa 19: 50 ürün alındı. (Toplam: 1097)
2026-07-30 10:05:27,967 INFO [UserId=18] Sayfa 20: 50 ürün alındı. (Toplam: 1097)
2026-07-30 10:05:28,197 INFO [UserId=18] Sayfa 21: 50 ürün alındı. (Toplam: 1097)
2026-07-30 10:05:28,429 INFO [UserId=18] Sayfa 22: 47 ürün alındı. (Toplam: 1097)
2026-07-30 10:05:28,429 INFO [UserId=18] Toplam 1097 ürün çekildi.
2026-07-30 10:05:28,467 INFO Varyantlı XML feed yazıldı: docs/ecza1-feed.xml (4629 satır / varyant)
2026-07-30 10:05:28,469 INFO Tüm mağazalar için senkronizasyon tamamlandı.
2026-07-30 16:17:37,144 INFO Giriş başarılı (302 yönlendirme -> /).
2026-07-30 16:18:43,892 INFO Kategori/marka tablosu hazır: 659 kategori, 3310 marka bulundu.
2026-07-30 16:18:44,161 INFO [UserId=7982] Sayfa 1: 50 ürün alındı. (Toplam: 626)
2026-07-30 16:18:44,421 INFO [UserId=7982] Sayfa 2: 50 ürün alındı. (Toplam: 626)
2026-07-30 16:18:44,687 INFO [UserId=7982] Sayfa 3: 50 ürün alındı. (Toplam: 626)
2026-07-30 16:18:44,955 INFO [UserId=7982] Sayfa 4: 50 ürün alındı. (Toplam: 626)
2026-07-30 16:18:45,233 INFO [UserId=7982] Sayfa 5: 50 ürün alındı. (Toplam: 626)
2026-07-30 16:18:45,499 INFO [UserId=7982] Sayfa 6: 50 ürün alındı. (Toplam: 626)
2026-07-30 16:18:45,774 INFO [UserId=7982] Sayfa 7: 50 ürün alındı. (Toplam: 626)
2026-07-30 16:18:46,048 INFO [UserId=7982] Sayfa 8: 50 ürün alındı. (Toplam: 626)
2026-07-30 16:18:46,315 INFO [UserId=7982] Sayfa 9: 50 ürün alındı. (Toplam: 626)
2026-07-30 16:18:46,584 INFO [UserId=7982] Sayfa 10: 50 ürün alındı. (Toplam: 626)
2026-07-30 16:18:46,837 INFO [UserId=7982] Sayfa 11: 50 ürün alındı. (Toplam: 626)
2026-07-30 16:18:47,096 INFO [UserId=7982] Sayfa 12: 50 ürün alındı. (Toplam: 626)
2026-07-30 16:18:47,343 INFO [UserId=7982] Sayfa 13: 26 ürün alındı. (Toplam: 626)
2026-07-30 16:18:47,343 INFO [UserId=7982] Toplam 626 ürün çekildi.
2026-07-30 16:18:47,617 INFO [UserId=16982] Sayfa 1: 50 ürün alındı. (Toplam: 751)
2026-07-30 16:18:47,900 INFO [UserId=16982] Sayfa 2: 50 ürün alındı. (Toplam: 751)
2026-07-30 16:18:48,174 INFO [UserId=16982] Sayfa 3: 50 ürün alındı. (Toplam: 751)
2026-07-30 16:18:48,449 INFO [UserId=16982] Sayfa 4: 50 ürün alındı. (Toplam: 751)
2026-07-30 16:18:48,698 INFO [UserId=16982] Sayfa 5: 50 ürün alındı. (Toplam: 751)
2026-07-30 16:18:48,961 INFO [UserId=16982] Sayfa 6: 50 ürün alındı. (Toplam: 751)
2026-07-30 16:18:49,226 INFO [UserId=16982] Sayfa 7: 50 ürün alındı. (Toplam: 751)
2026-07-30 16:18:49,505 INFO [UserId=16982] Sayfa 8: 50 ürün alındı. (Toplam: 751)
2026-07-30 16:18:49,788 INFO [UserId=16982] Sayfa 9: 50 ürün alındı. (Toplam: 751)
2026-07-30 16:18:50,057 INFO [UserId=16982] Sayfa 10: 50 ürün alındı. (Toplam: 751)
2026-07-30 16:18:50,336 INFO [UserId=16982] Sayfa 11: 50 ürün alındı. (Toplam: 751)
2026-07-30 16:18:50,631 INFO [UserId=16982] Sayfa 12: 50 ürün alındı. (Toplam: 751)
2026-07-30 16:18:50,895 INFO [UserId=16982] Sayfa 13: 50 ürün alındı. (Toplam: 751)
2026-07-30 16:18:51,165 INFO [UserId=16982] Sayfa 14: 50 ürün alındı. (Toplam: 751)
2026-07-30 16:18:51,441 INFO [UserId=16982] Sayfa 15: 50 ürün alındı. (Toplam: 751)
2026-07-30 16:18:51,692 INFO [UserId=16982] Sayfa 16: 1 ürün alındı. (Toplam: 751)
2026-07-30 16:18:51,692 INFO [UserId=16982] Toplam 751 ürün çekildi.
2026-07-30 16:18:51,942 INFO [UserId=19598] Sayfa 1: 50 ürün alındı. (Toplam: 392)
2026-07-30 16:18:52,199 INFO [UserId=19598] Sayfa 2: 50 ürün alındı. (Toplam: 392)
2026-07-30 16:18:52,444 INFO [UserId=19598] Sayfa 3: 50 ürün alındı. (Toplam: 392)
2026-07-30 16:18:52,696 INFO [UserId=19598] Sayfa 4: 50 ürün alındı. (Toplam: 392)
2026-07-30 16:18:52,939 INFO [UserId=19598] Sayfa 5: 50 ürün alındı. (Toplam: 392)
2026-07-30 16:18:53,193 INFO [UserId=19598] Sayfa 6: 50 ürün alındı. (Toplam: 392)
2026-07-30 16:18:53,446 INFO [UserId=19598] Sayfa 7: 50 ürün alındı. (Toplam: 392)
2026-07-30 16:18:53,710 INFO [UserId=19598] Sayfa 8: 42 ürün alındı. (Toplam: 392)
2026-07-30 16:18:53,710 INFO [UserId=19598] Toplam 392 ürün çekildi.
2026-07-30 16:18:53,982 INFO [UserId=21144] Sayfa 1: 50 ürün alındı. (Toplam: 382)
2026-07-30 16:18:54,252 INFO [UserId=21144] Sayfa 2: 50 ürün alındı. (Toplam: 382)
2026-07-30 16:18:54,512 INFO [UserId=21144] Sayfa 3: 50 ürün alındı. (Toplam: 382)
2026-07-30 16:18:54,783 INFO [UserId=21144] Sayfa 4: 50 ürün alındı. (Toplam: 382)
2026-07-30 16:18:55,066 INFO [UserId=21144] Sayfa 5: 50 ürün alındı. (Toplam: 382)
2026-07-30 16:18:55,340 INFO [UserId=21144] Sayfa 6: 50 ürün alındı. (Toplam: 382)
2026-07-30 16:18:55,603 INFO [UserId=21144] Sayfa 7: 50 ürün alındı. (Toplam: 382)
2026-07-30 16:18:55,888 INFO [UserId=21144] Sayfa 8: 32 ürün alındı. (Toplam: 382)
2026-07-30 16:18:55,889 INFO [UserId=21144] Toplam 382 ürün çekildi.
2026-07-30 16:18:56,165 INFO [UserId=184] Sayfa 1: 50 ürün alındı. (Toplam: 481)
2026-07-30 16:18:56,432 INFO [UserId=184] Sayfa 2: 50 ürün alındı. (Toplam: 481)
2026-07-30 16:18:56,704 INFO [UserId=184] Sayfa 3: 50 ürün alındı. (Toplam: 481)
2026-07-30 16:18:56,977 INFO [UserId=184] Sayfa 4: 50 ürün alındı. (Toplam: 481)
2026-07-30 16:18:57,244 INFO [UserId=184] Sayfa 5: 50 ürün alındı. (Toplam: 481)
2026-07-30 16:18:57,527 INFO [UserId=184] Sayfa 6: 50 ürün alındı. (Toplam: 481)
2026-07-30 16:18:57,832 INFO [UserId=184] Sayfa 7: 50 ürün alındı. (Toplam: 481)
2026-07-30 16:18:58,107 INFO [UserId=184] Sayfa 8: 50 ürün alındı. (Toplam: 481)
2026-07-30 16:18:58,377 INFO [UserId=184] Sayfa 9: 50 ürün alındı. (Toplam: 481)
2026-07-30 16:18:58,620 INFO [UserId=184] Sayfa 10: 31 ürün alındı. (Toplam: 481)
2026-07-30 16:18:58,620 INFO [UserId=184] Toplam 481 ürün çekildi.
2026-07-30 16:18:58,874 INFO [UserId=1735] Sayfa 1: 50 ürün alındı. (Toplam: 273)
2026-07-30 16:18:59,137 INFO [UserId=1735] Sayfa 2: 50 ürün alındı. (Toplam: 273)
2026-07-30 16:18:59,391 INFO [UserId=1735] Sayfa 3: 50 ürün alındı. (Toplam: 273)
2026-07-30 16:18:59,694 INFO [UserId=1735] Sayfa 4: 50 ürün alındı. (Toplam: 273)
2026-07-30 16:18:59,956 INFO [UserId=1735] Sayfa 5: 50 ürün alındı. (Toplam: 273)
2026-07-30 16:19:00,190 INFO [UserId=1735] Sayfa 6: 23 ürün alındı. (Toplam: 273)
2026-07-30 16:19:00,190 INFO [UserId=1735] Toplam 273 ürün çekildi.
2026-07-30 16:19:00,454 INFO [UserId=11197] Sayfa 1: 50 ürün alındı. (Toplam: 203)
2026-07-30 16:19:00,726 INFO [UserId=11197] Sayfa 2: 50 ürün alındı. (Toplam: 203)
2026-07-30 16:19:00,983 INFO [UserId=11197] Sayfa 3: 50 ürün alındı. (Toplam: 203)
2026-07-30 16:19:01,244 INFO [UserId=11197] Sayfa 4: 50 ürün alındı. (Toplam: 203)
2026-07-30 16:19:01,461 INFO [UserId=11197] Sayfa 5: 3 ürün alındı. (Toplam: 203)
2026-07-30 16:19:01,461 INFO [UserId=11197] Toplam 203 ürün çekildi.
2026-07-30 16:19:01,731 INFO [UserId=759] Sayfa 1: 50 ürün alındı. (Toplam: 376)
2026-07-30 16:19:01,993 INFO [UserId=759] Sayfa 2: 50 ürün alındı. (Toplam: 376)
2026-07-30 16:19:02,258 INFO [UserId=759] Sayfa 3: 50 ürün alındı. (Toplam: 376)
2026-07-30 16:19:02,519 INFO [UserId=759] Sayfa 4: 50 ürün alındı. (Toplam: 376)
2026-07-30 16:19:03,422 INFO [UserId=759] Sayfa 5: 50 ürün alındı. (Toplam: 376)
2026-07-30 16:19:03,684 INFO [UserId=759] Sayfa 6: 50 ürün alındı. (Toplam: 376)
2026-07-30 16:19:03,973 INFO [UserId=759] Sayfa 7: 50 ürün alındı. (Toplam: 376)
2026-07-30 16:19:04,220 INFO [UserId=759] Sayfa 8: 26 ürün alındı. (Toplam: 376)
2026-07-30 16:19:04,220 INFO [UserId=759] Toplam 376 ürün çekildi.
2026-07-30 16:19:04,557 INFO [UserId=18] Sayfa 1: 50 ürün alındı. (Toplam: 1108)
2026-07-30 16:19:04,841 INFO [UserId=18] Sayfa 2: 50 ürün alındı. (Toplam: 1108)
2026-07-30 16:19:05,163 INFO [UserId=18] Sayfa 3: 50 ürün alındı. (Toplam: 1108)
2026-07-30 16:19:05,492 INFO [UserId=18] Sayfa 4: 50 ürün alındı. (Toplam: 1108)
2026-07-30 16:19:05,779 INFO [UserId=18] Sayfa 5: 50 ürün alındı. (Toplam: 1108)
2026-07-30 16:19:06,096 INFO [UserId=18] Sayfa 6: 50 ürün alındı. (Toplam: 1108)
2026-07-30 16:19:06,380 INFO [UserId=18] Sayfa 7: 50 ürün alındı. (Toplam: 1108)
2026-07-30 16:19:06,651 INFO [UserId=18] Sayfa 8: 50 ürün alındı. (Toplam: 1108)
2026-07-30 16:19:06,926 INFO [UserId=18] Sayfa 9: 50 ürün alındı. (Toplam: 1108)
2026-07-30 16:19:07,209 INFO [UserId=18] Sayfa 10: 50 ürün alındı. (Toplam: 1108)
2026-07-30 16:19:07,493 INFO [UserId=18] Sayfa 11: 50 ürün alındı. (Toplam: 1108)
2026-07-30 16:19:07,777 INFO [UserId=18] Sayfa 12: 50 ürün alındı. (Toplam: 1108)
2026-07-30 16:19:08,089 INFO [UserId=18] Sayfa 13: 50 ürün alındı. (Toplam: 1108)
2026-07-30 16:19:08,394 INFO [UserId=18] Sayfa 14: 50 ürün alındı. (Toplam: 1108)
2026-07-30 16:19:08,681 INFO [UserId=18] Sayfa 15: 50 ürün alındı. (Toplam: 1108)
2026-07-30 16:19:08,956 INFO [UserId=18] Sayfa 16: 50 ürün alındı. (Toplam: 1108)
2026-07-30 16:19:09,236 INFO [UserId=18] Sayfa 17: 50 ürün alındı. (Toplam: 1108)
2026-07-30 16:19:09,516 INFO [UserId=18] Sayfa 18: 50 ürün alındı. (Toplam: 1108)
2026-07-30 16:19:09,800 INFO [UserId=18] Sayfa 19: 50 ürün alındı. (Toplam: 1108)
2026-07-30 16:19:10,074 INFO [UserId=18] Sayfa 20: 50 ürün alındı. (Toplam: 1108)
2026-07-30 16:19:10,351 INFO [UserId=18] Sayfa 21: 50 ürün alındı. (Toplam: 1108)
2026-07-30 16:19:10,626 INFO [UserId=18] Sayfa 22: 50 ürün alındı. (Toplam: 1108)
2026-07-30 16:19:10,866 INFO [UserId=18] Sayfa 23: 8 ürün alındı. (Toplam: 1108)
2026-07-30 16:19:10,866 INFO [UserId=18] Toplam 1108 ürün çekildi.
2026-07-30 16:19:10,903 INFO Varyantlı XML feed yazıldı: docs/ecza1-feed.xml (4592 satır / varyant)
2026-07-30 16:19:10,905 INFO Tüm mağazalar için senkronizasyon tamamlandı.
2026-07-30 20:46:44,450 INFO Giriş başarılı (302 yönlendirme -> /).
2026-07-30 20:47:40,352 INFO Kategori/marka tablosu hazır: 659 kategori, 3309 marka bulundu.
2026-07-30 20:47:41,730 INFO [UserId=7982] Sayfa 1: 50 ürün alındı. (Toplam: 623)
2026-07-30 20:47:43,119 INFO [UserId=7982] Sayfa 2: 50 ürün alındı. (Toplam: 623)
2026-07-30 20:47:44,586 INFO [UserId=7982] Sayfa 3: 50 ürün alındı. (Toplam: 623)
2026-07-30 20:47:46,026 INFO [UserId=7982] Sayfa 4: 50 ürün alındı. (Toplam: 623)
2026-07-30 20:47:47,438 INFO [UserId=7982] Sayfa 5: 50 ürün alındı. (Toplam: 623)
2026-07-30 20:47:48,876 INFO [UserId=7982] Sayfa 6: 50 ürün alındı. (Toplam: 623)
2026-07-30 20:47:50,284 INFO [UserId=7982] Sayfa 7: 50 ürün alındı. (Toplam: 623)
2026-07-30 20:47:51,711 INFO [UserId=7982] Sayfa 8: 50 ürün alındı. (Toplam: 623)
2026-07-30 20:47:53,129 INFO [UserId=7982] Sayfa 9: 50 ürün alındı. (Toplam: 623)
2026-07-30 20:47:54,447 INFO [UserId=7982] Sayfa 10: 50 ürün alındı. (Toplam: 623)
2026-07-30 20:47:55,874 INFO [UserId=7982] Sayfa 11: 50 ürün alındı. (Toplam: 623)
2026-07-30 20:47:57,258 INFO [UserId=7982] Sayfa 12: 50 ürün alındı. (Toplam: 623)
2026-07-30 20:47:57,993 INFO [UserId=7982] Sayfa 13: 23 ürün alındı. (Toplam: 623)
2026-07-30 20:47:57,993 INFO [UserId=7982] Toplam 623 ürün çekildi.
2026-07-30 20:47:59,349 INFO [UserId=16982] Sayfa 1: 50 ürün alındı. (Toplam: 748)
2026-07-30 20:48:00,768 INFO [UserId=16982] Sayfa 2: 50 ürün alındı. (Toplam: 748)
2026-07-30 20:48:02,229 INFO [UserId=16982] Sayfa 3: 50 ürün alındı. (Toplam: 748)
2026-07-30 20:48:03,666 INFO [UserId=16982] Sayfa 4: 50 ürün alındı. (Toplam: 748)
2026-07-30 20:48:05,098 INFO [UserId=16982] Sayfa 5: 50 ürün alındı. (Toplam: 748)
2026-07-30 20:48:06,443 INFO [UserId=16982] Sayfa 6: 50 ürün alındı. (Toplam: 748)
2026-07-30 20:48:07,978 INFO [UserId=16982] Sayfa 7: 50 ürün alındı. (Toplam: 748)
2026-07-30 20:48:09,399 INFO [UserId=16982] Sayfa 8: 50 ürün alındı. (Toplam: 748)
2026-07-30 20:48:10,843 INFO [UserId=16982] Sayfa 9: 50 ürün alındı. (Toplam: 748)
2026-07-30 20:48:12,319 INFO [UserId=16982] Sayfa 10: 50 ürün alındı. (Toplam: 748)
2026-07-30 20:48:13,733 INFO [UserId=16982] Sayfa 11: 50 ürün alındı. (Toplam: 748)
2026-07-30 20:48:15,197 INFO [UserId=16982] Sayfa 12: 50 ürün alındı. (Toplam: 748)
2026-07-30 20:48:16,612 INFO [UserId=16982] Sayfa 13: 50 ürün alındı. (Toplam: 748)
2026-07-30 20:48:18,003 INFO [UserId=16982] Sayfa 14: 50 ürün alındı. (Toplam: 748)
2026-07-30 20:48:19,379 INFO [UserId=16982] Sayfa 15: 48 ürün alındı. (Toplam: 748)
2026-07-30 20:48:19,379 INFO [UserId=16982] Toplam 748 ürün çekildi.
2026-07-30 20:48:20,744 INFO [UserId=19598] Sayfa 1: 50 ürün alındı. (Toplam: 392)
2026-07-30 20:48:22,134 INFO [UserId=19598] Sayfa 2: 50 ürün alındı. (Toplam: 392)
2026-07-30 20:48:23,588 INFO [UserId=19598] Sayfa 3: 50 ürün alındı. (Toplam: 392)
2026-07-30 20:48:24,980 INFO [UserId=19598] Sayfa 4: 50 ürün alındı. (Toplam: 392)
2026-07-30 20:48:26,384 INFO [UserId=19598] Sayfa 5: 50 ürün alındı. (Toplam: 392)
2026-07-30 20:48:27,824 INFO [UserId=19598] Sayfa 6: 50 ürün alındı. (Toplam: 392)
2026-07-30 20:48:29,305 INFO [UserId=19598] Sayfa 7: 50 ürün alındı. (Toplam: 392)
2026-07-30 20:48:30,581 INFO [UserId=19598] Sayfa 8: 42 ürün alındı. (Toplam: 392)
2026-07-30 20:48:30,581 INFO [UserId=19598] Toplam 392 ürün çekildi.
2026-07-30 20:48:32,069 INFO [UserId=21144] Sayfa 1: 50 ürün alındı. (Toplam: 382)
2026-07-30 20:48:34,147 INFO [UserId=21144] Sayfa 2: 50 ürün alındı. (Toplam: 382)
2026-07-30 20:48:35,597 INFO [UserId=21144] Sayfa 3: 50 ürün alındı. (Toplam: 382)
2026-07-30 20:48:37,049 INFO [UserId=21144] Sayfa 4: 50 ürün alındı. (Toplam: 382)
2026-07-30 20:48:38,507 INFO [UserId=21144] Sayfa 5: 50 ürün alındı. (Toplam: 382)
2026-07-30 20:48:39,937 INFO [UserId=21144] Sayfa 6: 50 ürün alındı. (Toplam: 382)
2026-07-30 20:48:41,450 INFO [UserId=21144] Sayfa 7: 50 ürün alındı. (Toplam: 382)
2026-07-30 20:48:42,454 INFO [UserId=21144] Sayfa 8: 32 ürün alındı. (Toplam: 382)
2026-07-30 20:48:42,454 INFO [UserId=21144] Toplam 382 ürün çekildi.
2026-07-30 20:48:43,890 INFO [UserId=184] Sayfa 1: 50 ürün alındı. (Toplam: 480)
2026-07-30 20:48:45,332 INFO [UserId=184] Sayfa 2: 50 ürün alındı. (Toplam: 480)
2026-07-30 20:48:46,792 INFO [UserId=184] Sayfa 3: 50 ürün alındı. (Toplam: 480)
2026-07-30 20:48:48,206 INFO [UserId=184] Sayfa 4: 50 ürün alındı. (Toplam: 480)
2026-07-30 20:48:49,621 INFO [UserId=184] Sayfa 5: 50 ürün alındı. (Toplam: 480)
2026-07-30 20:48:51,160 INFO [UserId=184] Sayfa 6: 50 ürün alındı. (Toplam: 480)
2026-07-30 20:48:52,748 INFO [UserId=184] Sayfa 7: 50 ürün alındı. (Toplam: 480)
2026-07-30 20:48:54,196 INFO [UserId=184] Sayfa 8: 50 ürün alındı. (Toplam: 480)
2026-07-30 20:48:55,693 INFO [UserId=184] Sayfa 9: 50 ürün alındı. (Toplam: 480)
2026-07-30 20:48:56,619 INFO [UserId=184] Sayfa 10: 30 ürün alındı. (Toplam: 480)
2026-07-30 20:48:56,619 INFO [UserId=184] Toplam 480 ürün çekildi.
2026-07-30 20:48:58,369 INFO [UserId=1735] Sayfa 1: 50 ürün alındı. (Toplam: 273)
2026-07-30 20:48:59,744 INFO [UserId=1735] Sayfa 2: 50 ürün alındı. (Toplam: 273)
2026-07-30 20:49:01,173 INFO [UserId=1735] Sayfa 3: 50 ürün alındı. (Toplam: 273)
2026-07-30 20:49:02,592 INFO [UserId=1735] Sayfa 4: 50 ürün alındı. (Toplam: 273)
2026-07-30 20:49:04,028 INFO [UserId=1735] Sayfa 5: 50 ürün alındı. (Toplam: 273)
2026-07-30 20:49:04,779 INFO [UserId=1735] Sayfa 6: 23 ürün alındı. (Toplam: 273)
2026-07-30 20:49:04,779 INFO [UserId=1735] Toplam 273 ürün çekildi.
2026-07-30 20:49:06,288 INFO [UserId=11197] Sayfa 1: 50 ürün alındı. (Toplam: 203)
2026-07-30 20:49:07,756 INFO [UserId=11197] Sayfa 2: 50 ürün alındı. (Toplam: 203)
2026-07-30 20:49:09,185 INFO [UserId=11197] Sayfa 3: 50 ürün alındı. (Toplam: 203)
2026-07-30 20:49:10,602 INFO [UserId=11197] Sayfa 4: 50 ürün alındı. (Toplam: 203)
2026-07-30 20:49:10,839 INFO [UserId=11197] Sayfa 5: 3 ürün alındı. (Toplam: 203)
2026-07-30 20:49:10,839 INFO [UserId=11197] Toplam 203 ürün çekildi.
2026-07-30 20:49:12,296 INFO [UserId=759] Sayfa 1: 50 ürün alındı. (Toplam: 376)
2026-07-30 20:49:13,712 INFO [UserId=759] Sayfa 2: 50 ürün alındı. (Toplam: 376)
2026-07-30 20:49:15,171 INFO [UserId=759] Sayfa 3: 50 ürün alındı. (Toplam: 376)
2026-07-30 20:49:16,597 INFO [UserId=759] Sayfa 4: 50 ürün alındı. (Toplam: 376)
2026-07-30 20:49:18,044 INFO [UserId=759] Sayfa 5: 50 ürün alındı. (Toplam: 376)
2026-07-30 20:49:19,596 INFO [UserId=759] Sayfa 6: 50 ürün alındı. (Toplam: 376)
2026-07-30 20:49:21,369 INFO [UserId=759] Sayfa 7: 50 ürün alındı. (Toplam: 376)
2026-07-30 20:49:22,567 INFO [UserId=759] Sayfa 8: 26 ürün alındı. (Toplam: 376)
2026-07-30 20:49:22,567 INFO [UserId=759] Toplam 376 ürün çekildi.
2026-07-30 20:49:24,117 INFO [UserId=18] Sayfa 1: 50 ürün alındı. (Toplam: 1107)
2026-07-30 20:49:25,536 INFO [UserId=18] Sayfa 2: 50 ürün alındı. (Toplam: 1107)
2026-07-30 20:49:26,968 INFO [UserId=18] Sayfa 3: 50 ürün alındı. (Toplam: 1107)
2026-07-30 20:49:28,393 INFO [UserId=18] Sayfa 4: 50 ürün alındı. (Toplam: 1107)
2026-07-30 20:49:29,799 INFO [UserId=18] Sayfa 5: 50 ürün alındı. (Toplam: 1107)
2026-07-30 20:49:31,243 INFO [UserId=18] Sayfa 6: 50 ürün alındı. (Toplam: 1107)
2026-07-30 20:49:32,635 INFO [UserId=18] Sayfa 7: 50 ürün alındı. (Toplam: 1107)
2026-07-30 20:49:34,063 INFO [UserId=18] Sayfa 8: 50 ürün alındı. (Toplam: 1107)
2026-07-30 20:49:35,483 INFO [UserId=18] Sayfa 9: 50 ürün alındı. (Toplam: 1107)
2026-07-30 20:49:36,920 INFO [UserId=18] Sayfa 10: 50 ürün alındı. (Toplam: 1107)
2026-07-30 20:49:38,324 INFO [UserId=18] Sayfa 11: 50 ürün alındı. (Toplam: 1107)
2026-07-30 20:49:39,746 INFO [UserId=18] Sayfa 12: 50 ürün alındı. (Toplam: 1107)
2026-07-30 20:49:41,265 INFO [UserId=18] Sayfa 13: 50 ürün alındı. (Toplam: 1107)
2026-07-30 20:49:42,685 INFO [UserId=18] Sayfa 14: 50 ürün alındı. (Toplam: 1107)
2026-07-30 20:49:44,169 INFO [UserId=18] Sayfa 15: 50 ürün alındı. (Toplam: 1107)
2026-07-30 20:49:45,685 INFO [UserId=18] Sayfa 16: 50 ürün alındı. (Toplam: 1107)
2026-07-30 20:49:47,098 INFO [UserId=18] Sayfa 17: 50 ürün alındı. (Toplam: 1107)
2026-07-30 20:49:48,576 INFO [UserId=18] Sayfa 18: 50 ürün alındı. (Toplam: 1107)
2026-07-30 20:49:50,057 INFO [UserId=18] Sayfa 19: 50 ürün alındı. (Toplam: 1107)
2026-07-30 20:49:51,505 INFO [UserId=18] Sayfa 20: 50 ürün alındı. (Toplam: 1107)
2026-07-30 20:49:52,982 INFO [UserId=18] Sayfa 21: 50 ürün alındı. (Toplam: 1107)
2026-07-30 20:49:54,450 INFO [UserId=18] Sayfa 22: 50 ürün alındı. (Toplam: 1107)
2026-07-30 20:49:54,819 INFO [UserId=18] Sayfa 23: 7 ürün alındı. (Toplam: 1107)
2026-07-30 20:49:54,820 INFO [UserId=18] Toplam 1107 ürün çekildi.
2026-07-30 20:49:54,857 INFO Varyantlı XML feed yazıldı: docs/ecza1-feed.xml (4584 satır / varyant)
2026-07-30 20:49:54,858 INFO Tüm mağazalar için senkronizasyon tamamlandı.
2026-07-31 08:10:45,681 INFO Giriş başarılı (302 yönlendirme -> /).
2026-07-31 08:12:34,786 INFO Kategori/marka tablosu hazır: 660 kategori, 3318 marka bulundu.
2026-07-31 08:12:35,057 INFO [UserId=7982] Sayfa 1: 50 ürün alındı. (Toplam: 624)
2026-07-31 08:12:35,318 INFO [UserId=7982] Sayfa 2: 50 ürün alındı. (Toplam: 624)
2026-07-31 08:12:35,590 INFO [UserId=7982] Sayfa 3: 50 ürün alındı. (Toplam: 624)
2026-07-31 08:12:35,854 INFO [UserId=7982] Sayfa 4: 50 ürün alındı. (Toplam: 624)
2026-07-31 08:12:36,153 INFO [UserId=7982] Sayfa 5: 50 ürün alındı. (Toplam: 624)
2026-07-31 08:12:36,492 INFO [UserId=7982] Sayfa 6: 50 ürün alındı. (Toplam: 624)
2026-07-31 08:12:36,786 INFO [UserId=7982] Sayfa 7: 50 ürün alındı. (Toplam: 624)
2026-07-31 08:12:37,096 INFO [UserId=7982] Sayfa 8: 50 ürün alındı. (Toplam: 624)
2026-07-31 08:12:37,395 INFO [UserId=7982] Sayfa 9: 50 ürün alındı. (Toplam: 624)
2026-07-31 08:12:37,783 INFO [UserId=7982] Sayfa 10: 50 ürün alındı. (Toplam: 624)
2026-07-31 08:12:38,085 INFO [UserId=7982] Sayfa 11: 50 ürün alındı. (Toplam: 624)
2026-07-31 08:12:38,391 INFO [UserId=7982] Sayfa 12: 50 ürün alındı. (Toplam: 624)
2026-07-31 08:12:38,643 INFO [UserId=7982] Sayfa 13: 24 ürün alındı. (Toplam: 624)
2026-07-31 08:12:38,643 INFO [UserId=7982] Toplam 624 ürün çekildi.
2026-07-31 08:12:38,905 INFO [UserId=16982] Sayfa 1: 50 ürün alındı. (Toplam: 752)
2026-07-31 08:12:39,178 INFO [UserId=16982] Sayfa 2: 50 ürün alındı. (Toplam: 752)
2026-07-31 08:12:39,485 INFO [UserId=16982] Sayfa 3: 50 ürün alındı. (Toplam: 752)
2026-07-31 08:12:39,792 INFO [UserId=16982] Sayfa 4: 50 ürün alındı. (Toplam: 752)
2026-07-31 08:12:40,044 INFO [UserId=16982] Sayfa 5: 50 ürün alındı. (Toplam: 752)
2026-07-31 08:12:40,325 INFO [UserId=16982] Sayfa 6: 50 ürün alındı. (Toplam: 752)
2026-07-31 08:12:40,595 INFO [UserId=16982] Sayfa 7: 50 ürün alındı. (Toplam: 752)
2026-07-31 08:12:40,874 INFO [UserId=16982] Sayfa 8: 50 ürün alındı. (Toplam: 752)
2026-07-31 08:12:41,147 INFO [UserId=16982] Sayfa 9: 50 ürün alındı. (Toplam: 752)
2026-07-31 08:12:41,420 INFO [UserId=16982] Sayfa 10: 50 ürün alındı. (Toplam: 752)
2026-07-31 08:12:41,791 INFO [UserId=16982] Sayfa 11: 50 ürün alındı. (Toplam: 752)
2026-07-31 08:12:42,219 INFO [UserId=16982] Sayfa 12: 50 ürün alındı. (Toplam: 752)
2026-07-31 08:12:42,529 INFO [UserId=16982] Sayfa 13: 50 ürün alındı. (Toplam: 752)
2026-07-31 08:12:42,803 INFO [UserId=16982] Sayfa 14: 50 ürün alındı. (Toplam: 752)
2026-07-31 08:12:43,082 INFO [UserId=16982] Sayfa 15: 50 ürün alındı. (Toplam: 752)
2026-07-31 08:12:43,344 INFO [UserId=16982] Sayfa 16: 2 ürün alındı. (Toplam: 752)
2026-07-31 08:12:43,344 INFO [UserId=16982] Toplam 752 ürün çekildi.
2026-07-31 08:12:43,602 INFO [UserId=19598] Sayfa 1: 50 ürün alındı. (Toplam: 392)
2026-07-31 08:12:43,917 INFO [UserId=19598] Sayfa 2: 50 ürün alındı. (Toplam: 392)
2026-07-31 08:12:44,167 INFO [UserId=19598] Sayfa 3: 50 ürün alındı. (Toplam: 392)
2026-07-31 08:12:44,446 INFO [UserId=19598] Sayfa 4: 50 ürün alındı. (Toplam: 392)
2026-07-31 08:12:44,692 INFO [UserId=19598] Sayfa 5: 50 ürün alındı. (Toplam: 392)
2026-07-31 08:12:44,952 INFO [UserId=19598] Sayfa 6: 50 ürün alındı. (Toplam: 392)
2026-07-31 08:12:45,208 INFO [UserId=19598] Sayfa 7: 50 ürün alındı. (Toplam: 392)
2026-07-31 08:12:45,473 INFO [UserId=19598] Sayfa 8: 42 ürün alındı. (Toplam: 392)
2026-07-31 08:12:45,473 INFO [UserId=19598] Toplam 392 ürün çekildi.
2026-07-31 08:12:45,751 INFO [UserId=21144] Sayfa 1: 50 ürün alındı. (Toplam: 381)
2026-07-31 08:12:46,027 INFO [UserId=21144] Sayfa 2: 50 ürün alındı. (Toplam: 381)
2026-07-31 08:12:46,294 INFO [UserId=21144] Sayfa 3: 50 ürün alındı. (Toplam: 381)
2026-07-31 08:12:46,605 INFO [UserId=21144] Sayfa 4: 50 ürün alındı. (Toplam: 381)
2026-07-31 08:12:46,895 INFO [UserId=21144] Sayfa 5: 50 ürün alındı. (Toplam: 381)
2026-07-31 08:12:47,167 INFO [UserId=21144] Sayfa 6: 50 ürün alındı. (Toplam: 381)
2026-07-31 08:12:47,434 INFO [UserId=21144] Sayfa 7: 50 ürün alındı. (Toplam: 381)
2026-07-31 08:12:47,682 INFO [UserId=21144] Sayfa 8: 31 ürün alındı. (Toplam: 381)
2026-07-31 08:12:47,682 INFO [UserId=21144] Toplam 381 ürün çekildi.
2026-07-31 08:12:47,956 INFO [UserId=184] Sayfa 1: 50 ürün alındı. (Toplam: 480)
2026-07-31 08:12:48,227 INFO [UserId=184] Sayfa 2: 50 ürün alındı. (Toplam: 480)
2026-07-31 08:12:48,503 INFO [UserId=184] Sayfa 3: 50 ürün alındı. (Toplam: 480)
2026-07-31 08:12:48,768 INFO [UserId=184] Sayfa 4: 50 ürün alındı. (Toplam: 480)
2026-07-31 08:12:49,117 INFO [UserId=184] Sayfa 5: 50 ürün alındı. (Toplam: 480)
2026-07-31 08:12:49,407 INFO [UserId=184] Sayfa 6: 50 ürün alındı. (Toplam: 480)
2026-07-31 08:12:49,727 INFO [UserId=184] Sayfa 7: 50 ürün alındı. (Toplam: 480)
2026-07-31 08:12:50,005 INFO [UserId=184] Sayfa 8: 50 ürün alındı. (Toplam: 480)
2026-07-31 08:12:50,296 INFO [UserId=184] Sayfa 9: 50 ürün alındı. (Toplam: 480)
2026-07-31 08:12:50,545 INFO [UserId=184] Sayfa 10: 30 ürün alındı. (Toplam: 480)
2026-07-31 08:12:50,545 INFO [UserId=184] Toplam 480 ürün çekildi.
2026-07-31 08:12:50,800 INFO [UserId=1735] Sayfa 1: 50 ürün alındı. (Toplam: 273)
2026-07-31 08:12:51,138 INFO [UserId=1735] Sayfa 2: 50 ürün alındı. (Toplam: 273)
2026-07-31 08:12:51,468 INFO [UserId=1735] Sayfa 3: 50 ürün alındı. (Toplam: 273)
2026-07-31 08:12:51,745 INFO [UserId=1735] Sayfa 4: 50 ürün alındı. (Toplam: 273)
2026-07-31 08:12:52,008 INFO [UserId=1735] Sayfa 5: 50 ürün alındı. (Toplam: 273)
2026-07-31 08:12:52,283 INFO [UserId=1735] Sayfa 6: 23 ürün alındı. (Toplam: 273)
2026-07-31 08:12:52,283 INFO [UserId=1735] Toplam 273 ürün çekildi.
2026-07-31 08:12:52,589 INFO [UserId=11197] Sayfa 1: 50 ürün alındı. (Toplam: 203)
2026-07-31 08:12:52,893 INFO [UserId=11197] Sayfa 2: 50 ürün alındı. (Toplam: 203)
2026-07-31 08:12:53,163 INFO [UserId=11197] Sayfa 3: 50 ürün alındı. (Toplam: 203)
2026-07-31 08:12:53,428 INFO [UserId=11197] Sayfa 4: 50 ürün alındı. (Toplam: 203)
2026-07-31 08:12:53,653 INFO [UserId=11197] Sayfa 5: 3 ürün alındı. (Toplam: 203)
2026-07-31 08:12:53,653 INFO [UserId=11197] Toplam 203 ürün çekildi.
2026-07-31 08:12:53,944 INFO [UserId=759] Sayfa 1: 50 ürün alındı. (Toplam: 376)
2026-07-31 08:12:54,268 INFO [UserId=759] Sayfa 2: 50 ürün alındı. (Toplam: 376)
2026-07-31 08:12:54,540 INFO [UserId=759] Sayfa 3: 50 ürün alındı. (Toplam: 376)
2026-07-31 08:12:54,816 INFO [UserId=759] Sayfa 4: 50 ürün alındı. (Toplam: 376)
2026-07-31 08:12:55,102 INFO [UserId=759] Sayfa 5: 50 ürün alındı. (Toplam: 376)
2026-07-31 08:12:55,363 INFO [UserId=759] Sayfa 6: 50 ürün alındı. (Toplam: 376)
2026-07-31 08:12:55,641 INFO [UserId=759] Sayfa 7: 50 ürün alındı. (Toplam: 376)
2026-07-31 08:12:55,935 INFO [UserId=759] Sayfa 8: 26 ürün alındı. (Toplam: 376)
2026-07-31 08:12:55,935 INFO [UserId=759] Toplam 376 ürün çekildi.
2026-07-31 08:12:56,215 INFO [UserId=18] Sayfa 1: 50 ürün alındı. (Toplam: 1106)
2026-07-31 08:12:56,505 INFO [UserId=18] Sayfa 2: 50 ürün alındı. (Toplam: 1106)
2026-07-31 08:12:56,831 INFO [UserId=18] Sayfa 3: 50 ürün alındı. (Toplam: 1106)
2026-07-31 08:12:57,113 INFO [UserId=18] Sayfa 4: 50 ürün alındı. (Toplam: 1106)
2026-07-31 08:12:57,394 INFO [UserId=18] Sayfa 5: 50 ürün alındı. (Toplam: 1106)
2026-07-31 08:12:57,677 INFO [UserId=18] Sayfa 6: 50 ürün alındı. (Toplam: 1106)
2026-07-31 08:12:57,955 INFO [UserId=18] Sayfa 7: 50 ürün alındı. (Toplam: 1106)
2026-07-31 08:12:58,247 INFO [UserId=18] Sayfa 8: 50 ürün alındı. (Toplam: 1106)
2026-07-31 08:12:58,544 INFO [UserId=18] Sayfa 9: 50 ürün alındı. (Toplam: 1106)
2026-07-31 08:12:58,838 INFO [UserId=18] Sayfa 10: 50 ürün alındı. (Toplam: 1106)
2026-07-31 08:12:59,120 INFO [UserId=18] Sayfa 11: 50 ürün alındı. (Toplam: 1106)
2026-07-31 08:12:59,405 INFO [UserId=18] Sayfa 12: 50 ürün alındı. (Toplam: 1106)
2026-07-31 08:12:59,722 INFO [UserId=18] Sayfa 13: 50 ürün alındı. (Toplam: 1106)
2026-07-31 08:13:00,041 INFO [UserId=18] Sayfa 14: 50 ürün alındı. (Toplam: 1106)
2026-07-31 08:13:00,336 INFO [UserId=18] Sayfa 15: 50 ürün alındı. (Toplam: 1106)
2026-07-31 08:13:00,642 INFO [UserId=18] Sayfa 16: 50 ürün alındı. (Toplam: 1106)
2026-07-31 08:13:00,943 INFO [UserId=18] Sayfa 17: 50 ürün alındı. (Toplam: 1106)
2026-07-31 08:13:01,389 INFO [UserId=18] Sayfa 18: 50 ürün alındı. (Toplam: 1106)
2026-07-31 08:13:01,754 INFO [UserId=18] Sayfa 19: 50 ürün alındı. (Toplam: 1106)
2026-07-31 08:13:02,031 INFO [UserId=18] Sayfa 20: 50 ürün alındı. (Toplam: 1106)
2026-07-31 08:13:02,395 INFO [UserId=18] Sayfa 21: 50 ürün alındı. (Toplam: 1106)
2026-07-31 08:13:02,768 INFO [UserId=18] Sayfa 22: 50 ürün alındı. (Toplam: 1106)
2026-07-31 08:13:03,064 INFO [UserId=18] Sayfa 23: 6 ürün alındı. (Toplam: 1106)
2026-07-31 08:13:03,064 INFO [UserId=18] Toplam 1106 ürün çekildi.
2026-07-31 08:13:03,102 INFO Varyantlı XML feed yazıldı: docs/ecza1-feed.xml (4587 satır / varyant)
2026-07-31 08:13:03,103 INFO Tüm mağazalar için senkronizasyon tamamlandı.
2026-07-31 16:16:22,030 INFO Giriş başarılı (302 yönlendirme -> /).
2026-07-31 16:17:32,757 INFO Kategori/marka tablosu hazır: 658 kategori, 3312 marka bulundu.
2026-07-31 16:17:33,020 INFO [UserId=7982] Sayfa 1: 50 ürün alındı. (Toplam: 623)
2026-07-31 16:17:33,280 INFO [UserId=7982] Sayfa 2: 50 ürün alındı. (Toplam: 623)
2026-07-31 16:17:33,540 INFO [UserId=7982] Sayfa 3: 50 ürün alındı. (Toplam: 623)
2026-07-31 16:17:33,797 INFO [UserId=7982] Sayfa 4: 50 ürün alındı. (Toplam: 623)
2026-07-31 16:17:34,053 INFO [UserId=7982] Sayfa 5: 50 ürün alındı. (Toplam: 623)
2026-07-31 16:17:34,311 INFO [UserId=7982] Sayfa 6: 50 ürün alındı. (Toplam: 623)
2026-07-31 16:17:34,577 INFO [UserId=7982] Sayfa 7: 50 ürün alındı. (Toplam: 623)
2026-07-31 16:17:34,837 INFO [UserId=7982] Sayfa 8: 50 ürün alındı. (Toplam: 623)
2026-07-31 16:17:35,111 INFO [UserId=7982] Sayfa 9: 50 ürün alındı. (Toplam: 623)
2026-07-31 16:17:35,393 INFO [UserId=7982] Sayfa 10: 50 ürün alındı. (Toplam: 623)
2026-07-31 16:17:35,647 INFO [UserId=7982] Sayfa 11: 50 ürün alındı. (Toplam: 623)
2026-07-31 16:17:35,908 INFO [UserId=7982] Sayfa 12: 50 ürün alındı. (Toplam: 623)
2026-07-31 16:17:36,146 INFO [UserId=7982] Sayfa 13: 23 ürün alındı. (Toplam: 623)
2026-07-31 16:17:36,146 INFO [UserId=7982] Toplam 623 ürün çekildi.
2026-07-31 16:17:36,401 INFO [UserId=16982] Sayfa 1: 50 ürün alındı. (Toplam: 732)
2026-07-31 16:17:36,663 INFO [UserId=16982] Sayfa 2: 50 ürün alındı. (Toplam: 732)
2026-07-31 16:17:36,924 INFO [UserId=16982] Sayfa 3: 50 ürün alındı. (Toplam: 732)
2026-07-31 16:17:37,191 INFO [UserId=16982] Sayfa 4: 50 ürün alındı. (Toplam: 732)
2026-07-31 16:17:37,437 INFO [UserId=16982] Sayfa 5: 50 ürün alındı. (Toplam: 732)
2026-07-31 16:17:37,694 INFO [UserId=16982] Sayfa 6: 50 ürün alındı. (Toplam: 732)
2026-07-31 16:17:37,956 INFO [UserId=16982] Sayfa 7: 50 ürün alındı. (Toplam: 732)
2026-07-31 16:17:38,233 INFO [UserId=16982] Sayfa 8: 50 ürün alındı. (Toplam: 732)
2026-07-31 16:17:38,496 INFO [UserId=16982] Sayfa 9: 50 ürün alındı. (Toplam: 732)
2026-07-31 16:17:38,779 INFO [UserId=16982] Sayfa 10: 50 ürün alındı. (Toplam: 732)
2026-07-31 16:17:39,053 INFO [UserId=16982] Sayfa 11: 50 ürün alındı. (Toplam: 732)
2026-07-31 16:17:39,329 INFO [UserId=16982] Sayfa 12: 50 ürün alındı. (Toplam: 732)
2026-07-31 16:17:39,584 INFO [UserId=16982] Sayfa 13: 50 ürün alındı. (Toplam: 732)
2026-07-31 16:17:39,847 INFO [UserId=16982] Sayfa 14: 50 ürün alındı. (Toplam: 732)
2026-07-31 16:17:40,095 INFO [UserId=16982] Sayfa 15: 32 ürün alındı. (Toplam: 732)
2026-07-31 16:17:40,095 INFO [UserId=16982] Toplam 732 ürün çekildi.
2026-07-31 16:17:40,338 INFO [UserId=19598] Sayfa 1: 50 ürün alındı. (Toplam: 390)
2026-07-31 16:17:40,589 INFO [UserId=19598] Sayfa 2: 50 ürün alındı. (Toplam: 390)
2026-07-31 16:17:40,830 INFO [UserId=19598] Sayfa 3: 50 ürün alındı. (Toplam: 390)
2026-07-31 16:17:41,074 INFO [UserId=19598] Sayfa 4: 50 ürün alındı. (Toplam: 390)
2026-07-31 16:17:41,307 INFO [UserId=19598] Sayfa 5: 50 ürün alındı. (Toplam: 390)
2026-07-31 16:17:41,550 INFO [UserId=19598] Sayfa 6: 50 ürün alındı. (Toplam: 390)
2026-07-31 16:17:41,796 INFO [UserId=19598] Sayfa 7: 50 ürün alındı. (Toplam: 390)
2026-07-31 16:17:42,053 INFO [UserId=19598] Sayfa 8: 40 ürün alındı. (Toplam: 390)
2026-07-31 16:17:42,053 INFO [UserId=19598] Toplam 390 ürün çekildi.
2026-07-31 16:17:42,318 INFO [UserId=21144] Sayfa 1: 50 ürün alındı. (Toplam: 380)
2026-07-31 16:17:42,574 INFO [UserId=21144] Sayfa 2: 50 ürün alındı. (Toplam: 380)
2026-07-31 16:17:42,831 INFO [UserId=21144] Sayfa 3: 50 ürün alındı. (Toplam: 380)
2026-07-31 16:17:43,098 INFO [UserId=21144] Sayfa 4: 50 ürün alındı. (Toplam: 380)
2026-07-31 16:17:43,374 INFO [UserId=21144] Sayfa 5: 50 ürün alındı. (Toplam: 380)
2026-07-31 16:17:43,641 INFO [UserId=21144] Sayfa 6: 50 ürün alındı. (Toplam: 380)
2026-07-31 16:17:43,903 INFO [UserId=21144] Sayfa 7: 50 ürün alındı. (Toplam: 380)
2026-07-31 16:17:44,142 INFO [UserId=21144] Sayfa 8: 30 ürün alındı. (Toplam: 380)
2026-07-31 16:17:44,142 INFO [UserId=21144] Toplam 380 ürün çekildi.
2026-07-31 16:17:44,418 INFO [UserId=184] Sayfa 1: 50 ürün alındı. (Toplam: 471)
2026-07-31 16:17:44,677 INFO [UserId=184] Sayfa 2: 50 ürün alındı. (Toplam: 471)
2026-07-31 16:17:44,940 INFO [UserId=184] Sayfa 3: 50 ürün alındı. (Toplam: 471)
2026-07-31 16:17:45,199 INFO [UserId=184] Sayfa 4: 50 ürün alındı. (Toplam: 471)
2026-07-31 16:17:45,457 INFO [UserId=184] Sayfa 5: 50 ürün alındı. (Toplam: 471)
2026-07-31 16:17:45,733 INFO [UserId=184] Sayfa 6: 50 ürün alındı. (Toplam: 471)
2026-07-31 16:17:46,049 INFO [UserId=184] Sayfa 7: 50 ürün alındı. (Toplam: 471)
2026-07-31 16:17:46,318 INFO [UserId=184] Sayfa 8: 50 ürün alındı. (Toplam: 471)
2026-07-31 16:17:46,584 INFO [UserId=184] Sayfa 9: 50 ürün alındı. (Toplam: 471)
2026-07-31 16:17:46,817 INFO [UserId=184] Sayfa 10: 21 ürün alındı. (Toplam: 471)
2026-07-31 16:17:46,817 INFO [UserId=184] Toplam 471 ürün çekildi.
2026-07-31 16:17:47,059 INFO [UserId=1735] Sayfa 1: 50 ürün alındı. (Toplam: 272)
2026-07-31 16:17:47,317 INFO [UserId=1735] Sayfa 2: 50 ürün alındı. (Toplam: 272)
2026-07-31 16:17:47,562 INFO [UserId=1735] Sayfa 3: 50 ürün alındı. (Toplam: 272)
2026-07-31 16:17:47,821 INFO [UserId=1735] Sayfa 4: 50 ürün alındı. (Toplam: 272)
2026-07-31 16:17:48,066 INFO [UserId=1735] Sayfa 5: 50 ürün alındı. (Toplam: 272)
2026-07-31 16:17:48,291 INFO [UserId=1735] Sayfa 6: 22 ürün alındı. (Toplam: 272)
2026-07-31 16:17:48,291 INFO [UserId=1735] Toplam 272 ürün çekildi.
2026-07-31 16:17:48,543 INFO [UserId=11197] Sayfa 1: 50 ürün alındı. (Toplam: 205)
2026-07-31 16:17:48,794 INFO [UserId=11197] Sayfa 2: 50 ürün alındı. (Toplam: 205)
2026-07-31 16:17:49,047 INFO [UserId=11197] Sayfa 3: 50 ürün alındı. (Toplam: 205)
2026-07-31 16:17:49,297 INFO [UserId=11197] Sayfa 4: 50 ürün alındı. (Toplam: 205)
2026-07-31 16:17:49,508 INFO [UserId=11197] Sayfa 5: 5 ürün alındı. (Toplam: 205)
2026-07-31 16:17:49,509 INFO [UserId=11197] Toplam 205 ürün çekildi.
2026-07-31 16:17:49,773 INFO [UserId=759] Sayfa 1: 50 ürün alındı. (Toplam: 373)
2026-07-31 16:17:50,026 INFO [UserId=759] Sayfa 2: 50 ürün alındı. (Toplam: 373)
2026-07-31 16:17:50,285 INFO [UserId=759] Sayfa 3: 50 ürün alındı. (Toplam: 373)
2026-07-31 16:17:50,542 INFO [UserId=759] Sayfa 4: 50 ürün alındı. (Toplam: 373)
2026-07-31 16:17:50,818 INFO [UserId=759] Sayfa 5: 50 ürün alındı. (Toplam: 373)
2026-07-31 16:17:51,070 INFO [UserId=759] Sayfa 6: 50 ürün alındı. (Toplam: 373)
2026-07-31 16:17:51,346 INFO [UserId=759] Sayfa 7: 50 ürün alındı. (Toplam: 373)
2026-07-31 16:17:51,576 INFO [UserId=759] Sayfa 8: 23 ürün alındı. (Toplam: 373)
2026-07-31 16:17:51,576 INFO [UserId=759] Toplam 373 ürün çekildi.
2026-07-31 16:17:51,850 INFO [UserId=18] Sayfa 1: 50 ürün alındı. (Toplam: 1102)
2026-07-31 16:17:52,131 INFO [UserId=18] Sayfa 2: 50 ürün alındı. (Toplam: 1102)
2026-07-31 16:17:52,449 INFO [UserId=18] Sayfa 3: 50 ürün alındı. (Toplam: 1102)
2026-07-31 16:17:52,717 INFO [UserId=18] Sayfa 4: 50 ürün alındı. (Toplam: 1102)
2026-07-31 16:17:52,975 INFO [UserId=18] Sayfa 5: 50 ürün alındı. (Toplam: 1102)
2026-07-31 16:17:53,252 INFO [UserId=18] Sayfa 6: 50 ürün alındı. (Toplam: 1102)
2026-07-31 16:17:53,511 INFO [UserId=18] Sayfa 7: 50 ürün alındı. (Toplam: 1102)
2026-07-31 16:17:53,831 INFO [UserId=18] Sayfa 8: 50 ürün alındı. (Toplam: 1102)
2026-07-31 16:17:54,108 INFO [UserId=18] Sayfa 9: 50 ürün alındı. (Toplam: 1102)
2026-07-31 16:17:54,384 INFO [UserId=18] Sayfa 10: 50 ürün alındı. (Toplam: 1102)
2026-07-31 16:17:54,655 INFO [UserId=18] Sayfa 11: 50 ürün alındı. (Toplam: 1102)
2026-07-31 16:17:54,930 INFO [UserId=18] Sayfa 12: 50 ürün alındı. (Toplam: 1102)
2026-07-31 16:17:55,235 INFO [UserId=18] Sayfa 13: 50 ürün alındı. (Toplam: 1102)
2026-07-31 16:17:55,555 INFO [UserId=18] Sayfa 14: 50 ürün alındı. (Toplam: 1102)
2026-07-31 16:17:55,850 INFO [UserId=18] Sayfa 15: 50 ürün alındı. (Toplam: 1102)
2026-07-31 16:17:56,117 INFO [UserId=18] Sayfa 16: 50 ürün alındı. (Toplam: 1102)
2026-07-31 16:17:56,390 INFO [UserId=18] Sayfa 17: 50 ürün alındı. (Toplam: 1102)
2026-07-31 16:17:56,658 INFO [UserId=18] Sayfa 18: 50 ürün alındı. (Toplam: 1102)
2026-07-31 16:17:56,932 INFO [UserId=18] Sayfa 19: 50 ürün alındı. (Toplam: 1102)
2026-07-31 16:17:57,199 INFO [UserId=18] Sayfa 20: 50 ürün alındı. (Toplam: 1102)
2026-07-31 16:17:57,460 INFO [UserId=18] Sayfa 21: 50 ürün alındı. (Toplam: 1102)
2026-07-31 16:17:57,728 INFO [UserId=18] Sayfa 22: 50 ürün alındı. (Toplam: 1102)
2026-07-31 16:17:57,959 INFO [UserId=18] Sayfa 23: 2 ürün alındı. (Toplam: 1102)
2026-07-31 16:17:57,960 INFO [UserId=18] Toplam 1102 ürün çekildi.
2026-07-31 16:17:57,991 INFO Varyantlı XML feed yazıldı: docs/ecza1-feed.xml (4548 satır / varyant)
2026-07-31 16:17:57,993 INFO Tüm mağazalar için senkronizasyon tamamlandı.
2026-07-31 20:50:49,132 INFO Giriş başarılı (302 yönlendirme -> /).
2026-07-31 20:51:53,289 INFO Kategori/marka tablosu hazır: 658 kategori, 3310 marka bulundu.
2026-07-31 20:51:53,523 INFO [UserId=7982] Sayfa 1: 50 ürün alındı. (Toplam: 622)
2026-07-31 20:51:53,755 INFO [UserId=7982] Sayfa 2: 50 ürün alındı. (Toplam: 622)
2026-07-31 20:51:53,993 INFO [UserId=7982] Sayfa 3: 50 ürün alındı. (Toplam: 622)
2026-07-31 20:51:54,235 INFO [UserId=7982] Sayfa 4: 50 ürün alındı. (Toplam: 622)
2026-07-31 20:51:54,478 INFO [UserId=7982] Sayfa 5: 50 ürün alındı. (Toplam: 622)
2026-07-31 20:51:54,719 INFO [UserId=7982] Sayfa 6: 50 ürün alındı. (Toplam: 622)
2026-07-31 20:51:54,969 INFO [UserId=7982] Sayfa 7: 50 ürün alındı. (Toplam: 622)
2026-07-31 20:51:55,205 INFO [UserId=7982] Sayfa 8: 50 ürün alındı. (Toplam: 622)
2026-07-31 20:51:55,444 INFO [UserId=7982] Sayfa 9: 50 ürün alındı. (Toplam: 622)
2026-07-31 20:51:55,689 INFO [UserId=7982] Sayfa 10: 50 ürün alındı. (Toplam: 622)
2026-07-31 20:51:55,931 INFO [UserId=7982] Sayfa 11: 50 ürün alındı. (Toplam: 622)
2026-07-31 20:51:56,162 INFO [UserId=7982] Sayfa 12: 50 ürün alındı. (Toplam: 622)
2026-07-31 20:51:56,383 INFO [UserId=7982] Sayfa 13: 22 ürün alındı. (Toplam: 622)
2026-07-31 20:51:56,383 INFO [UserId=7982] Toplam 622 ürün çekildi.
2026-07-31 20:51:56,625 INFO [UserId=16982] Sayfa 1: 50 ürün alındı. (Toplam: 732)
2026-07-31 20:51:56,869 INFO [UserId=16982] Sayfa 2: 50 ürün alındı. (Toplam: 732)
2026-07-31 20:51:57,116 INFO [UserId=16982] Sayfa 3: 50 ürün alındı. (Toplam: 732)
2026-07-31 20:51:57,360 INFO [UserId=16982] Sayfa 4: 50 ürün alındı. (Toplam: 732)
2026-07-31 20:51:57,588 INFO [UserId=16982] Sayfa 5: 50 ürün alındı. (Toplam: 732)
2026-07-31 20:51:57,879 INFO [UserId=16982] Sayfa 6: 50 ürün alındı. (Toplam: 732)
2026-07-31 20:51:58,124 INFO [UserId=16982] Sayfa 7: 50 ürün alındı. (Toplam: 732)
2026-07-31 20:51:58,382 INFO [UserId=16982] Sayfa 8: 50 ürün alındı. (Toplam: 732)
2026-07-31 20:51:58,625 INFO [UserId=16982] Sayfa 9: 50 ürün alındı. (Toplam: 732)
2026-07-31 20:51:58,894 INFO [UserId=16982] Sayfa 10: 50 ürün alındı. (Toplam: 732)
2026-07-31 20:51:59,160 INFO [UserId=16982] Sayfa 11: 50 ürün alındı. (Toplam: 732)
2026-07-31 20:51:59,419 INFO [UserId=16982] Sayfa 12: 50 ürün alındı. (Toplam: 732)
2026-07-31 20:51:59,661 INFO [UserId=16982] Sayfa 13: 50 ürün alındı. (Toplam: 732)
2026-07-31 20:51:59,907 INFO [UserId=16982] Sayfa 14: 50 ürün alındı. (Toplam: 732)
2026-07-31 20:52:00,140 INFO [UserId=16982] Sayfa 15: 32 ürün alındı. (Toplam: 732)
2026-07-31 20:52:00,140 INFO [UserId=16982] Toplam 732 ürün çekildi.
2026-07-31 20:52:00,367 INFO [UserId=19598] Sayfa 1: 50 ürün alındı. (Toplam: 390)
2026-07-31 20:52:00,593 INFO [UserId=19598] Sayfa 2: 50 ürün alındı. (Toplam: 390)
2026-07-31 20:52:00,819 INFO [UserId=19598] Sayfa 3: 50 ürün alındı. (Toplam: 390)
2026-07-31 20:52:01,089 INFO [UserId=19598] Sayfa 4: 50 ürün alındı. (Toplam: 390)
2026-07-31 20:52:01,307 INFO [UserId=19598] Sayfa 5: 50 ürün alındı. (Toplam: 390)
2026-07-31 20:52:01,532 INFO [UserId=19598] Sayfa 6: 50 ürün alındı. (Toplam: 390)
2026-07-31 20:52:01,760 INFO [UserId=19598] Sayfa 7: 50 ürün alındı. (Toplam: 390)
2026-07-31 20:52:01,999 INFO [UserId=19598] Sayfa 8: 40 ürün alındı. (Toplam: 390)
2026-07-31 20:52:01,999 INFO [UserId=19598] Toplam 390 ürün çekildi.
2026-07-31 20:52:02,250 INFO [UserId=21144] Sayfa 1: 50 ürün alındı. (Toplam: 378)
2026-07-31 20:52:02,490 INFO [UserId=21144] Sayfa 2: 50 ürün alındı. (Toplam: 378)
2026-07-31 20:52:02,739 INFO [UserId=21144] Sayfa 3: 50 ürün alındı. (Toplam: 378)
2026-07-31 20:52:03,026 INFO [UserId=21144] Sayfa 4: 50 ürün alındı. (Toplam: 378)
2026-07-31 20:52:03,280 INFO [UserId=21144] Sayfa 5: 50 ürün alındı. (Toplam: 378)
2026-07-31 20:52:03,529 INFO [UserId=21144] Sayfa 6: 50 ürün alındı. (Toplam: 378)
2026-07-31 20:52:03,762 INFO [UserId=21144] Sayfa 7: 50 ürün alındı. (Toplam: 378)
2026-07-31 20:52:03,997 INFO [UserId=21144] Sayfa 8: 28 ürün alındı. (Toplam: 378)
2026-07-31 20:52:03,997 INFO [UserId=21144] Toplam 378 ürün çekildi.
2026-07-31 20:52:04,248 INFO [UserId=184] Sayfa 1: 50 ürün alındı. (Toplam: 446)
2026-07-31 20:52:04,489 INFO [UserId=184] Sayfa 2: 50 ürün alındı. (Toplam: 446)
2026-07-31 20:52:04,750 INFO [UserId=184] Sayfa 3: 50 ürün alındı. (Toplam: 446)
2026-07-31 20:52:04,988 INFO [UserId=184] Sayfa 4: 50 ürün alındı. (Toplam: 446)
2026-07-31 20:52:05,234 INFO [UserId=184] Sayfa 5: 50 ürün alındı. (Toplam: 446)
2026-07-31 20:52:05,511 INFO [UserId=184] Sayfa 6: 50 ürün alındı. (Toplam: 446)
2026-07-31 20:52:05,805 INFO [UserId=184] Sayfa 7: 50 ürün alındı. (Toplam: 446)
2026-07-31 20:52:06,048 INFO [UserId=184] Sayfa 8: 50 ürün alındı. (Toplam: 446)
2026-07-31 20:52:06,293 INFO [UserId=184] Sayfa 9: 46 ürün alındı. (Toplam: 446)
2026-07-31 20:52:06,293 INFO [UserId=184] Toplam 446 ürün çekildi.
2026-07-31 20:52:06,517 INFO [UserId=1735] Sayfa 1: 50 ürün alındı. (Toplam: 272)
2026-07-31 20:52:06,753 INFO [UserId=1735] Sayfa 2: 50 ürün alındı. (Toplam: 272)
2026-07-31 20:52:06,982 INFO [UserId=1735] Sayfa 3: 50 ürün alındı. (Toplam: 272)
2026-07-31 20:52:07,225 INFO [UserId=1735] Sayfa 4: 50 ürün alındı. (Toplam: 272)
2026-07-31 20:52:07,469 INFO [UserId=1735] Sayfa 5: 50 ürün alındı. (Toplam: 272)
2026-07-31 20:52:07,702 INFO [UserId=1735] Sayfa 6: 22 ürün alındı. (Toplam: 272)
2026-07-31 20:52:07,702 INFO [UserId=1735] Toplam 272 ürün çekildi.
2026-07-31 20:52:07,997 INFO [UserId=11197] Sayfa 1: 50 ürün alındı. (Toplam: 205)
2026-07-31 20:52:08,230 INFO [UserId=11197] Sayfa 2: 50 ürün alındı. (Toplam: 205)
2026-07-31 20:52:08,463 INFO [UserId=11197] Sayfa 3: 50 ürün alındı. (Toplam: 205)
2026-07-31 20:52:08,698 INFO [UserId=11197] Sayfa 4: 50 ürün alındı. (Toplam: 205)
2026-07-31 20:52:08,909 INFO [UserId=11197] Sayfa 5: 5 ürün alındı. (Toplam: 205)
2026-07-31 20:52:08,909 INFO [UserId=11197] Toplam 205 ürün çekildi.
2026-07-31 20:52:09,151 INFO [UserId=759] Sayfa 1: 50 ürün alındı. (Toplam: 373)
2026-07-31 20:52:09,388 INFO [UserId=759] Sayfa 2: 50 ürün alındı. (Toplam: 373)
2026-07-31 20:52:09,628 INFO [UserId=759] Sayfa 3: 50 ürün alındı. (Toplam: 373)
2026-07-31 20:52:09,869 INFO [UserId=759] Sayfa 4: 50 ürün alındı. (Toplam: 373)
2026-07-31 20:52:10,121 INFO [UserId=759] Sayfa 5: 50 ürün alındı. (Toplam: 373)
2026-07-31 20:52:10,370 INFO [UserId=759] Sayfa 6: 50 ürün alındı. (Toplam: 373)
2026-07-31 20:52:10,612 INFO [UserId=759] Sayfa 7: 50 ürün alındı. (Toplam: 373)
2026-07-31 20:52:10,825 INFO [UserId=759] Sayfa 8: 23 ürün alındı. (Toplam: 373)
2026-07-31 20:52:10,825 INFO [UserId=759] Toplam 373 ürün çekildi.
2026-07-31 20:52:11,074 INFO [UserId=18] Sayfa 1: 50 ürün alındı. (Toplam: 1102)
2026-07-31 20:52:11,342 INFO [UserId=18] Sayfa 2: 50 ürün alındı. (Toplam: 1102)
2026-07-31 20:52:11,596 INFO [UserId=18] Sayfa 3: 50 ürün alındı. (Toplam: 1102)
2026-07-31 20:52:11,859 INFO [UserId=18] Sayfa 4: 50 ürün alındı. (Toplam: 1102)
2026-07-31 20:52:12,117 INFO [UserId=18] Sayfa 5: 50 ürün alındı. (Toplam: 1102)
2026-07-31 20:52:12,369 INFO [UserId=18] Sayfa 6: 50 ürün alındı. (Toplam: 1102)
2026-07-31 20:52:12,611 INFO [UserId=18] Sayfa 7: 50 ürün alındı. (Toplam: 1102)
2026-07-31 20:52:12,855 INFO [UserId=18] Sayfa 8: 50 ürün alındı. (Toplam: 1102)
2026-07-31 20:52:13,139 INFO [UserId=18] Sayfa 9: 50 ürün alındı. (Toplam: 1102)
2026-07-31 20:52:13,394 INFO [UserId=18] Sayfa 10: 50 ürün alındı. (Toplam: 1102)
2026-07-31 20:52:13,640 INFO [UserId=18] Sayfa 11: 50 ürün alındı. (Toplam: 1102)
2026-07-31 20:52:13,892 INFO [UserId=18] Sayfa 12: 50 ürün alındı. (Toplam: 1102)
2026-07-31 20:52:14,179 INFO [UserId=18] Sayfa 13: 50 ürün alındı. (Toplam: 1102)
2026-07-31 20:52:14,554 INFO [UserId=18] Sayfa 14: 50 ürün alındı. (Toplam: 1102)
2026-07-31 20:52:14,816 INFO [UserId=18] Sayfa 15: 50 ürün alındı. (Toplam: 1102)
2026-07-31 20:52:15,159 INFO [UserId=18] Sayfa 16: 50 ürün alındı. (Toplam: 1102)
2026-07-31 20:52:15,413 INFO [UserId=18] Sayfa 17: 50 ürün alındı. (Toplam: 1102)
2026-07-31 20:52:15,661 INFO [UserId=18] Sayfa 18: 50 ürün alındı. (Toplam: 1102)
2026-07-31 20:52:15,912 INFO [UserId=18] Sayfa 19: 50 ürün alındı. (Toplam: 1102)
2026-07-31 20:52:16,197 INFO [UserId=18] Sayfa 20: 50 ürün alındı. (Toplam: 1102)
2026-07-31 20:52:16,482 INFO [UserId=18] Sayfa 21: 50 ürün alındı. (Toplam: 1102)
2026-07-31 20:52:16,735 INFO [UserId=18] Sayfa 22: 50 ürün alındı. (Toplam: 1102)
2026-07-31 20:52:16,942 INFO [UserId=18] Sayfa 23: 2 ürün alındı. (Toplam: 1102)
2026-07-31 20:52:16,942 INFO [UserId=18] Toplam 1102 ürün çekildi.
2026-07-31 20:52:16,979 INFO Varyantlı XML feed yazıldı: docs/ecza1-feed.xml (4520 satır / varyant)
2026-07-31 20:52:16,980 INFO Tüm mağazalar için senkronizasyon tamamlandı.
2026-08-01 00:14:46,377 INFO Giriş başarılı (302 yönlendirme -> /).
2026-08-01 00:15:44,356 INFO Kategori/marka tablosu hazır: 658 kategori, 3304 marka bulundu.
2026-08-01 00:15:44,597 INFO [UserId=7982] Sayfa 1: 50 ürün alındı. (Toplam: 622)
2026-08-01 00:15:44,809 INFO [UserId=7982] Sayfa 2: 50 ürün alındı. (Toplam: 622)
2026-08-01 00:15:45,028 INFO [UserId=7982] Sayfa 3: 50 ürün alındı. (Toplam: 622)
2026-08-01 00:15:45,241 INFO [UserId=7982] Sayfa 4: 50 ürün alındı. (Toplam: 622)
2026-08-01 00:15:45,458 INFO [UserId=7982] Sayfa 5: 50 ürün alındı. (Toplam: 622)
2026-08-01 00:15:45,676 INFO [UserId=7982] Sayfa 6: 50 ürün alındı. (Toplam: 622)
2026-08-01 00:15:45,896 INFO [UserId=7982] Sayfa 7: 50 ürün alındı. (Toplam: 622)
2026-08-01 00:15:46,107 INFO [UserId=7982] Sayfa 8: 50 ürün alındı. (Toplam: 622)
2026-08-01 00:15:46,327 INFO [UserId=7982] Sayfa 9: 50 ürün alındı. (Toplam: 622)
2026-08-01 00:15:46,541 INFO [UserId=7982] Sayfa 10: 50 ürün alındı. (Toplam: 622)
2026-08-01 00:15:46,747 INFO [UserId=7982] Sayfa 11: 50 ürün alındı. (Toplam: 622)
2026-08-01 00:15:46,966 INFO [UserId=7982] Sayfa 12: 50 ürün alındı. (Toplam: 622)
2026-08-01 00:15:47,158 INFO [UserId=7982] Sayfa 13: 22 ürün alındı. (Toplam: 622)
2026-08-01 00:15:47,159 INFO [UserId=7982] Toplam 622 ürün çekildi.
2026-08-01 00:15:47,376 INFO [UserId=16982] Sayfa 1: 50 ürün alındı. (Toplam: 731)
2026-08-01 00:15:47,601 INFO [UserId=16982] Sayfa 2: 50 ürün alındı. (Toplam: 731)
2026-08-01 00:15:47,826 INFO [UserId=16982] Sayfa 3: 50 ürün alındı. (Toplam: 731)
2026-08-01 00:15:48,065 INFO [UserId=16982] Sayfa 4: 50 ürün alındı. (Toplam: 731)
2026-08-01 00:15:48,263 INFO [UserId=16982] Sayfa 5: 50 ürün alındı. (Toplam: 731)
2026-08-01 00:15:48,474 INFO [UserId=16982] Sayfa 6: 50 ürün alındı. (Toplam: 731)
2026-08-01 00:15:48,686 INFO [UserId=16982] Sayfa 7: 50 ürün alındı. (Toplam: 731)
2026-08-01 00:15:48,915 INFO [UserId=16982] Sayfa 8: 50 ürün alındı. (Toplam: 731)
2026-08-01 00:15:49,141 INFO [UserId=16982] Sayfa 9: 50 ürün alındı. (Toplam: 731)
2026-08-01 00:15:49,361 INFO [UserId=16982] Sayfa 10: 50 ürün alındı. (Toplam: 731)
2026-08-01 00:15:49,597 INFO [UserId=16982] Sayfa 11: 50 ürün alındı. (Toplam: 731)
2026-08-01 00:15:49,830 INFO [UserId=16982] Sayfa 12: 50 ürün alındı. (Toplam: 731)
2026-08-01 00:15:50,048 INFO [UserId=16982] Sayfa 13: 50 ürün alındı. (Toplam: 731)
2026-08-01 00:15:50,268 INFO [UserId=16982] Sayfa 14: 50 ürün alındı. (Toplam: 731)
2026-08-01 00:15:50,471 INFO [UserId=16982] Sayfa 15: 31 ürün alındı. (Toplam: 731)
2026-08-01 00:15:50,471 INFO [UserId=16982] Toplam 731 ürün çekildi.
2026-08-01 00:15:50,680 INFO [UserId=19598] Sayfa 1: 50 ürün alındı. (Toplam: 389)
2026-08-01 00:15:50,882 INFO [UserId=19598] Sayfa 2: 50 ürün alındı. (Toplam: 389)
2026-08-01 00:15:51,085 INFO [UserId=19598] Sayfa 3: 50 ürün alındı. (Toplam: 389)
2026-08-01 00:15:51,284 INFO [UserId=19598] Sayfa 4: 50 ürün alındı. (Toplam: 389)
2026-08-01 00:15:51,472 INFO [UserId=19598] Sayfa 5: 50 ürün alındı. (Toplam: 389)
2026-08-01 00:15:51,670 INFO [UserId=19598] Sayfa 6: 50 ürün alındı. (Toplam: 389)
2026-08-01 00:15:51,871 INFO [UserId=19598] Sayfa 7: 50 ürün alındı. (Toplam: 389)
2026-08-01 00:15:52,079 INFO [UserId=19598] Sayfa 8: 39 ürün alındı. (Toplam: 389)
2026-08-01 00:15:52,079 INFO [UserId=19598] Toplam 389 ürün çekildi.
2026-08-01 00:15:52,301 INFO [UserId=21144] Sayfa 1: 50 ürün alındı. (Toplam: 376)
2026-08-01 00:15:52,527 INFO [UserId=21144] Sayfa 2: 50 ürün alındı. (Toplam: 376)
2026-08-01 00:15:52,738 INFO [UserId=21144] Sayfa 3: 50 ürün alındı. (Toplam: 376)
2026-08-01 00:15:52,955 INFO [UserId=21144] Sayfa 4: 50 ürün alındı. (Toplam: 376)
2026-08-01 00:15:53,183 INFO [UserId=21144] Sayfa 5: 50 ürün alındı. (Toplam: 376)
2026-08-01 00:15:53,403 INFO [UserId=21144] Sayfa 6: 50 ürün alındı. (Toplam: 376)
2026-08-01 00:15:53,619 INFO [UserId=21144] Sayfa 7: 50 ürün alındı. (Toplam: 376)
2026-08-01 00:15:53,812 INFO [UserId=21144] Sayfa 8: 26 ürün alındı. (Toplam: 376)
2026-08-01 00:15:53,813 INFO [UserId=21144] Toplam 376 ürün çekildi.
2026-08-01 00:15:54,032 INFO [UserId=184] Sayfa 1: 50 ürün alındı. (Toplam: 446)
2026-08-01 00:15:54,244 INFO [UserId=184] Sayfa 2: 50 ürün alındı. (Toplam: 446)
2026-08-01 00:15:54,480 INFO [UserId=184] Sayfa 3: 50 ürün alındı. (Toplam: 446)
2026-08-01 00:15:54,693 INFO [UserId=184] Sayfa 4: 50 ürün alındı. (Toplam: 446)
2026-08-01 00:15:54,919 INFO [UserId=184] Sayfa 5: 50 ürün alındı. (Toplam: 446)
2026-08-01 00:15:55,189 INFO [UserId=184] Sayfa 6: 50 ürün alındı. (Toplam: 446)
2026-08-01 00:15:55,425 INFO [UserId=184] Sayfa 7: 50 ürün alındı. (Toplam: 446)
2026-08-01 00:15:55,652 INFO [UserId=184] Sayfa 8: 50 ürün alındı. (Toplam: 446)
2026-08-01 00:15:55,874 INFO [UserId=184] Sayfa 9: 46 ürün alındı. (Toplam: 446)
2026-08-01 00:15:55,874 INFO [UserId=184] Toplam 446 ürün çekildi.
2026-08-01 00:15:56,076 INFO [UserId=1735] Sayfa 1: 50 ürün alındı. (Toplam: 267)
2026-08-01 00:15:56,314 INFO [UserId=1735] Sayfa 2: 50 ürün alındı. (Toplam: 267)
2026-08-01 00:15:56,514 INFO [UserId=1735] Sayfa 3: 50 ürün alındı. (Toplam: 267)
2026-08-01 00:15:56,730 INFO [UserId=1735] Sayfa 4: 50 ürün alındı. (Toplam: 267)
2026-08-01 00:15:56,931 INFO [UserId=1735] Sayfa 5: 50 ürün alındı. (Toplam: 267)
2026-08-01 00:15:57,106 INFO [UserId=1735] Sayfa 6: 17 ürün alındı. (Toplam: 267)
2026-08-01 00:15:57,106 INFO [UserId=1735] Toplam 267 ürün çekildi.
2026-08-01 00:15:57,315 INFO [UserId=11197] Sayfa 1: 50 ürün alındı. (Toplam: 205)
2026-08-01 00:15:57,522 INFO [UserId=11197] Sayfa 2: 50 ürün alındı. (Toplam: 205)
2026-08-01 00:15:57,732 INFO [UserId=11197] Sayfa 3: 50 ürün alındı. (Toplam: 205)
2026-08-01 00:15:57,938 INFO [UserId=11197] Sayfa 4: 50 ürün alındı. (Toplam: 205)
2026-08-01 00:15:58,106 INFO [UserId=11197] Sayfa 5: 5 ürün alındı. (Toplam: 205)
2026-08-01 00:15:58,106 INFO [UserId=11197] Toplam 205 ürün çekildi.
2026-08-01 00:15:58,336 INFO [UserId=759] Sayfa 1: 50 ürün alındı. (Toplam: 373)
2026-08-01 00:15:58,551 INFO [UserId=759] Sayfa 2: 50 ürün alındı. (Toplam: 373)
2026-08-01 00:15:58,764 INFO [UserId=759] Sayfa 3: 50 ürün alındı. (Toplam: 373)
2026-08-01 00:15:58,974 INFO [UserId=759] Sayfa 4: 50 ürün alındı. (Toplam: 373)
2026-08-01 00:15:59,204 INFO [UserId=759] Sayfa 5: 50 ürün alındı. (Toplam: 373)
2026-08-01 00:15:59,419 INFO [UserId=759] Sayfa 6: 50 ürün alındı. (Toplam: 373)
2026-08-01 00:15:59,634 INFO [UserId=759] Sayfa 7: 50 ürün alındı. (Toplam: 373)
2026-08-01 00:15:59,824 INFO [UserId=759] Sayfa 8: 23 ürün alındı. (Toplam: 373)
2026-08-01 00:15:59,824 INFO [UserId=759] Toplam 373 ürün çekildi.
2026-08-01 00:16:00,058 INFO [UserId=18] Sayfa 1: 50 ürün alındı. (Toplam: 1101)
2026-08-01 00:16:00,295 INFO [UserId=18] Sayfa 2: 50 ürün alındı. (Toplam: 1101)
2026-08-01 00:16:00,524 INFO [UserId=18] Sayfa 3: 50 ürün alındı. (Toplam: 1101)
2026-08-01 00:16:00,756 INFO [UserId=18] Sayfa 4: 50 ürün alındı. (Toplam: 1101)
2026-08-01 00:16:00,978 INFO [UserId=18] Sayfa 5: 50 ürün alındı. (Toplam: 1101)
2026-08-01 00:16:01,206 INFO [UserId=18] Sayfa 6: 50 ürün alındı. (Toplam: 1101)
2026-08-01 00:16:01,427 INFO [UserId=18] Sayfa 7: 50 ürün alındı. (Toplam: 1101)
2026-08-01 00:16:01,648 INFO [UserId=18] Sayfa 8: 50 ürün alındı. (Toplam: 1101)
2026-08-01 00:16:01,904 INFO [UserId=18] Sayfa 9: 50 ürün alındı. (Toplam: 1101)
2026-08-01 00:16:02,133 INFO [UserId=18] Sayfa 10: 50 ürün alındı. (Toplam: 1101)
2026-08-01 00:16:02,357 INFO [UserId=18] Sayfa 11: 50 ürün alındı. (Toplam: 1101)
2026-08-01 00:16:02,581 INFO [UserId=18] Sayfa 12: 50 ürün alındı. (Toplam: 1101)
2026-08-01 00:16:02,839 INFO [UserId=18] Sayfa 13: 50 ürün alındı. (Toplam: 1101)
2026-08-01 00:16:03,094 INFO [UserId=18] Sayfa 14: 50 ürün alındı. (Toplam: 1101)
2026-08-01 00:16:03,333 INFO [UserId=18] Sayfa 15: 50 ürün alındı. (Toplam: 1101)
2026-08-01 00:16:03,555 INFO [UserId=18] Sayfa 16: 50 ürün alındı. (Toplam: 1101)
2026-08-01 00:16:03,783 INFO [UserId=18] Sayfa 17: 50 ürün alındı. (Toplam: 1101)
2026-08-01 00:16:04,012 INFO [UserId=18] Sayfa 18: 50 ürün alındı. (Toplam: 1101)
2026-08-01 00:16:04,242 INFO [UserId=18] Sayfa 19: 50 ürün alındı. (Toplam: 1101)
2026-08-01 00:16:04,468 INFO [UserId=18] Sayfa 20: 50 ürün alındı. (Toplam: 1101)
2026-08-01 00:16:04,686 INFO [UserId=18] Sayfa 21: 50 ürün alındı. (Toplam: 1101)
2026-08-01 00:16:04,912 INFO [UserId=18] Sayfa 22: 50 ürün alındı. (Toplam: 1101)
2026-08-01 00:16:05,095 INFO [UserId=18] Sayfa 23: 1 ürün alındı. (Toplam: 1101)
2026-08-01 00:16:05,095 INFO [UserId=18] Toplam 1101 ürün çekildi.
2026-08-01 00:16:05,132 INFO Varyantlı XML feed yazıldı: docs/ecza1-feed.xml (4510 satır / varyant)
2026-08-01 00:16:05,134 INFO Tüm mağazalar için senkronizasyon tamamlandı.
2026-08-01 08:58:15,008 INFO Giriş başarılı (302 yönlendirme -> /).
2026-08-01 08:59:17,291 INFO Kategori/marka tablosu hazır: 658 kategori, 3303 marka bulundu.
2026-08-01 08:59:17,500 INFO [UserId=7982] Sayfa 1: 50 ürün alındı. (Toplam: 621)
2026-08-01 08:59:17,705 INFO [UserId=7982] Sayfa 2: 50 ürün alındı. (Toplam: 621)
2026-08-01 08:59:17,915 INFO [UserId=7982] Sayfa 3: 50 ürün alındı. (Toplam: 621)
2026-08-01 08:59:18,134 INFO [UserId=7982] Sayfa 4: 50 ürün alındı. (Toplam: 621)
2026-08-01 08:59:18,339 INFO [UserId=7982] Sayfa 5: 50 ürün alındı. (Toplam: 621)
2026-08-01 08:59:18,546 INFO [UserId=7982] Sayfa 6: 50 ürün alındı. (Toplam: 621)
2026-08-01 08:59:18,760 INFO [UserId=7982] Sayfa 7: 50 ürün alındı. (Toplam: 621)
2026-08-01 08:59:18,966 INFO [UserId=7982] Sayfa 8: 50 ürün alındı. (Toplam: 621)
2026-08-01 08:59:19,176 INFO [UserId=7982] Sayfa 9: 50 ürün alındı. (Toplam: 621)
2026-08-01 08:59:19,390 INFO [UserId=7982] Sayfa 10: 50 ürün alındı. (Toplam: 621)
2026-08-01 08:59:19,590 INFO [UserId=7982] Sayfa 11: 50 ürün alındı. (Toplam: 621)
2026-08-01 08:59:19,793 INFO [UserId=7982] Sayfa 12: 50 ürün alındı. (Toplam: 621)
2026-08-01 08:59:19,976 INFO [UserId=7982] Sayfa 13: 21 ürün alındı. (Toplam: 621)
2026-08-01 08:59:19,976 INFO [UserId=7982] Toplam 621 ürün çekildi.
2026-08-01 08:59:20,179 INFO [UserId=16982] Sayfa 1: 50 ürün alındı. (Toplam: 717)
2026-08-01 08:59:20,392 INFO [UserId=16982] Sayfa 2: 50 ürün alındı. (Toplam: 717)
2026-08-01 08:59:20,602 INFO [UserId=16982] Sayfa 3: 50 ürün alındı. (Toplam: 717)
2026-08-01 08:59:20,807 INFO [UserId=16982] Sayfa 4: 50 ürün alındı. (Toplam: 717)
2026-08-01 08:59:21,003 INFO [UserId=16982] Sayfa 5: 50 ürün alındı. (Toplam: 717)
2026-08-01 08:59:21,212 INFO [UserId=16982] Sayfa 6: 50 ürün alındı. (Toplam: 717)
2026-08-01 08:59:21,415 INFO [UserId=16982] Sayfa 7: 50 ürün alındı. (Toplam: 717)
2026-08-01 08:59:21,633 INFO [UserId=16982] Sayfa 8: 50 ürün alındı. (Toplam: 717)
2026-08-01 08:59:21,838 INFO [UserId=16982] Sayfa 9: 50 ürün alındı. (Toplam: 717)
2026-08-01 08:59:22,071 INFO [UserId=16982] Sayfa 10: 50 ürün alındı. (Toplam: 717)
2026-08-01 08:59:22,294 INFO [UserId=16982] Sayfa 11: 50 ürün alındı. (Toplam: 717)
2026-08-01 08:59:22,511 INFO [UserId=16982] Sayfa 12: 50 ürün alındı. (Toplam: 717)
2026-08-01 08:59:22,715 INFO [UserId=16982] Sayfa 13: 50 ürün alındı. (Toplam: 717)
2026-08-01 08:59:22,924 INFO [UserId=16982] Sayfa 14: 50 ürün alındı. (Toplam: 717)
2026-08-01 08:59:23,109 INFO [UserId=16982] Sayfa 15: 17 ürün alındı. (Toplam: 717)
2026-08-01 08:59:23,109 INFO [UserId=16982] Toplam 717 ürün çekildi.
2026-08-01 08:59:23,309 INFO [UserId=19598] Sayfa 1: 50 ürün alındı. (Toplam: 389)
2026-08-01 08:59:23,503 INFO [UserId=19598] Sayfa 2: 50 ürün alındı. (Toplam: 389)
2026-08-01 08:59:23,693 INFO [UserId=19598] Sayfa 3: 50 ürün alındı. (Toplam: 389)
2026-08-01 08:59:23,890 INFO [UserId=19598] Sayfa 4: 50 ürün alındı. (Toplam: 389)
2026-08-01 08:59:24,075 INFO [UserId=19598] Sayfa 5: 50 ürün alındı. (Toplam: 389)
2026-08-01 08:59:24,272 INFO [UserId=19598] Sayfa 6: 50 ürün alındı. (Toplam: 389)
2026-08-01 08:59:24,473 INFO [UserId=19598] Sayfa 7: 50 ürün alındı. (Toplam: 389)
2026-08-01 08:59:24,674 INFO [UserId=19598] Sayfa 8: 39 ürün alındı. (Toplam: 389)
2026-08-01 08:59:24,674 INFO [UserId=19598] Toplam 389 ürün çekildi.
2026-08-01 08:59:24,895 INFO [UserId=21144] Sayfa 1: 50 ürün alındı. (Toplam: 375)
2026-08-01 08:59:25,108 INFO [UserId=21144] Sayfa 2: 50 ürün alındı. (Toplam: 375)
2026-08-01 08:59:25,313 INFO [UserId=21144] Sayfa 3: 50 ürün alındı. (Toplam: 375)
2026-08-01 08:59:25,520 INFO [UserId=21144] Sayfa 4: 50 ürün alındı. (Toplam: 375)
2026-08-01 08:59:25,739 INFO [UserId=21144] Sayfa 5: 50 ürün alındı. (Toplam: 375)
2026-08-01 08:59:25,949 INFO [UserId=21144] Sayfa 6: 50 ürün alındı. (Toplam: 375)
2026-08-01 08:59:26,153 INFO [UserId=21144] Sayfa 7: 50 ürün alındı. (Toplam: 375)
2026-08-01 08:59:26,338 INFO [UserId=21144] Sayfa 8: 25 ürün alındı. (Toplam: 375)
2026-08-01 08:59:26,338 INFO [UserId=21144] Toplam 375 ürün çekildi.
2026-08-01 08:59:26,549 INFO [UserId=184] Sayfa 1: 50 ürün alındı. (Toplam: 440)
2026-08-01 08:59:26,753 INFO [UserId=184] Sayfa 2: 50 ürün alındı. (Toplam: 440)
2026-08-01 08:59:26,963 INFO [UserId=184] Sayfa 3: 50 ürün alındı. (Toplam: 440)
2026-08-01 08:59:27,178 INFO [UserId=184] Sayfa 4: 50 ürün alındı. (Toplam: 440)
2026-08-01 08:59:27,394 INFO [UserId=184] Sayfa 5: 50 ürün alındı. (Toplam: 440)
2026-08-01 08:59:27,637 INFO [UserId=184] Sayfa 6: 50 ürün alındı. (Toplam: 440)
2026-08-01 08:59:27,875 INFO [UserId=184] Sayfa 7: 50 ürün alındı. (Toplam: 440)
2026-08-01 08:59:28,093 INFO [UserId=184] Sayfa 8: 50 ürün alındı. (Toplam: 440)
2026-08-01 08:59:28,291 INFO [UserId=184] Sayfa 9: 40 ürün alındı. (Toplam: 440)
2026-08-01 08:59:28,291 INFO [UserId=184] Toplam 440 ürün çekildi.
2026-08-01 08:59:28,488 INFO [UserId=1735] Sayfa 1: 50 ürün alındı. (Toplam: 267)
2026-08-01 08:59:28,704 INFO [UserId=1735] Sayfa 2: 50 ürün alındı. (Toplam: 267)
2026-08-01 08:59:28,911 INFO [UserId=1735] Sayfa 3: 50 ürün alındı. (Toplam: 267)
2026-08-01 08:59:29,121 INFO [UserId=1735] Sayfa 4: 50 ürün alındı. (Toplam: 267)
2026-08-01 08:59:29,318 INFO [UserId=1735] Sayfa 5: 50 ürün alındı. (Toplam: 267)
2026-08-01 08:59:29,488 INFO [UserId=1735] Sayfa 6: 17 ürün alındı. (Toplam: 267)
2026-08-01 08:59:29,488 INFO [UserId=1735] Toplam 267 ürün çekildi.
2026-08-01 08:59:29,773 INFO [UserId=11197] Sayfa 1: 50 ürün alındı. (Toplam: 205)
2026-08-01 08:59:29,983 INFO [UserId=11197] Sayfa 2: 50 ürün alındı. (Toplam: 205)
2026-08-01 08:59:30,190 INFO [UserId=11197] Sayfa 3: 50 ürün alındı. (Toplam: 205)
2026-08-01 08:59:30,391 INFO [UserId=11197] Sayfa 4: 50 ürün alındı. (Toplam: 205)
2026-08-01 08:59:30,552 INFO [UserId=11197] Sayfa 5: 5 ürün alındı. (Toplam: 205)
2026-08-01 08:59:30,552 INFO [UserId=11197] Toplam 205 ürün çekildi.
2026-08-01 08:59:30,763 INFO [UserId=759] Sayfa 1: 50 ürün alındı. (Toplam: 372)
2026-08-01 08:59:30,968 INFO [UserId=759] Sayfa 2: 50 ürün alındı. (Toplam: 372)
2026-08-01 08:59:31,176 INFO [UserId=759] Sayfa 3: 50 ürün alındı. (Toplam: 372)
2026-08-01 08:59:31,380 INFO [UserId=759] Sayfa 4: 50 ürün alındı. (Toplam: 372)
2026-08-01 08:59:31,599 INFO [UserId=759] Sayfa 5: 50 ürün alındı. (Toplam: 372)
2026-08-01 08:59:31,802 INFO [UserId=759] Sayfa 6: 50 ürün alındı. (Toplam: 372)
2026-08-01 08:59:32,013 INFO [UserId=759] Sayfa 7: 50 ürün alındı. (Toplam: 372)
2026-08-01 08:59:32,194 INFO [UserId=759] Sayfa 8: 22 ürün alındı. (Toplam: 372)
2026-08-01 08:59:32,194 INFO [UserId=759] Toplam 372 ürün çekildi.
2026-08-01 08:59:32,416 INFO [UserId=18] Sayfa 1: 50 ürün alındı. (Toplam: 1100)
2026-08-01 08:59:32,645 INFO [UserId=18] Sayfa 2: 50 ürün alındı. (Toplam: 1100)
2026-08-01 08:59:32,867 INFO [UserId=18] Sayfa 3: 50 ürün alındı. (Toplam: 1100)
2026-08-01 08:59:33,086 INFO [UserId=18] Sayfa 4: 50 ürün alındı. (Toplam: 1100)
2026-08-01 08:59:33,293 INFO [UserId=18] Sayfa 5: 50 ürün alındı. (Toplam: 1100)
2026-08-01 08:59:33,509 INFO [UserId=18] Sayfa 6: 50 ürün alındı. (Toplam: 1100)
2026-08-01 08:59:33,720 INFO [UserId=18] Sayfa 7: 50 ürün alındı. (Toplam: 1100)
2026-08-01 08:59:33,938 INFO [UserId=18] Sayfa 8: 50 ürün alındı. (Toplam: 1100)
2026-08-01 08:59:34,155 INFO [UserId=18] Sayfa 9: 50 ürün alındı. (Toplam: 1100)
2026-08-01 08:59:34,387 INFO [UserId=18] Sayfa 10: 50 ürün alındı. (Toplam: 1100)
2026-08-01 08:59:34,604 INFO [UserId=18] Sayfa 11: 50 ürün alındı. (Toplam: 1100)
2026-08-01 08:59:34,823 INFO [UserId=18] Sayfa 12: 50 ürün alındı. (Toplam: 1100)
2026-08-01 08:59:35,073 INFO [UserId=18] Sayfa 13: 50 ürün alındı. (Toplam: 1100)
2026-08-01 08:59:35,321 INFO [UserId=18] Sayfa 14: 50 ürün alındı. (Toplam: 1100)
2026-08-01 08:59:35,548 INFO [UserId=18] Sayfa 15: 50 ürün alındı. (Toplam: 1100)
2026-08-01 08:59:35,772 INFO [UserId=18] Sayfa 16: 50 ürün alındı. (Toplam: 1100)
2026-08-01 08:59:36,075 INFO [UserId=18] Sayfa 17: 50 ürün alındı. (Toplam: 1100)
2026-08-01 08:59:36,291 INFO [UserId=18] Sayfa 18: 50 ürün alındı. (Toplam: 1100)
2026-08-01 08:59:36,510 INFO [UserId=18] Sayfa 19: 50 ürün alındı. (Toplam: 1100)
2026-08-01 08:59:36,730 INFO [UserId=18] Sayfa 20: 50 ürün alındı. (Toplam: 1100)
2026-08-01 08:59:36,939 INFO [UserId=18] Sayfa 21: 50 ürün alındı. (Toplam: 1100)
2026-08-01 08:59:37,163 INFO [UserId=18] Sayfa 22: 50 ürün alındı. (Toplam: 1100)
2026-08-01 08:59:37,164 INFO [UserId=18] Toplam 1100 ürün çekildi.
2026-08-01 08:59:37,201 INFO Varyantlı XML feed yazıldı: docs/ecza1-feed.xml (4486 satır / varyant)
2026-08-01 08:59:37,203 INFO Tüm mağazalar için senkronizasyon tamamlandı.
2026-08-01 12:17:26,882 INFO Giriş başarılı (302 yönlendirme -> /).
2026-08-01 12:18:28,641 INFO Kategori/marka tablosu hazır: 659 kategori, 3304 marka bulundu.
2026-08-01 12:18:28,926 INFO [UserId=7982] Sayfa 1: 50 ürün alındı. (Toplam: 620)
2026-08-01 12:18:29,131 INFO [UserId=7982] Sayfa 2: 50 ürün alındı. (Toplam: 620)
2026-08-01 12:18:29,381 INFO [UserId=7982] Sayfa 3: 50 ürün alındı. (Toplam: 620)
2026-08-01 12:18:29,603 INFO [UserId=7982] Sayfa 4: 50 ürün alındı. (Toplam: 620)
2026-08-01 12:18:29,821 INFO [UserId=7982] Sayfa 5: 50 ürün alındı. (Toplam: 620)
2026-08-01 12:18:30,054 INFO [UserId=7982] Sayfa 6: 50 ürün alındı. (Toplam: 620)
2026-08-01 12:18:30,274 INFO [UserId=7982] Sayfa 7: 50 ürün alındı. (Toplam: 620)
2026-08-01 12:18:30,483 INFO [UserId=7982] Sayfa 8: 50 ürün alındı. (Toplam: 620)
2026-08-01 12:18:30,692 INFO [UserId=7982] Sayfa 9: 50 ürün alındı. (Toplam: 620)
2026-08-01 12:18:30,902 INFO [UserId=7982] Sayfa 10: 50 ürün alındı. (Toplam: 620)
2026-08-01 12:18:31,096 INFO [UserId=7982] Sayfa 11: 50 ürün alındı. (Toplam: 620)
2026-08-01 12:18:31,298 INFO [UserId=7982] Sayfa 12: 50 ürün alındı. (Toplam: 620)
2026-08-01 12:18:31,508 INFO [UserId=7982] Sayfa 13: 20 ürün alındı. (Toplam: 620)
2026-08-01 12:18:31,508 INFO [UserId=7982] Toplam 620 ürün çekildi.
2026-08-01 12:18:31,709 INFO [UserId=16982] Sayfa 1: 50 ürün alındı. (Toplam: 731)
2026-08-01 12:18:31,925 INFO [UserId=16982] Sayfa 2: 50 ürün alındı. (Toplam: 731)
2026-08-01 12:18:32,143 INFO [UserId=16982] Sayfa 3: 50 ürün alındı. (Toplam: 731)
2026-08-01 12:18:32,358 INFO [UserId=16982] Sayfa 4: 50 ürün alındı. (Toplam: 731)
2026-08-01 12:18:32,557 INFO [UserId=16982] Sayfa 5: 50 ürün alındı. (Toplam: 731)
2026-08-01 12:18:32,784 INFO [UserId=16982] Sayfa 6: 50 ürün alındı. (Toplam: 731)
2026-08-01 12:18:32,997 INFO [UserId=16982] Sayfa 7: 50 ürün alındı. (Toplam: 731)
2026-08-01 12:18:33,220 INFO [UserId=16982] Sayfa 8: 50 ürün alındı. (Toplam: 731)
2026-08-01 12:18:33,484 INFO [UserId=16982] Sayfa 9: 50 ürün alındı. (Toplam: 731)
2026-08-01 12:18:33,706 INFO [UserId=16982] Sayfa 10: 50 ürün alındı. (Toplam: 731)
2026-08-01 12:18:33,928 INFO [UserId=16982] Sayfa 11: 50 ürün alındı. (Toplam: 731)
2026-08-01 12:18:34,149 INFO [UserId=16982] Sayfa 12: 50 ürün alındı. (Toplam: 731)
2026-08-01 12:18:34,362 INFO [UserId=16982] Sayfa 13: 50 ürün alındı. (Toplam: 731)
2026-08-01 12:18:34,583 INFO [UserId=16982] Sayfa 14: 50 ürün alındı. (Toplam: 731)
2026-08-01 12:18:34,780 INFO [UserId=16982] Sayfa 15: 31 ürün alındı. (Toplam: 731)
2026-08-01 12:18:34,780 INFO [UserId=16982] Toplam 731 ürün çekildi.
2026-08-01 12:18:34,980 INFO [UserId=19598] Sayfa 1: 50 ürün alındı. (Toplam: 389)
2026-08-01 12:18:35,176 INFO [UserId=19598] Sayfa 2: 50 ürün alındı. (Toplam: 389)
2026-08-01 12:18:35,390 INFO [UserId=19598] Sayfa 3: 50 ürün alındı. (Toplam: 389)
2026-08-01 12:18:35,590 INFO [UserId=19598] Sayfa 4: 50 ürün alındı. (Toplam: 389)
2026-08-01 12:18:35,784 INFO [UserId=19598] Sayfa 5: 50 ürün alındı. (Toplam: 389)
2026-08-01 12:18:35,978 INFO [UserId=19598] Sayfa 6: 50 ürün alındı. (Toplam: 389)
2026-08-01 12:18:36,174 INFO [UserId=19598] Sayfa 7: 50 ürün alındı. (Toplam: 389)
2026-08-01 12:18:36,374 INFO [UserId=19598] Sayfa 8: 39 ürün alındı. (Toplam: 389)
2026-08-01 12:18:36,374 INFO [UserId=19598] Toplam 389 ürün çekildi.
2026-08-01 12:18:36,591 INFO [UserId=21144] Sayfa 1: 50 ürün alındı. (Toplam: 376)
2026-08-01 12:18:36,800 INFO [UserId=21144] Sayfa 2: 50 ürün alındı. (Toplam: 376)
2026-08-01 12:18:37,006 INFO [UserId=21144] Sayfa 3: 50 ürün alındı. (Toplam: 376)
2026-08-01 12:18:37,214 INFO [UserId=21144] Sayfa 4: 50 ürün alındı. (Toplam: 376)
2026-08-01 12:18:37,433 INFO [UserId=21144] Sayfa 5: 50 ürün alındı. (Toplam: 376)
2026-08-01 12:18:37,645 INFO [UserId=21144] Sayfa 6: 50 ürün alındı. (Toplam: 376)
2026-08-01 12:18:37,851 INFO [UserId=21144] Sayfa 7: 50 ürün alındı. (Toplam: 376)
2026-08-01 12:18:38,037 INFO [UserId=21144] Sayfa 8: 26 ürün alındı. (Toplam: 376)
2026-08-01 12:18:38,038 INFO [UserId=21144] Toplam 376 ürün çekildi.
2026-08-01 12:18:38,259 INFO [UserId=184] Sayfa 1: 50 ürün alındı. (Toplam: 441)
2026-08-01 12:18:38,464 INFO [UserId=184] Sayfa 2: 50 ürün alındı. (Toplam: 441)
2026-08-01 12:18:38,678 INFO [UserId=184] Sayfa 3: 50 ürün alındı. (Toplam: 441)
2026-08-01 12:18:38,886 INFO [UserId=184] Sayfa 4: 50 ürün alındı. (Toplam: 441)
2026-08-01 12:18:39,110 INFO [UserId=184] Sayfa 5: 50 ürün alındı. (Toplam: 441)
2026-08-01 12:18:39,364 INFO [UserId=184] Sayfa 6: 50 ürün alındı. (Toplam: 441)
2026-08-01 12:18:39,605 INFO [UserId=184] Sayfa 7: 50 ürün alındı. (Toplam: 441)
2026-08-01 12:18:39,822 INFO [UserId=184] Sayfa 8: 50 ürün alındı. (Toplam: 441)
2026-08-01 12:18:40,020 INFO [UserId=184] Sayfa 9: 41 ürün alındı. (Toplam: 441)
2026-08-01 12:18:40,020 INFO [UserId=184] Toplam 441 ürün çekildi.
2026-08-01 12:18:40,214 INFO [UserId=1735] Sayfa 1: 50 ürün alındı. (Toplam: 266)
2026-08-01 12:18:40,432 INFO [UserId=1735] Sayfa 2: 50 ürün alındı. (Toplam: 266)
2026-08-01 12:18:40,640 INFO [UserId=1735] Sayfa 3: 50 ürün alındı. (Toplam: 266)
2026-08-01 12:18:40,854 INFO [UserId=1735] Sayfa 4: 50 ürün alındı. (Toplam: 266)
2026-08-01 12:18:41,056 INFO [UserId=1735] Sayfa 5: 50 ürün alındı. (Toplam: 266)
2026-08-01 12:18:41,225 INFO [UserId=1735] Sayfa 6: 16 ürün alındı. (Toplam: 266)
2026-08-01 12:18:41,226 INFO [UserId=1735] Toplam 266 ürün çekildi.
2026-08-01 12:18:41,436 INFO [UserId=11197] Sayfa 1: 50 ürün alındı. (Toplam: 204)
2026-08-01 12:18:41,635 INFO [UserId=11197] Sayfa 2: 50 ürün alındı. (Toplam: 204)
2026-08-01 12:18:41,842 INFO [UserId=11197] Sayfa 3: 50 ürün alındı. (Toplam: 204)
2026-08-01 12:18:42,050 INFO [UserId=11197] Sayfa 4: 50 ürün alındı. (Toplam: 204)
2026-08-01 12:18:42,212 INFO [UserId=11197] Sayfa 5: 4 ürün alındı. (Toplam: 204)
2026-08-01 12:18:42,212 INFO [UserId=11197] Toplam 204 ürün çekildi.
2026-08-01 12:18:42,422 INFO [UserId=759] Sayfa 1: 50 ürün alındı. (Toplam: 372)
2026-08-01 12:18:42,657 INFO [UserId=759] Sayfa 2: 50 ürün alındı. (Toplam: 372)
2026-08-01 12:18:42,868 INFO [UserId=759] Sayfa 3: 50 ürün alındı. (Toplam: 372)
2026-08-01 12:18:43,075 INFO [UserId=759] Sayfa 4: 50 ürün alındı. (Toplam: 372)
2026-08-01 12:18:43,304 INFO [UserId=759] Sayfa 5: 50 ürün alındı. (Toplam: 372)
2026-08-01 12:18:43,510 INFO [UserId=759] Sayfa 6: 50 ürün alındı. (Toplam: 372)
2026-08-01 12:18:43,726 INFO [UserId=759] Sayfa 7: 50 ürün alındı. (Toplam: 372)
2026-08-01 12:18:43,911 INFO [UserId=759] Sayfa 8: 22 ürün alındı. (Toplam: 372)
2026-08-01 12:18:43,911 INFO [UserId=759] Toplam 372 ürün çekildi.
2026-08-01 12:18:44,143 INFO [UserId=18] Sayfa 1: 50 ürün alındı. (Toplam: 1096)
2026-08-01 12:18:44,371 INFO [UserId=18] Sayfa 2: 50 ürün alındı. (Toplam: 1096)
2026-08-01 12:18:44,597 INFO [UserId=18] Sayfa 3: 50 ürün alındı. (Toplam: 1096)
2026-08-01 12:18:44,813 INFO [UserId=18] Sayfa 4: 50 ürün alındı. (Toplam: 1096)
2026-08-01 12:18:45,023 INFO [UserId=18] Sayfa 5: 50 ürün alındı. (Toplam: 1096)
2026-08-01 12:18:45,242 INFO [UserId=18] Sayfa 6: 50 ürün alındı. (Toplam: 1096)
2026-08-01 12:18:45,455 INFO [UserId=18] Sayfa 7: 50 ürün alındı. (Toplam: 1096)
2026-08-01 12:18:45,665 INFO [UserId=18] Sayfa 8: 50 ürün alındı. (Toplam: 1096)
2026-08-01 12:18:45,888 INFO [UserId=18] Sayfa 9: 50 ürün alındı. (Toplam: 1096)
2026-08-01 12:18:46,153 INFO [UserId=18] Sayfa 10: 50 ürün alındı. (Toplam: 1096)
2026-08-01 12:18:46,370 INFO [UserId=18] Sayfa 11: 50 ürün alındı. (Toplam: 1096)
2026-08-01 12:18:46,593 INFO [UserId=18] Sayfa 12: 50 ürün alındı. (Toplam: 1096)
2026-08-01 12:18:46,843 INFO [UserId=18] Sayfa 13: 50 ürün alındı. (Toplam: 1096)
2026-08-01 12:18:47,094 INFO [UserId=18] Sayfa 14: 50 ürün alındı. (Toplam: 1096)
2026-08-01 12:18:47,318 INFO [UserId=18] Sayfa 15: 50 ürün alındı. (Toplam: 1096)
2026-08-01 12:18:47,534 INFO [UserId=18] Sayfa 16: 50 ürün alındı. (Toplam: 1096)
2026-08-01 12:18:47,763 INFO [UserId=18] Sayfa 17: 50 ürün alındı. (Toplam: 1096)
2026-08-01 12:18:47,982 INFO [UserId=18] Sayfa 18: 50 ürün alındı. (Toplam: 1096)
2026-08-01 12:18:48,207 INFO [UserId=18] Sayfa 19: 50 ürün alındı. (Toplam: 1096)
2026-08-01 12:18:48,441 INFO [UserId=18] Sayfa 20: 50 ürün alındı. (Toplam: 1096)
2026-08-01 12:18:48,655 INFO [UserId=18] Sayfa 21: 50 ürün alındı. (Toplam: 1096)
2026-08-01 12:18:48,874 INFO [UserId=18] Sayfa 22: 46 ürün alındı. (Toplam: 1096)
2026-08-01 12:18:48,874 INFO [UserId=18] Toplam 1096 ürün çekildi.
2026-08-01 12:18:48,911 INFO Varyantlı XML feed yazıldı: docs/ecza1-feed.xml (4495 satır / varyant)
2026-08-01 12:18:48,912 INFO Tüm mağazalar için senkronizasyon tamamlandı.
2026-08-01 16:32:08,441 INFO Giriş başarılı (302 yönlendirme -> /).
2026-08-01 16:33:16,426 INFO Kategori/marka tablosu hazır: 659 kategori, 3304 marka bulundu.
2026-08-01 16:33:16,693 INFO [UserId=7982] Sayfa 1: 50 ürün alındı. (Toplam: 619)
2026-08-01 16:33:16,959 INFO [UserId=7982] Sayfa 2: 50 ürün alındı. (Toplam: 619)
2026-08-01 16:33:17,230 INFO [UserId=7982] Sayfa 3: 50 ürün alındı. (Toplam: 619)
2026-08-01 16:33:17,492 INFO [UserId=7982] Sayfa 4: 50 ürün alındı. (Toplam: 619)
2026-08-01 16:33:17,759 INFO [UserId=7982] Sayfa 5: 50 ürün alındı. (Toplam: 619)
2026-08-01 16:33:18,025 INFO [UserId=7982] Sayfa 6: 50 ürün alındı. (Toplam: 619)
2026-08-01 16:33:18,303 INFO [UserId=7982] Sayfa 7: 50 ürün alındı. (Toplam: 619)
2026-08-01 16:33:18,569 INFO [UserId=7982] Sayfa 8: 50 ürün alındı. (Toplam: 619)
2026-08-01 16:33:18,842 INFO [UserId=7982] Sayfa 9: 50 ürün alındı. (Toplam: 619)
2026-08-01 16:33:19,112 INFO [UserId=7982] Sayfa 10: 50 ürün alındı. (Toplam: 619)
2026-08-01 16:33:19,374 INFO [UserId=7982] Sayfa 11: 50 ürün alındı. (Toplam: 619)
2026-08-01 16:33:19,635 INFO [UserId=7982] Sayfa 12: 50 ürün alındı. (Toplam: 619)
2026-08-01 16:33:19,881 INFO [UserId=7982] Sayfa 13: 19 ürün alındı. (Toplam: 619)
2026-08-01 16:33:19,881 INFO [UserId=7982] Toplam 619 ürün çekildi.
2026-08-01 16:33:20,201 INFO [UserId=16982] Sayfa 1: 50 ürün alındı. (Toplam: 731)
2026-08-01 16:33:20,486 INFO [UserId=16982] Sayfa 2: 50 ürün alındı. (Toplam: 731)
2026-08-01 16:33:20,781 INFO [UserId=16982] Sayfa 3: 50 ürün alındı. (Toplam: 731)
2026-08-01 16:33:21,049 INFO [UserId=16982] Sayfa 4: 50 ürün alındı. (Toplam: 731)
2026-08-01 16:33:21,302 INFO [UserId=16982] Sayfa 5: 50 ürün alındı. (Toplam: 731)
2026-08-01 16:33:21,575 INFO [UserId=16982] Sayfa 6: 50 ürün alındı. (Toplam: 731)
2026-08-01 16:33:21,849 INFO [UserId=16982] Sayfa 7: 50 ürün alındı. (Toplam: 731)
2026-08-01 16:33:22,136 INFO [UserId=16982] Sayfa 8: 50 ürün alındı. (Toplam: 731)
2026-08-01 16:33:22,415 INFO [UserId=16982] Sayfa 9: 50 ürün alındı. (Toplam: 731)
2026-08-01 16:33:22,691 INFO [UserId=16982] Sayfa 10: 50 ürün alındı. (Toplam: 731)
2026-08-01 16:33:22,977 INFO [UserId=16982] Sayfa 11: 50 ürün alındı. (Toplam: 731)
2026-08-01 16:33:23,261 INFO [UserId=16982] Sayfa 12: 50 ürün alındı. (Toplam: 731)
2026-08-01 16:33:23,535 INFO [UserId=16982] Sayfa 13: 50 ürün alındı. (Toplam: 731)
2026-08-01 16:33:23,813 INFO [UserId=16982] Sayfa 14: 50 ürün alındı. (Toplam: 731)
2026-08-01 16:33:24,068 INFO [UserId=16982] Sayfa 15: 31 ürün alındı. (Toplam: 731)
2026-08-01 16:33:24,068 INFO [UserId=16982] Toplam 731 ürün çekildi.
2026-08-01 16:33:24,324 INFO [UserId=19598] Sayfa 1: 50 ürün alındı. (Toplam: 389)
2026-08-01 16:33:24,578 INFO [UserId=19598] Sayfa 2: 50 ürün alındı. (Toplam: 389)
2026-08-01 16:33:24,824 INFO [UserId=19598] Sayfa 3: 50 ürün alındı. (Toplam: 389)
2026-08-01 16:33:25,077 INFO [UserId=19598] Sayfa 4: 50 ürün alındı. (Toplam: 389)
2026-08-01 16:33:25,322 INFO [UserId=19598] Sayfa 5: 50 ürün alındı. (Toplam: 389)
2026-08-01 16:33:25,583 INFO [UserId=19598] Sayfa 6: 50 ürün alındı. (Toplam: 389)
2026-08-01 16:33:25,840 INFO [UserId=19598] Sayfa 7: 50 ürün alındı. (Toplam: 389)
2026-08-01 16:33:26,101 INFO [UserId=19598] Sayfa 8: 39 ürün alındı. (Toplam: 389)
2026-08-01 16:33:26,101 INFO [UserId=19598] Toplam 389 ürün çekildi.
2026-08-01 16:33:26,372 INFO [UserId=21144] Sayfa 1: 50 ürün alındı. (Toplam: 377)
2026-08-01 16:33:26,657 INFO [UserId=21144] Sayfa 2: 50 ürün alındı. (Toplam: 377)
2026-08-01 16:33:26,928 INFO [UserId=21144] Sayfa 3: 50 ürün alındı. (Toplam: 377)
2026-08-01 16:33:27,206 INFO [UserId=21144] Sayfa 4: 50 ürün alındı. (Toplam: 377)
2026-08-01 16:33:27,489 INFO [UserId=21144] Sayfa 5: 50 ürün alındı. (Toplam: 377)
2026-08-01 16:33:27,798 INFO [UserId=21144] Sayfa 6: 50 ürün alındı. (Toplam: 377)
2026-08-01 16:33:28,062 INFO [UserId=21144] Sayfa 7: 50 ürün alındı. (Toplam: 377)
2026-08-01 16:33:28,317 INFO [UserId=21144] Sayfa 8: 27 ürün alındı. (Toplam: 377)
2026-08-01 16:33:28,317 INFO [UserId=21144] Toplam 377 ürün çekildi.
2026-08-01 16:33:28,598 INFO [UserId=184] Sayfa 1: 50 ürün alındı. (Toplam: 437)
2026-08-01 16:33:28,875 INFO [UserId=184] Sayfa 2: 50 ürün alındı. (Toplam: 437)
2026-08-01 16:33:29,156 INFO [UserId=184] Sayfa 3: 50 ürün alındı. (Toplam: 437)
2026-08-01 16:33:29,419 INFO [UserId=184] Sayfa 4: 50 ürün alındı. (Toplam: 437)
2026-08-01 16:33:29,696 INFO [UserId=184] Sayfa 5: 50 ürün alındı. (Toplam: 437)
2026-08-01 16:33:29,996 INFO [UserId=184] Sayfa 6: 50 ürün alındı. (Toplam: 437)
2026-08-01 16:33:30,285 INFO [UserId=184] Sayfa 7: 50 ürün alındı. (Toplam: 437)
2026-08-01 16:33:30,555 INFO [UserId=184] Sayfa 8: 50 ürün alındı. (Toplam: 437)
2026-08-01 16:33:30,818 INFO [UserId=184] Sayfa 9: 37 ürün alındı. (Toplam: 437)
2026-08-01 16:33:30,818 INFO [UserId=184] Toplam 437 ürün çekildi.
2026-08-01 16:33:31,071 INFO [UserId=1735] Sayfa 1: 50 ürün alındı. (Toplam: 266)
2026-08-01 16:33:31,339 INFO [UserId=1735] Sayfa 2: 50 ürün alındı. (Toplam: 266)
2026-08-01 16:33:31,597 INFO [UserId=1735] Sayfa 3: 50 ürün alındı. (Toplam: 266)
2026-08-01 16:33:31,866 INFO [UserId=1735] Sayfa 4: 50 ürün alındı. (Toplam: 266)
2026-08-01 16:33:32,119 INFO [UserId=1735] Sayfa 5: 50 ürün alındı. (Toplam: 266)
2026-08-01 16:33:32,346 INFO [UserId=1735] Sayfa 6: 16 ürün alındı. (Toplam: 266)
2026-08-01 16:33:32,346 INFO [UserId=1735] Toplam 266 ürün çekildi.
2026-08-01 16:33:32,635 INFO [UserId=11197] Sayfa 1: 50 ürün alındı. (Toplam: 204)
2026-08-01 16:33:32,896 INFO [UserId=11197] Sayfa 2: 50 ürün alındı. (Toplam: 204)
2026-08-01 16:33:33,157 INFO [UserId=11197] Sayfa 3: 50 ürün alındı. (Toplam: 204)
2026-08-01 16:33:33,421 INFO [UserId=11197] Sayfa 4: 50 ürün alındı. (Toplam: 204)
2026-08-01 16:33:33,660 INFO [UserId=11197] Sayfa 5: 4 ürün alındı. (Toplam: 204)
2026-08-01 16:33:33,660 INFO [UserId=11197] Toplam 204 ürün çekildi.
2026-08-01 16:33:33,926 INFO [UserId=759] Sayfa 1: 50 ürün alındı. (Toplam: 370)
2026-08-01 16:33:34,187 INFO [UserId=759] Sayfa 2: 50 ürün alındı. (Toplam: 370)
2026-08-01 16:33:34,452 INFO [UserId=759] Sayfa 3: 50 ürün alındı. (Toplam: 370)
2026-08-01 16:33:34,716 INFO [UserId=759] Sayfa 4: 50 ürün alındı. (Toplam: 370)
2026-08-01 16:33:34,998 INFO [UserId=759] Sayfa 5: 50 ürün alındı. (Toplam: 370)
2026-08-01 16:33:35,258 INFO [UserId=759] Sayfa 6: 50 ürün alındı. (Toplam: 370)
2026-08-01 16:33:35,529 INFO [UserId=759] Sayfa 7: 50 ürün alındı. (Toplam: 370)
2026-08-01 16:33:35,772 INFO [UserId=759] Sayfa 8: 20 ürün alındı. (Toplam: 370)
2026-08-01 16:33:35,772 INFO [UserId=759] Toplam 370 ürün çekildi.
2026-08-01 16:33:36,054 INFO [UserId=18] Sayfa 1: 50 ürün alındı. (Toplam: 1093)
2026-08-01 16:33:36,336 INFO [UserId=18] Sayfa 2: 50 ürün alındı. (Toplam: 1093)
2026-08-01 16:33:36,617 INFO [UserId=18] Sayfa 3: 50 ürün alındı. (Toplam: 1093)
2026-08-01 16:33:36,894 INFO [UserId=18] Sayfa 4: 50 ürün alındı. (Toplam: 1093)
2026-08-01 16:33:37,173 INFO [UserId=18] Sayfa 5: 50 ürün alındı. (Toplam: 1093)
2026-08-01 16:33:37,457 INFO [UserId=18] Sayfa 6: 50 ürün alındı. (Toplam: 1093)
2026-08-01 16:33:37,724 INFO [UserId=18] Sayfa 7: 50 ürün alındı. (Toplam: 1093)
2026-08-01 16:33:38,014 INFO [UserId=18] Sayfa 8: 50 ürün alındı. (Toplam: 1093)
2026-08-01 16:33:38,307 INFO [UserId=18] Sayfa 9: 50 ürün alındı. (Toplam: 1093)
2026-08-01 16:33:38,596 INFO [UserId=18] Sayfa 10: 50 ürün alındı. (Toplam: 1093)
2026-08-01 16:33:38,903 INFO [UserId=18] Sayfa 11: 50 ürün alındı. (Toplam: 1093)
2026-08-01 16:33:39,260 INFO [UserId=18] Sayfa 12: 50 ürün alındı. (Toplam: 1093)
2026-08-01 16:33:39,569 INFO [UserId=18] Sayfa 13: 50 ürün alındı. (Toplam: 1093)
2026-08-01 16:33:39,890 INFO [UserId=18] Sayfa 14: 50 ürün alındı. (Toplam: 1093)
2026-08-01 16:33:40,176 INFO [UserId=18] Sayfa 15: 50 ürün alındı. (Toplam: 1093)
2026-08-01 16:33:40,453 INFO [UserId=18] Sayfa 16: 50 ürün alındı. (Toplam: 1093)
2026-08-01 16:33:40,736 INFO [UserId=18] Sayfa 17: 50 ürün alındı. (Toplam: 1093)
2026-08-01 16:33:41,014 INFO [UserId=18] Sayfa 18: 50 ürün alındı. (Toplam: 1093)
2026-08-01 16:33:41,294 INFO [UserId=18] Sayfa 19: 50 ürün alındı. (Toplam: 1093)
2026-08-01 16:33:41,571 INFO [UserId=18] Sayfa 20: 50 ürün alındı. (Toplam: 1093)
2026-08-01 16:33:41,840 INFO [UserId=18] Sayfa 21: 50 ürün alındı. (Toplam: 1093)
2026-08-01 16:33:42,113 INFO [UserId=18] Sayfa 22: 43 ürün alındı. (Toplam: 1093)
2026-08-01 16:33:42,113 INFO [UserId=18] Toplam 1093 ürün çekildi.
2026-08-01 16:33:42,149 INFO Varyantlı XML feed yazıldı: docs/ecza1-feed.xml (4486 satır / varyant)
2026-08-01 16:33:42,151 INFO Tüm mağazalar için senkronizasyon tamamlandı.
2026-08-01 20:16:22,181 INFO Giriş başarılı (302 yönlendirme -> /).
2026-08-01 20:17:17,356 INFO Kategori/marka tablosu hazır: 659 kategori, 3304 marka bulundu.
2026-08-01 20:17:17,566 INFO [UserId=7982] Sayfa 1: 50 ürün alındı. (Toplam: 619)
2026-08-01 20:17:17,770 INFO [UserId=7982] Sayfa 2: 50 ürün alındı. (Toplam: 619)
2026-08-01 20:17:17,989 INFO [UserId=7982] Sayfa 3: 50 ürün alındı. (Toplam: 619)
2026-08-01 20:17:18,195 INFO [UserId=7982] Sayfa 4: 50 ürün alındı. (Toplam: 619)
2026-08-01 20:17:18,404 INFO [UserId=7982] Sayfa 5: 50 ürün alındı. (Toplam: 619)
2026-08-01 20:17:18,612 INFO [UserId=7982] Sayfa 6: 50 ürün alındı. (Toplam: 619)
2026-08-01 20:17:18,824 INFO [UserId=7982] Sayfa 7: 50 ürün alındı. (Toplam: 619)
2026-08-01 20:17:19,031 INFO [UserId=7982] Sayfa 8: 50 ürün alındı. (Toplam: 619)
2026-08-01 20:17:19,241 INFO [UserId=7982] Sayfa 9: 50 ürün alındı. (Toplam: 619)
2026-08-01 20:17:19,448 INFO [UserId=7982] Sayfa 10: 50 ürün alındı. (Toplam: 619)
2026-08-01 20:17:19,649 INFO [UserId=7982] Sayfa 11: 50 ürün alındı. (Toplam: 619)
2026-08-01 20:17:19,853 INFO [UserId=7982] Sayfa 12: 50 ürün alındı. (Toplam: 619)
2026-08-01 20:17:20,037 INFO [UserId=7982] Sayfa 13: 19 ürün alındı. (Toplam: 619)
2026-08-01 20:17:20,037 INFO [UserId=7982] Toplam 619 ürün çekildi.
2026-08-01 20:17:20,237 INFO [UserId=16982] Sayfa 1: 50 ürün alındı. (Toplam: 731)
2026-08-01 20:17:20,453 INFO [UserId=16982] Sayfa 2: 50 ürün alındı. (Toplam: 731)
2026-08-01 20:17:20,670 INFO [UserId=16982] Sayfa 3: 50 ürün alındı. (Toplam: 731)
2026-08-01 20:17:20,881 INFO [UserId=16982] Sayfa 4: 50 ürün alındı. (Toplam: 731)
2026-08-01 20:17:21,073 INFO [UserId=16982] Sayfa 5: 50 ürün alındı. (Toplam: 731)
2026-08-01 20:17:21,279 INFO [UserId=16982] Sayfa 6: 50 ürün alındı. (Toplam: 731)
2026-08-01 20:17:21,486 INFO [UserId=16982] Sayfa 7: 50 ürün alındı. (Toplam: 731)
2026-08-01 20:17:21,706 INFO [UserId=16982] Sayfa 8: 50 ürün alındı. (Toplam: 731)
2026-08-01 20:17:21,916 INFO [UserId=16982] Sayfa 9: 50 ürün alındı. (Toplam: 731)
2026-08-01 20:17:22,136 INFO [UserId=16982] Sayfa 10: 50 ürün alındı. (Toplam: 731)
2026-08-01 20:17:22,360 INFO [UserId=16982] Sayfa 11: 50 ürün alındı. (Toplam: 731)
2026-08-01 20:17:22,581 INFO [UserId=16982] Sayfa 12: 50 ürün alındı. (Toplam: 731)
2026-08-01 20:17:22,788 INFO [UserId=16982] Sayfa 13: 50 ürün alındı. (Toplam: 731)
2026-08-01 20:17:23,002 INFO [UserId=16982] Sayfa 14: 50 ürün alındı. (Toplam: 731)
2026-08-01 20:17:23,199 INFO [UserId=16982] Sayfa 15: 31 ürün alındı. (Toplam: 731)
2026-08-01 20:17:23,199 INFO [UserId=16982] Toplam 731 ürün çekildi.
2026-08-01 20:17:23,403 INFO [UserId=19598] Sayfa 1: 50 ürün alındı. (Toplam: 389)
2026-08-01 20:17:23,619 INFO [UserId=19598] Sayfa 2: 50 ürün alındı. (Toplam: 389)
2026-08-01 20:17:23,839 INFO [UserId=19598] Sayfa 3: 50 ürün alındı. (Toplam: 389)
2026-08-01 20:17:24,034 INFO [UserId=19598] Sayfa 4: 50 ürün alındı. (Toplam: 389)
2026-08-01 20:17:24,220 INFO [UserId=19598] Sayfa 5: 50 ürün alındı. (Toplam: 389)
2026-08-01 20:17:24,409 INFO [UserId=19598] Sayfa 6: 50 ürün alındı. (Toplam: 389)
2026-08-01 20:17:24,602 INFO [UserId=19598] Sayfa 7: 50 ürün alındı. (Toplam: 389)
2026-08-01 20:17:24,805 INFO [UserId=19598] Sayfa 8: 39 ürün alındı. (Toplam: 389)
2026-08-01 20:17:24,805 INFO [UserId=19598] Toplam 389 ürün çekildi.
2026-08-01 20:17:25,016 INFO [UserId=21144] Sayfa 1: 50 ürün alındı. (Toplam: 377)
2026-08-01 20:17:25,227 INFO [UserId=21144] Sayfa 2: 50 ürün alındı. (Toplam: 377)
2026-08-01 20:17:25,433 INFO [UserId=21144] Sayfa 3: 50 ürün alındı. (Toplam: 377)
2026-08-01 20:17:25,642 INFO [UserId=21144] Sayfa 4: 50 ürün alındı. (Toplam: 377)
2026-08-01 20:17:25,860 INFO [UserId=21144] Sayfa 5: 50 ürün alındı. (Toplam: 377)
2026-08-01 20:17:26,080 INFO [UserId=21144] Sayfa 6: 50 ürün alındı. (Toplam: 377)
2026-08-01 20:17:26,283 INFO [UserId=21144] Sayfa 7: 50 ürün alındı. (Toplam: 377)
2026-08-01 20:17:26,474 INFO [UserId=21144] Sayfa 8: 27 ürün alındı. (Toplam: 377)
2026-08-01 20:17:26,474 INFO [UserId=21144] Toplam 377 ürün çekildi.
2026-08-01 20:17:26,689 INFO [UserId=184] Sayfa 1: 50 ürün alındı. (Toplam: 437)
2026-08-01 20:17:26,895 INFO [UserId=184] Sayfa 2: 50 ürün alındı. (Toplam: 437)
2026-08-01 20:17:27,111 INFO [UserId=184] Sayfa 3: 50 ürün alındı. (Toplam: 437)
2026-08-01 20:17:27,322 INFO [UserId=184] Sayfa 4: 50 ürün alındı. (Toplam: 437)
2026-08-01 20:17:27,545 INFO [UserId=184] Sayfa 5: 50 ürün alındı. (Toplam: 437)
2026-08-01 20:17:27,787 INFO [UserId=184] Sayfa 6: 50 ürün alındı. (Toplam: 437)
2026-08-01 20:17:28,013 INFO [UserId=184] Sayfa 7: 50 ürün alındı. (Toplam: 437)
2026-08-01 20:17:28,232 INFO [UserId=184] Sayfa 8: 50 ürün alındı. (Toplam: 437)
2026-08-01 20:17:28,435 INFO [UserId=184] Sayfa 9: 37 ürün alındı. (Toplam: 437)
2026-08-01 20:17:28,435 INFO [UserId=184] Toplam 437 ürün çekildi.
2026-08-01 20:17:28,635 INFO [UserId=1735] Sayfa 1: 50 ürün alındı. (Toplam: 266)
2026-08-01 20:17:28,840 INFO [UserId=1735] Sayfa 2: 50 ürün alındı. (Toplam: 266)
2026-08-01 20:17:29,035 INFO [UserId=1735] Sayfa 3: 50 ürün alındı. (Toplam: 266)
2026-08-01 20:17:29,246 INFO [UserId=1735] Sayfa 4: 50 ürün alındı. (Toplam: 266)
2026-08-01 20:17:29,445 INFO [UserId=1735] Sayfa 5: 50 ürün alındı. (Toplam: 266)
2026-08-01 20:17:29,613 INFO [UserId=1735] Sayfa 6: 16 ürün alındı. (Toplam: 266)
2026-08-01 20:17:29,613 INFO [UserId=1735] Toplam 266 ürün çekildi.
2026-08-01 20:17:29,820 INFO [UserId=11197] Sayfa 1: 50 ürün alındı. (Toplam: 204)
2026-08-01 20:17:30,025 INFO [UserId=11197] Sayfa 2: 50 ürün alındı. (Toplam: 204)
2026-08-01 20:17:30,230 INFO [UserId=11197] Sayfa 3: 50 ürün alındı. (Toplam: 204)
2026-08-01 20:17:30,436 INFO [UserId=11197] Sayfa 4: 50 ürün alındı. (Toplam: 204)
2026-08-01 20:17:30,599 INFO [UserId=11197] Sayfa 5: 4 ürün alındı. (Toplam: 204)
2026-08-01 20:17:30,599 INFO [UserId=11197] Toplam 204 ürün çekildi.
2026-08-01 20:17:30,805 INFO [UserId=759] Sayfa 1: 50 ürün alındı. (Toplam: 370)
2026-08-01 20:17:31,007 INFO [UserId=759] Sayfa 2: 50 ürün alındı. (Toplam: 370)
2026-08-01 20:17:31,221 INFO [UserId=759] Sayfa 3: 50 ürün alındı. (Toplam: 370)
2026-08-01 20:17:31,425 INFO [UserId=759] Sayfa 4: 50 ürün alındı. (Toplam: 370)
2026-08-01 20:17:31,659 INFO [UserId=759] Sayfa 5: 50 ürün alındı. (Toplam: 370)
2026-08-01 20:17:31,891 INFO [UserId=759] Sayfa 6: 50 ürün alındı. (Toplam: 370)
2026-08-01 20:17:32,108 INFO [UserId=759] Sayfa 7: 50 ürün alındı. (Toplam: 370)
2026-08-01 20:17:32,287 INFO [UserId=759] Sayfa 8: 20 ürün alındı. (Toplam: 370)
2026-08-01 20:17:32,287 INFO [UserId=759] Toplam 370 ürün çekildi.
2026-08-01 20:17:32,507 INFO [UserId=18] Sayfa 1: 50 ürün alındı. (Toplam: 1093)
2026-08-01 20:17:32,734 INFO [UserId=18] Sayfa 2: 50 ürün alındı. (Toplam: 1093)
2026-08-01 20:17:32,957 INFO [UserId=18] Sayfa 3: 50 ürün alındı. (Toplam: 1093)
2026-08-01 20:17:33,176 INFO [UserId=18] Sayfa 4: 50 ürün alındı. (Toplam: 1093)
2026-08-01 20:17:33,389 INFO [UserId=18] Sayfa 5: 50 ürün alındı. (Toplam: 1093)
2026-08-01 20:17:33,608 INFO [UserId=18] Sayfa 6: 50 ürün alındı. (Toplam: 1093)
2026-08-01 20:17:33,817 INFO [UserId=18] Sayfa 7: 50 ürün alındı. (Toplam: 1093)
2026-08-01 20:17:34,029 INFO [UserId=18] Sayfa 8: 50 ürün alındı. (Toplam: 1093)
2026-08-01 20:17:34,242 INFO [UserId=18] Sayfa 9: 50 ürün alındı. (Toplam: 1093)
2026-08-01 20:17:34,463 INFO [UserId=18] Sayfa 10: 50 ürün alındı. (Toplam: 1093)
2026-08-01 20:17:34,679 INFO [UserId=18] Sayfa 11: 50 ürün alındı. (Toplam: 1093)
2026-08-01 20:17:34,903 INFO [UserId=18] Sayfa 12: 50 ürün alındı. (Toplam: 1093)
2026-08-01 20:17:35,212 INFO [UserId=18] Sayfa 13: 50 ürün alındı. (Toplam: 1093)
2026-08-01 20:17:35,479 INFO [UserId=18] Sayfa 14: 50 ürün alındı. (Toplam: 1093)
2026-08-01 20:17:35,712 INFO [UserId=18] Sayfa 15: 50 ürün alındı. (Toplam: 1093)
2026-08-01 20:17:35,936 INFO [UserId=18] Sayfa 16: 50 ürün alındı. (Toplam: 1093)
2026-08-01 20:17:36,162 INFO [UserId=18] Sayfa 17: 50 ürün alındı. (Toplam: 1093)
2026-08-01 20:17:36,388 INFO [UserId=18] Sayfa 18: 50 ürün alındı. (Toplam: 1093)
2026-08-01 20:17:36,613 INFO [UserId=18] Sayfa 19: 50 ürün alındı. (Toplam: 1093)
2026-08-01 20:17:36,830 INFO [UserId=18] Sayfa 20: 50 ürün alındı. (Toplam: 1093)
2026-08-01 20:17:37,041 INFO [UserId=18] Sayfa 21: 50 ürün alındı. (Toplam: 1093)
2026-08-01 20:17:37,262 INFO [UserId=18] Sayfa 22: 43 ürün alındı. (Toplam: 1093)
2026-08-01 20:17:37,262 INFO [UserId=18] Toplam 1093 ürün çekildi.
2026-08-01 20:17:37,298 INFO Varyantlı XML feed yazıldı: docs/ecza1-feed.xml (4486 satır / varyant)
2026-08-01 20:17:37,300 INFO Tüm mağazalar için senkronizasyon tamamlandı.
2026-08-02 06:47:21,428 INFO Giriş başarılı (302 yönlendirme -> /).
2026-08-02 06:48:17,862 INFO Kategori/marka tablosu hazır: 659 kategori, 3305 marka bulundu.
2026-08-02 06:48:18,096 INFO [UserId=7982] Sayfa 1: 50 ürün alındı. (Toplam: 617)
2026-08-02 06:48:18,321 INFO [UserId=7982] Sayfa 2: 50 ürün alındı. (Toplam: 617)
2026-08-02 06:48:18,551 INFO [UserId=7982] Sayfa 3: 50 ürün alındı. (Toplam: 617)
2026-08-02 06:48:18,767 INFO [UserId=7982] Sayfa 4: 50 ürün alındı. (Toplam: 617)
2026-08-02 06:48:18,990 INFO [UserId=7982] Sayfa 5: 50 ürün alındı. (Toplam: 617)
2026-08-02 06:48:19,213 INFO [UserId=7982] Sayfa 6: 50 ürün alındı. (Toplam: 617)
2026-08-02 06:48:19,473 INFO [UserId=7982] Sayfa 7: 50 ürün alındı. (Toplam: 617)
2026-08-02 06:48:19,694 INFO [UserId=7982] Sayfa 8: 50 ürün alındı. (Toplam: 617)
2026-08-02 06:48:19,926 INFO [UserId=7982] Sayfa 9: 50 ürün alındı. (Toplam: 617)
2026-08-02 06:48:20,154 INFO [UserId=7982] Sayfa 10: 50 ürün alındı. (Toplam: 617)
2026-08-02 06:48:20,367 INFO [UserId=7982] Sayfa 11: 50 ürün alındı. (Toplam: 617)
2026-08-02 06:48:20,588 INFO [UserId=7982] Sayfa 12: 50 ürün alındı. (Toplam: 617)
2026-08-02 06:48:20,785 INFO [UserId=7982] Sayfa 13: 17 ürün alındı. (Toplam: 617)
2026-08-02 06:48:20,785 INFO [UserId=7982] Toplam 617 ürün çekildi.
2026-08-02 06:48:21,004 INFO [UserId=16982] Sayfa 1: 50 ürün alındı. (Toplam: 734)
2026-08-02 06:48:21,237 INFO [UserId=16982] Sayfa 2: 50 ürün alındı. (Toplam: 734)
2026-08-02 06:48:21,466 INFO [UserId=16982] Sayfa 3: 50 ürün alındı. (Toplam: 734)
2026-08-02 06:48:21,690 INFO [UserId=16982] Sayfa 4: 50 ürün alındı. (Toplam: 734)
2026-08-02 06:48:21,902 INFO [UserId=16982] Sayfa 5: 50 ürün alındı. (Toplam: 734)
2026-08-02 06:48:22,123 INFO [UserId=16982] Sayfa 6: 50 ürün alındı. (Toplam: 734)
2026-08-02 06:48:22,348 INFO [UserId=16982] Sayfa 7: 50 ürün alındı. (Toplam: 734)
2026-08-02 06:48:22,588 INFO [UserId=16982] Sayfa 8: 50 ürün alındı. (Toplam: 734)
2026-08-02 06:48:22,820 INFO [UserId=16982] Sayfa 9: 50 ürün alındı. (Toplam: 734)
2026-08-02 06:48:23,053 INFO [UserId=16982] Sayfa 10: 50 ürün alındı. (Toplam: 734)
2026-08-02 06:48:23,306 INFO [UserId=16982] Sayfa 11: 50 ürün alındı. (Toplam: 734)
2026-08-02 06:48:23,550 INFO [UserId=16982] Sayfa 12: 50 ürün alındı. (Toplam: 734)
2026-08-02 06:48:23,773 INFO [UserId=16982] Sayfa 13: 50 ürün alındı. (Toplam: 734)
2026-08-02 06:48:24,017 INFO [UserId=16982] Sayfa 14: 50 ürün alındı. (Toplam: 734)
2026-08-02 06:48:24,228 INFO [UserId=16982] Sayfa 15: 34 ürün alındı. (Toplam: 734)
2026-08-02 06:48:24,228 INFO [UserId=16982] Toplam 734 ürün çekildi.
2026-08-02 06:48:24,442 INFO [UserId=19598] Sayfa 1: 50 ürün alındı. (Toplam: 387)
2026-08-02 06:48:24,649 INFO [UserId=19598] Sayfa 2: 50 ürün alındı. (Toplam: 387)
2026-08-02 06:48:24,856 INFO [UserId=19598] Sayfa 3: 50 ürün alındı. (Toplam: 387)
2026-08-02 06:48:25,063 INFO [UserId=19598] Sayfa 4: 50 ürün alındı. (Toplam: 387)
2026-08-02 06:48:25,268 INFO [UserId=19598] Sayfa 5: 50 ürün alındı. (Toplam: 387)
2026-08-02 06:48:25,471 INFO [UserId=19598] Sayfa 6: 50 ürün alındı. (Toplam: 387)
2026-08-02 06:48:25,693 INFO [UserId=19598] Sayfa 7: 50 ürün alındı. (Toplam: 387)
2026-08-02 06:48:25,908 INFO [UserId=19598] Sayfa 8: 37 ürün alındı. (Toplam: 387)
2026-08-02 06:48:25,908 INFO [UserId=19598] Toplam 387 ürün çekildi.
2026-08-02 06:48:26,147 INFO [UserId=21144] Sayfa 1: 50 ürün alındı. (Toplam: 377)
2026-08-02 06:48:26,404 INFO [UserId=21144] Sayfa 2: 50 ürün alındı. (Toplam: 377)
2026-08-02 06:48:26,630 INFO [UserId=21144] Sayfa 3: 50 ürün alındı. (Toplam: 377)
2026-08-02 06:48:26,867 INFO [UserId=21144] Sayfa 4: 50 ürün alındı. (Toplam: 377)
2026-08-02 06:48:27,101 INFO [UserId=21144] Sayfa 5: 50 ürün alındı. (Toplam: 377)
2026-08-02 06:48:27,325 INFO [UserId=21144] Sayfa 6: 50 ürün alındı. (Toplam: 377)
2026-08-02 06:48:27,551 INFO [UserId=21144] Sayfa 7: 50 ürün alındı. (Toplam: 377)
2026-08-02 06:48:27,752 INFO [UserId=21144] Sayfa 8: 27 ürün alındı. (Toplam: 377)
2026-08-02 06:48:27,753 INFO [UserId=21144] Toplam 377 ürün çekildi.
2026-08-02 06:48:27,977 INFO [UserId=184] Sayfa 1: 50 ürün alındı. (Toplam: 436)
2026-08-02 06:48:28,200 INFO [UserId=184] Sayfa 2: 50 ürün alındı. (Toplam: 436)
2026-08-02 06:48:28,425 INFO [UserId=184] Sayfa 3: 50 ürün alındı. (Toplam: 436)
2026-08-02 06:48:28,648 INFO [UserId=184] Sayfa 4: 50 ürün alındı. (Toplam: 436)
2026-08-02 06:48:28,880 INFO [UserId=184] Sayfa 5: 50 ürün alındı. (Toplam: 436)
2026-08-02 06:48:29,146 INFO [UserId=184] Sayfa 6: 50 ürün alındı. (Toplam: 436)
2026-08-02 06:48:29,401 INFO [UserId=184] Sayfa 7: 50 ürün alındı. (Toplam: 436)
2026-08-02 06:48:29,636 INFO [UserId=184] Sayfa 8: 50 ürün alındı. (Toplam: 436)
2026-08-02 06:48:29,848 INFO [UserId=184] Sayfa 9: 36 ürün alındı. (Toplam: 436)
2026-08-02 06:48:29,848 INFO [UserId=184] Toplam 436 ürün çekildi.
2026-08-02 06:48:30,063 INFO [UserId=1735] Sayfa 1: 50 ürün alındı. (Toplam: 266)
2026-08-02 06:48:30,285 INFO [UserId=1735] Sayfa 2: 50 ürün alındı. (Toplam: 266)
2026-08-02 06:48:30,495 INFO [UserId=1735] Sayfa 3: 50 ürün alındı. (Toplam: 266)
2026-08-02 06:48:30,736 INFO [UserId=1735] Sayfa 4: 50 ürün alındı. (Toplam: 266)
2026-08-02 06:48:30,953 INFO [UserId=1735] Sayfa 5: 50 ürün alındı. (Toplam: 266)
2026-08-02 06:48:31,135 INFO [UserId=1735] Sayfa 6: 16 ürün alındı. (Toplam: 266)
2026-08-02 06:48:31,135 INFO [UserId=1735] Toplam 266 ürün çekildi.
2026-08-02 06:48:31,360 INFO [UserId=11197] Sayfa 1: 50 ürün alındı. (Toplam: 201)
2026-08-02 06:48:31,572 INFO [UserId=11197] Sayfa 2: 50 ürün alındı. (Toplam: 201)
2026-08-02 06:48:31,792 INFO [UserId=11197] Sayfa 3: 50 ürün alındı. (Toplam: 201)
2026-08-02 06:48:32,010 INFO [UserId=11197] Sayfa 4: 50 ürün alındı. (Toplam: 201)
2026-08-02 06:48:32,181 INFO [UserId=11197] Sayfa 5: 1 ürün alındı. (Toplam: 201)
2026-08-02 06:48:32,181 INFO [UserId=11197] Toplam 201 ürün çekildi.
2026-08-02 06:48:32,412 INFO [UserId=759] Sayfa 1: 50 ürün alındı. (Toplam: 370)
2026-08-02 06:48:32,627 INFO [UserId=759] Sayfa 2: 50 ürün alındı. (Toplam: 370)
2026-08-02 06:48:32,847 INFO [UserId=759] Sayfa 3: 50 ürün alındı. (Toplam: 370)
2026-08-02 06:48:33,065 INFO [UserId=759] Sayfa 4: 50 ürün alındı. (Toplam: 370)
2026-08-02 06:48:33,303 INFO [UserId=759] Sayfa 5: 50 ürün alındı. (Toplam: 370)
2026-08-02 06:48:33,522 INFO [UserId=759] Sayfa 6: 50 ürün alındı. (Toplam: 370)
2026-08-02 06:48:33,752 INFO [UserId=759] Sayfa 7: 50 ürün alındı. (Toplam: 370)
2026-08-02 06:48:33,944 INFO [UserId=759] Sayfa 8: 20 ürün alındı. (Toplam: 370)
2026-08-02 06:48:33,944 INFO [UserId=759] Toplam 370 ürün çekildi.
2026-08-02 06:48:34,176 INFO [UserId=18] Sayfa 1: 50 ürün alındı. (Toplam: 1093)
2026-08-02 06:48:34,446 INFO [UserId=18] Sayfa 2: 50 ürün alındı. (Toplam: 1093)
2026-08-02 06:48:34,691 INFO [UserId=18] Sayfa 3: 50 ürün alındı. (Toplam: 1093)
2026-08-02 06:48:34,927 INFO [UserId=18] Sayfa 4: 50 ürün alındı. (Toplam: 1093)
2026-08-02 06:48:35,190 INFO [UserId=18] Sayfa 5: 50 ürün alındı. (Toplam: 1093)
2026-08-02 06:48:35,422 INFO [UserId=18] Sayfa 6: 50 ürün alındı. (Toplam: 1093)
2026-08-02 06:48:35,647 INFO [UserId=18] Sayfa 7: 50 ürün alındı. (Toplam: 1093)
2026-08-02 06:48:35,877 INFO [UserId=18] Sayfa 8: 50 ürün alındı. (Toplam: 1093)
2026-08-02 06:48:36,121 INFO [UserId=18] Sayfa 9: 50 ürün alındı. (Toplam: 1093)
2026-08-02 06:48:36,359 INFO [UserId=18] Sayfa 10: 50 ürün alındı. (Toplam: 1093)
2026-08-02 06:48:36,592 INFO [UserId=18] Sayfa 11: 50 ürün alındı. (Toplam: 1093)
2026-08-02 06:48:36,832 INFO [UserId=18] Sayfa 12: 50 ürün alındı. (Toplam: 1093)
2026-08-02 06:48:37,097 INFO [UserId=18] Sayfa 13: 50 ürün alındı. (Toplam: 1093)
2026-08-02 06:48:37,364 INFO [UserId=18] Sayfa 14: 50 ürün alındı. (Toplam: 1093)
2026-08-02 06:48:37,612 INFO [UserId=18] Sayfa 15: 50 ürün alındı. (Toplam: 1093)
2026-08-02 06:48:37,853 INFO [UserId=18] Sayfa 16: 50 ürün alındı. (Toplam: 1093)
2026-08-02 06:48:38,095 INFO [UserId=18] Sayfa 17: 50 ürün alındı. (Toplam: 1093)
2026-08-02 06:48:38,353 INFO [UserId=18] Sayfa 18: 50 ürün alındı. (Toplam: 1093)
2026-08-02 06:48:38,600 INFO [UserId=18] Sayfa 19: 50 ürün alındı. (Toplam: 1093)
2026-08-02 06:48:38,833 INFO [UserId=18] Sayfa 20: 50 ürün alındı. (Toplam: 1093)
2026-08-02 06:48:39,058 INFO [UserId=18] Sayfa 21: 50 ürün alındı. (Toplam: 1093)
2026-08-02 06:48:39,294 INFO [UserId=18] Sayfa 22: 43 ürün alındı. (Toplam: 1093)
2026-08-02 06:48:39,294 INFO [UserId=18] Toplam 1093 ürün çekildi.
2026-08-02 06:48:39,332 INFO Varyantlı XML feed yazıldı: docs/ecza1-feed.xml (4481 satır / varyant)
2026-08-02 06:48:39,334 INFO Tüm mağazalar için senkronizasyon tamamlandı.
2026-08-02 11:38:53,231 INFO Giriş başarılı (302 yönlendirme -> /).
2026-08-02 11:39:52,467 INFO Kategori/marka tablosu hazır: 659 kategori, 3305 marka bulundu.
2026-08-02 11:39:52,675 INFO [UserId=7982] Sayfa 1: 50 ürün alındı. (Toplam: 617)
2026-08-02 11:39:52,877 INFO [UserId=7982] Sayfa 2: 50 ürün alındı. (Toplam: 617)
2026-08-02 11:39:53,088 INFO [UserId=7982] Sayfa 3: 50 ürün alındı. (Toplam: 617)
2026-08-02 11:39:53,289 INFO [UserId=7982] Sayfa 4: 50 ürün alındı. (Toplam: 617)
2026-08-02 11:39:53,494 INFO [UserId=7982] Sayfa 5: 50 ürün alındı. (Toplam: 617)
2026-08-02 11:39:53,698 INFO [UserId=7982] Sayfa 6: 50 ürün alındı. (Toplam: 617)
2026-08-02 11:39:53,910 INFO [UserId=7982] Sayfa 7: 50 ürün alındı. (Toplam: 617)
2026-08-02 11:39:54,114 INFO [UserId=7982] Sayfa 8: 50 ürün alındı. (Toplam: 617)
2026-08-02 11:39:54,335 INFO [UserId=7982] Sayfa 9: 50 ürün alındı. (Toplam: 617)
2026-08-02 11:39:54,546 INFO [UserId=7982] Sayfa 10: 50 ürün alındı. (Toplam: 617)
2026-08-02 11:39:54,743 INFO [UserId=7982] Sayfa 11: 50 ürün alındı. (Toplam: 617)
2026-08-02 11:39:54,952 INFO [UserId=7982] Sayfa 12: 50 ürün alındı. (Toplam: 617)
2026-08-02 11:39:55,133 INFO [UserId=7982] Sayfa 13: 17 ürün alındı. (Toplam: 617)
2026-08-02 11:39:55,133 INFO [UserId=7982] Toplam 617 ürün çekildi.
2026-08-02 11:39:55,334 INFO [UserId=16982] Sayfa 1: 50 ürün alındı. (Toplam: 735)
2026-08-02 11:39:55,552 INFO [UserId=16982] Sayfa 2: 50 ürün alındı. (Toplam: 735)
2026-08-02 11:39:55,769 INFO [UserId=16982] Sayfa 3: 50 ürün alındı. (Toplam: 735)
2026-08-02 11:39:55,984 INFO [UserId=16982] Sayfa 4: 50 ürün alındı. (Toplam: 735)
2026-08-02 11:39:56,180 INFO [UserId=16982] Sayfa 5: 50 ürün alındı. (Toplam: 735)
2026-08-02 11:39:56,385 INFO [UserId=16982] Sayfa 6: 50 ürün alındı. (Toplam: 735)
2026-08-02 11:39:56,593 INFO [UserId=16982] Sayfa 7: 50 ürün alındı. (Toplam: 735)
2026-08-02 11:39:56,814 INFO [UserId=16982] Sayfa 8: 50 ürün alındı. (Toplam: 735)
2026-08-02 11:39:57,028 INFO [UserId=16982] Sayfa 9: 50 ürün alındı. (Toplam: 735)
2026-08-02 11:39:57,244 INFO [UserId=16982] Sayfa 10: 50 ürün alındı. (Toplam: 735)
2026-08-02 11:39:57,467 INFO [UserId=16982] Sayfa 11: 50 ürün alındı. (Toplam: 735)
2026-08-02 11:39:57,690 INFO [UserId=16982] Sayfa 12: 50 ürün alındı. (Toplam: 735)
2026-08-02 11:39:57,894 INFO [UserId=16982] Sayfa 13: 50 ürün alındı. (Toplam: 735)
2026-08-02 11:39:58,105 INFO [UserId=16982] Sayfa 14: 50 ürün alındı. (Toplam: 735)
2026-08-02 11:39:58,298 INFO [UserId=16982] Sayfa 15: 35 ürün alındı. (Toplam: 735)
2026-08-02 11:39:58,298 INFO [UserId=16982] Toplam 735 ürün çekildi.
2026-08-02 11:39:58,497 INFO [UserId=19598] Sayfa 1: 50 ürün alındı. (Toplam: 387)
2026-08-02 11:39:58,693 INFO [UserId=19598] Sayfa 2: 50 ürün alındı. (Toplam: 387)
2026-08-02 11:39:58,886 INFO [UserId=19598] Sayfa 3: 50 ürün alındı. (Toplam: 387)
2026-08-02 11:39:59,082 INFO [UserId=19598] Sayfa 4: 50 ürün alındı. (Toplam: 387)
2026-08-02 11:39:59,269 INFO [UserId=19598] Sayfa 5: 50 ürün alındı. (Toplam: 387)
2026-08-02 11:39:59,458 INFO [UserId=19598] Sayfa 6: 50 ürün alındı. (Toplam: 387)
2026-08-02 11:39:59,680 INFO [UserId=19598] Sayfa 7: 50 ürün alındı. (Toplam: 387)
2026-08-02 11:39:59,877 INFO [UserId=19598] Sayfa 8: 37 ürün alındı. (Toplam: 387)
2026-08-02 11:39:59,877 INFO [UserId=19598] Toplam 387 ürün çekildi.
2026-08-02 11:40:00,094 INFO [UserId=21144] Sayfa 1: 50 ürün alındı. (Toplam: 377)
2026-08-02 11:40:00,343 INFO [UserId=21144] Sayfa 2: 50 ürün alındı. (Toplam: 377)
2026-08-02 11:40:00,552 INFO [UserId=21144] Sayfa 3: 50 ürün alındı. (Toplam: 377)
2026-08-02 11:40:00,769 INFO [UserId=21144] Sayfa 4: 50 ürün alındı. (Toplam: 377)
2026-08-02 11:40:00,988 INFO [UserId=21144] Sayfa 5: 50 ürün alındı. (Toplam: 377)
2026-08-02 11:40:01,195 INFO [UserId=21144] Sayfa 6: 50 ürün alındı. (Toplam: 377)
2026-08-02 11:40:01,407 INFO [UserId=21144] Sayfa 7: 50 ürün alındı. (Toplam: 377)
2026-08-02 11:40:01,594 INFO [UserId=21144] Sayfa 8: 27 ürün alındı. (Toplam: 377)
2026-08-02 11:40:01,594 INFO [UserId=21144] Toplam 377 ürün çekildi.
2026-08-02 11:40:01,808 INFO [UserId=184] Sayfa 1: 50 ürün alındı. (Toplam: 434)
2026-08-02 11:40:02,022 INFO [UserId=184] Sayfa 2: 50 ürün alındı. (Toplam: 434)
2026-08-02 11:40:02,231 INFO [UserId=184] Sayfa 3: 50 ürün alındı. (Toplam: 434)
2026-08-02 11:40:02,502 INFO [UserId=184] Sayfa 4: 50 ürün alındı. (Toplam: 434)
2026-08-02 11:40:02,802 INFO [UserId=184] Sayfa 5: 50 ürün alındı. (Toplam: 434)
2026-08-02 11:40:03,044 INFO [UserId=184] Sayfa 6: 50 ürün alındı. (Toplam: 434)
2026-08-02 11:40:03,272 INFO [UserId=184] Sayfa 7: 50 ürün alındı. (Toplam: 434)
2026-08-02 11:40:03,491 INFO [UserId=184] Sayfa 8: 50 ürün alındı. (Toplam: 434)
2026-08-02 11:40:03,683 INFO [UserId=184] Sayfa 9: 34 ürün alındı. (Toplam: 434)
2026-08-02 11:40:03,683 INFO [UserId=184] Toplam 434 ürün çekildi.
2026-08-02 11:40:03,875 INFO [UserId=1735] Sayfa 1: 50 ürün alındı. (Toplam: 258)
2026-08-02 11:40:04,078 INFO [UserId=1735] Sayfa 2: 50 ürün alındı. (Toplam: 258)
2026-08-02 11:40:04,272 INFO [UserId=1735] Sayfa 3: 50 ürün alındı. (Toplam: 258)
2026-08-02 11:40:04,485 INFO [UserId=1735] Sayfa 4: 50 ürün alındı. (Toplam: 258)
2026-08-02 11:40:04,687 INFO [UserId=1735] Sayfa 5: 50 ürün alındı. (Toplam: 258)
2026-08-02 11:40:04,849 INFO [UserId=1735] Sayfa 6: 8 ürün alındı. (Toplam: 258)
2026-08-02 11:40:04,849 INFO [UserId=1735] Toplam 258 ürün çekildi.
2026-08-02 11:40:05,064 INFO [UserId=11197] Sayfa 1: 50 ürün alındı. (Toplam: 199)
2026-08-02 11:40:05,269 INFO [UserId=11197] Sayfa 2: 50 ürün alındı. (Toplam: 199)
2026-08-02 11:40:05,469 INFO [UserId=11197] Sayfa 3: 50 ürün alındı. (Toplam: 199)
2026-08-02 11:40:05,674 INFO [UserId=11197] Sayfa 4: 49 ürün alındı. (Toplam: 199)
2026-08-02 11:40:05,675 INFO [UserId=11197] Toplam 199 ürün çekildi.
2026-08-02 11:40:05,887 INFO [UserId=759] Sayfa 1: 50 ürün alındı. (Toplam: 370)
2026-08-02 11:40:06,088 INFO [UserId=759] Sayfa 2: 50 ürün alındı. (Toplam: 370)
2026-08-02 11:40:06,291 INFO [UserId=759] Sayfa 3: 50 ürün alındı. (Toplam: 370)
2026-08-02 11:40:06,496 INFO [UserId=759] Sayfa 4: 50 ürün alındı. (Toplam: 370)
2026-08-02 11:40:06,717 INFO [UserId=759] Sayfa 5: 50 ürün alındı. (Toplam: 370)
2026-08-02 11:40:06,917 INFO [UserId=759] Sayfa 6: 50 ürün alındı. (Toplam: 370)
2026-08-02 11:40:07,124 INFO [UserId=759] Sayfa 7: 50 ürün alındı. (Toplam: 370)
2026-08-02 11:40:07,305 INFO [UserId=759] Sayfa 8: 20 ürün alındı. (Toplam: 370)
2026-08-02 11:40:07,305 INFO [UserId=759] Toplam 370 ürün çekildi.
2026-08-02 11:40:07,530 INFO [UserId=18] Sayfa 1: 50 ürün alındı. (Toplam: 1104)
2026-08-02 11:40:07,750 INFO [UserId=18] Sayfa 2: 50 ürün alındı. (Toplam: 1104)
2026-08-02 11:40:07,968 INFO [UserId=18] Sayfa 3: 50 ürün alındı. (Toplam: 1104)
2026-08-02 11:40:08,183 INFO [UserId=18] Sayfa 4: 50 ürün alındı. (Toplam: 1104)
2026-08-02 11:40:08,390 INFO [UserId=18] Sayfa 5: 50 ürün alındı. (Toplam: 1104)
2026-08-02 11:40:08,621 INFO [UserId=18] Sayfa 6: 50 ürün alındı. (Toplam: 1104)
2026-08-02 11:40:08,841 INFO [UserId=18] Sayfa 7: 50 ürün alındı. (Toplam: 1104)
2026-08-02 11:40:09,051 INFO [UserId=18] Sayfa 8: 50 ürün alındı. (Toplam: 1104)
2026-08-02 11:40:09,268 INFO [UserId=18] Sayfa 9: 50 ürün alındı. (Toplam: 1104)
2026-08-02 11:40:09,490 INFO [UserId=18] Sayfa 10: 50 ürün alındı. (Toplam: 1104)
2026-08-02 11:40:09,709 INFO [UserId=18] Sayfa 11: 50 ürün alındı. (Toplam: 1104)
2026-08-02 11:40:09,928 INFO [UserId=18] Sayfa 12: 50 ürün alındı. (Toplam: 1104)
2026-08-02 11:40:10,177 INFO [UserId=18] Sayfa 13: 50 ürün alındı. (Toplam: 1104)
2026-08-02 11:40:10,418 INFO [UserId=18] Sayfa 14: 50 ürün alındı. (Toplam: 1104)
2026-08-02 11:40:10,655 INFO [UserId=18] Sayfa 15: 50 ürün alındı. (Toplam: 1104)
2026-08-02 11:40:10,871 INFO [UserId=18] Sayfa 16: 50 ürün alındı. (Toplam: 1104)
2026-08-02 11:40:11,096 INFO [UserId=18] Sayfa 17: 50 ürün alındı. (Toplam: 1104)
2026-08-02 11:40:11,313 INFO [UserId=18] Sayfa 18: 50 ürün alındı. (Toplam: 1104)
2026-08-02 11:40:11,531 INFO [UserId=18] Sayfa 19: 50 ürün alındı. (Toplam: 1104)
2026-08-02 11:40:11,744 INFO [UserId=18] Sayfa 20: 50 ürün alındı. (Toplam: 1104)
2026-08-02 11:40:11,954 INFO [UserId=18] Sayfa 21: 50 ürün alındı. (Toplam: 1104)
2026-08-02 11:40:12,171 INFO [UserId=18] Sayfa 22: 50 ürün alındı. (Toplam: 1104)
2026-08-02 11:40:12,348 INFO [UserId=18] Sayfa 23: 4 ürün alındı. (Toplam: 1104)
2026-08-02 11:40:12,348 INFO [UserId=18] Toplam 1104 ürün çekildi.
2026-08-02 11:40:12,384 INFO Varyantlı XML feed yazıldı: docs/ecza1-feed.xml (4481 satır / varyant)
2026-08-02 11:40:12,385 INFO Tüm mağazalar için senkronizasyon tamamlandı.
2026-08-02 15:47:35,141 INFO Giriş başarılı (302 yönlendirme -> /).
2026-08-02 15:48:31,665 INFO Kategori/marka tablosu hazır: 659 kategori, 3303 marka bulundu.
2026-08-02 15:48:31,879 INFO [UserId=7982] Sayfa 1: 50 ürün alındı. (Toplam: 616)
2026-08-02 15:48:32,091 INFO [UserId=7982] Sayfa 2: 50 ürün alındı. (Toplam: 616)
2026-08-02 15:48:32,314 INFO [UserId=7982] Sayfa 3: 50 ürün alındı. (Toplam: 616)
2026-08-02 15:48:32,526 INFO [UserId=7982] Sayfa 4: 50 ürün alındı. (Toplam: 616)
2026-08-02 15:48:32,733 INFO [UserId=7982] Sayfa 5: 50 ürün alındı. (Toplam: 616)
2026-08-02 15:48:32,941 INFO [UserId=7982] Sayfa 6: 50 ürün alındı. (Toplam: 616)
2026-08-02 15:48:33,155 INFO [UserId=7982] Sayfa 7: 50 ürün alındı. (Toplam: 616)
2026-08-02 15:48:33,378 INFO [UserId=7982] Sayfa 8: 50 ürün alındı. (Toplam: 616)
2026-08-02 15:48:33,591 INFO [UserId=7982] Sayfa 9: 50 ürün alındı. (Toplam: 616)
2026-08-02 15:48:33,808 INFO [UserId=7982] Sayfa 10: 50 ürün alındı. (Toplam: 616)
2026-08-02 15:48:34,019 INFO [UserId=7982] Sayfa 11: 50 ürün alındı. (Toplam: 616)
2026-08-02 15:48:34,219 INFO [UserId=7982] Sayfa 12: 50 ürün alındı. (Toplam: 616)
2026-08-02 15:48:34,405 INFO [UserId=7982] Sayfa 13: 16 ürün alındı. (Toplam: 616)
2026-08-02 15:48:34,405 INFO [UserId=7982] Toplam 616 ürün çekildi.
2026-08-02 15:48:34,610 INFO [UserId=16982] Sayfa 1: 50 ürün alındı. (Toplam: 733)
2026-08-02 15:48:34,816 INFO [UserId=16982] Sayfa 2: 50 ürün alındı. (Toplam: 733)
2026-08-02 15:48:35,028 INFO [UserId=16982] Sayfa 3: 50 ürün alındı. (Toplam: 733)
2026-08-02 15:48:35,238 INFO [UserId=16982] Sayfa 4: 50 ürün alındı. (Toplam: 733)
2026-08-02 15:48:35,425 INFO [UserId=16982] Sayfa 5: 50 ürün alındı. (Toplam: 733)
2026-08-02 15:48:35,625 INFO [UserId=16982] Sayfa 6: 50 ürün alındı. (Toplam: 733)
2026-08-02 15:48:35,832 INFO [UserId=16982] Sayfa 7: 50 ürün alındı. (Toplam: 733)
2026-08-02 15:48:36,065 INFO [UserId=16982] Sayfa 8: 50 ürün alındı. (Toplam: 733)
2026-08-02 15:48:36,272 INFO [UserId=16982] Sayfa 9: 50 ürün alındı. (Toplam: 733)
2026-08-02 15:48:36,502 INFO [UserId=16982] Sayfa 10: 50 ürün alındı. (Toplam: 733)
2026-08-02 15:48:36,722 INFO [UserId=16982] Sayfa 11: 50 ürün alındı. (Toplam: 733)
2026-08-02 15:48:36,943 INFO [UserId=16982] Sayfa 12: 50 ürün alındı. (Toplam: 733)
2026-08-02 15:48:37,149 INFO [UserId=16982] Sayfa 13: 50 ürün alındı. (Toplam: 733)
2026-08-02 15:48:37,356 INFO [UserId=16982] Sayfa 14: 50 ürün alındı. (Toplam: 733)
2026-08-02 15:48:37,550 INFO [UserId=16982] Sayfa 15: 33 ürün alındı. (Toplam: 733)
2026-08-02 15:48:37,550 INFO [UserId=16982] Toplam 733 ürün çekildi.
2026-08-02 15:48:37,747 INFO [UserId=19598] Sayfa 1: 50 ürün alındı. (Toplam: 387)
2026-08-02 15:48:37,942 INFO [UserId=19598] Sayfa 2: 50 ürün alındı. (Toplam: 387)
2026-08-02 15:48:38,156 INFO [UserId=19598] Sayfa 3: 50 ürün alındı. (Toplam: 387)
2026-08-02 15:48:38,352 INFO [UserId=19598] Sayfa 4: 50 ürün alındı. (Toplam: 387)
2026-08-02 15:48:38,539 INFO [UserId=19598] Sayfa 5: 50 ürün alındı. (Toplam: 387)
2026-08-02 15:48:38,734 INFO [UserId=19598] Sayfa 6: 50 ürün alındı. (Toplam: 387)
2026-08-02 15:48:38,935 INFO [UserId=19598] Sayfa 7: 50 ürün alındı. (Toplam: 387)
2026-08-02 15:48:39,135 INFO [UserId=19598] Sayfa 8: 37 ürün alındı. (Toplam: 387)
2026-08-02 15:48:39,135 INFO [UserId=19598] Toplam 387 ürün çekildi.
2026-08-02 15:48:39,363 INFO [UserId=21144] Sayfa 1: 50 ürün alındı. (Toplam: 377)
2026-08-02 15:48:39,573 INFO [UserId=21144] Sayfa 2: 50 ürün alındı. (Toplam: 377)
2026-08-02 15:48:39,777 INFO [UserId=21144] Sayfa 3: 50 ürün alındı. (Toplam: 377)
2026-08-02 15:48:39,992 INFO [UserId=21144] Sayfa 4: 50 ürün alındı. (Toplam: 377)
2026-08-02 15:48:40,214 INFO [UserId=21144] Sayfa 5: 50 ürün alındı. (Toplam: 377)
2026-08-02 15:48:40,429 INFO [UserId=21144] Sayfa 6: 50 ürün alındı. (Toplam: 377)
2026-08-02 15:48:40,636 INFO [UserId=21144] Sayfa 7: 50 ürün alındı. (Toplam: 377)
2026-08-02 15:48:40,820 INFO [UserId=21144] Sayfa 8: 27 ürün alındı. (Toplam: 377)
2026-08-02 15:48:40,820 INFO [UserId=21144] Toplam 377 ürün çekildi.
2026-08-02 15:48:41,036 INFO [UserId=184] Sayfa 1: 50 ürün alındı. (Toplam: 437)
2026-08-02 15:48:41,242 INFO [UserId=184] Sayfa 2: 50 ürün alındı. (Toplam: 437)
2026-08-02 15:48:41,458 INFO [UserId=184] Sayfa 3: 50 ürün alındı. (Toplam: 437)
2026-08-02 15:48:41,664 INFO [UserId=184] Sayfa 4: 50 ürün alındı. (Toplam: 437)
2026-08-02 15:48:41,887 INFO [UserId=184] Sayfa 5: 50 ürün alındı. (Toplam: 437)
2026-08-02 15:48:42,127 INFO [UserId=184] Sayfa 6: 50 ürün alındı. (Toplam: 437)
2026-08-02 15:48:42,361 INFO [UserId=184] Sayfa 7: 50 ürün alındı. (Toplam: 437)
2026-08-02 15:48:42,578 INFO [UserId=184] Sayfa 8: 50 ürün alındı. (Toplam: 437)
2026-08-02 15:48:42,775 INFO [UserId=184] Sayfa 9: 37 ürün alındı. (Toplam: 437)
2026-08-02 15:48:42,775 INFO [UserId=184] Toplam 437 ürün çekildi.
2026-08-02 15:48:42,970 INFO [UserId=1735] Sayfa 1: 50 ürün alındı. (Toplam: 246)
2026-08-02 15:48:43,173 INFO [UserId=1735] Sayfa 2: 50 ürün alındı. (Toplam: 246)
2026-08-02 15:48:43,371 INFO [UserId=1735] Sayfa 3: 50 ürün alındı. (Toplam: 246)
2026-08-02 15:48:44,149 INFO [UserId=1735] Sayfa 4: 50 ürün alındı. (Toplam: 246)
2026-08-02 15:48:44,337 INFO [UserId=1735] Sayfa 5: 46 ürün alındı. (Toplam: 246)
2026-08-02 15:48:44,337 INFO [UserId=1735] Toplam 246 ürün çekildi.
2026-08-02 15:48:44,548 INFO [UserId=11197] Sayfa 1: 50 ürün alındı. (Toplam: 197)
2026-08-02 15:48:44,746 INFO [UserId=11197] Sayfa 2: 50 ürün alındı. (Toplam: 197)
2026-08-02 15:48:44,949 INFO [UserId=11197] Sayfa 3: 50 ürün alındı. (Toplam: 197)
2026-08-02 15:48:45,149 INFO [UserId=11197] Sayfa 4: 47 ürün alındı. (Toplam: 197)
2026-08-02 15:48:45,149 INFO [UserId=11197] Toplam 197 ürün çekildi.
2026-08-02 15:48:45,358 INFO [UserId=759] Sayfa 1: 50 ürün alındı. (Toplam: 370)
2026-08-02 15:48:45,557 INFO [UserId=759] Sayfa 2: 50 ürün alındı. (Toplam: 370)
2026-08-02 15:48:45,759 INFO [UserId=759] Sayfa 3: 50 ürün alındı. (Toplam: 370)
2026-08-02 15:48:45,978 INFO [UserId=759] Sayfa 4: 50 ürün alındı. (Toplam: 370)
2026-08-02 15:48:46,241 INFO [UserId=759] Sayfa 5: 50 ürün alındı. (Toplam: 370)
2026-08-02 15:48:46,446 INFO [UserId=759] Sayfa 6: 50 ürün alındı. (Toplam: 370)
2026-08-02 15:48:46,660 INFO [UserId=759] Sayfa 7: 50 ürün alındı. (Toplam: 370)
2026-08-02 15:48:46,843 INFO [UserId=759] Sayfa 8: 20 ürün alındı. (Toplam: 370)
2026-08-02 15:48:46,843 INFO [UserId=759] Toplam 370 ürün çekildi.
2026-08-02 15:48:47,063 INFO [UserId=18] Sayfa 1: 50 ürün alındı. (Toplam: 1103)
2026-08-02 15:48:47,292 INFO [UserId=18] Sayfa 2: 50 ürün alındı. (Toplam: 1103)
2026-08-02 15:48:47,522 INFO [UserId=18] Sayfa 3: 50 ürün alındı. (Toplam: 1103)
2026-08-02 15:48:47,743 INFO [UserId=18] Sayfa 4: 50 ürün alındı. (Toplam: 1103)
2026-08-02 15:48:47,966 INFO [UserId=18] Sayfa 5: 50 ürün alındı. (Toplam: 1103)
2026-08-02 15:48:48,187 INFO [UserId=18] Sayfa 6: 50 ürün alındı. (Toplam: 1103)
2026-08-02 15:48:48,400 INFO [UserId=18] Sayfa 7: 50 ürün alındı. (Toplam: 1103)
2026-08-02 15:48:48,621 INFO [UserId=18] Sayfa 8: 50 ürün alındı. (Toplam: 1103)
2026-08-02 15:48:48,839 INFO [UserId=18] Sayfa 9: 50 ürün alındı. (Toplam: 1103)
2026-08-02 15:48:49,061 INFO [UserId=18] Sayfa 10: 50 ürün alındı. (Toplam: 1103)
2026-08-02 15:48:49,282 INFO [UserId=18] Sayfa 11: 50 ürün alındı. (Toplam: 1103)
2026-08-02 15:48:49,508 INFO [UserId=18] Sayfa 12: 50 ürün alındı. (Toplam: 1103)
2026-08-02 15:48:49,755 INFO [UserId=18] Sayfa 13: 50 ürün alındı. (Toplam: 1103)
2026-08-02 15:48:49,997 INFO [UserId=18] Sayfa 14: 50 ürün alındı. (Toplam: 1103)
2026-08-02 15:48:50,231 INFO [UserId=18] Sayfa 15: 50 ürün alındı. (Toplam: 1103)
2026-08-02 15:48:50,450 INFO [UserId=18] Sayfa 16: 50 ürün alındı. (Toplam: 1103)
2026-08-02 15:48:50,675 INFO [UserId=18] Sayfa 17: 50 ürün alındı. (Toplam: 1103)
2026-08-02 15:48:50,893 INFO [UserId=18] Sayfa 18: 50 ürün alındı. (Toplam: 1103)
2026-08-02 15:48:51,119 INFO [UserId=18] Sayfa 19: 50 ürün alındı. (Toplam: 1103)
2026-08-02 15:48:51,357 INFO [UserId=18] Sayfa 20: 50 ürün alındı. (Toplam: 1103)
2026-08-02 15:48:51,573 INFO [UserId=18] Sayfa 21: 50 ürün alındı. (Toplam: 1103)
2026-08-02 15:48:51,790 INFO [UserId=18] Sayfa 22: 50 ürün alındı. (Toplam: 1103)
2026-08-02 15:48:51,964 INFO [UserId=18] Sayfa 23: 3 ürün alındı. (Toplam: 1103)
2026-08-02 15:48:51,964 INFO [UserId=18] Toplam 1103 ürün çekildi.
2026-08-02 15:48:52,000 INFO Varyantlı XML feed yazıldı: docs/ecza1-feed.xml (4466 satır / varyant)
2026-08-02 15:48:52,001 INFO Tüm mağazalar için senkronizasyon tamamlandı.
2026-08-02 20:15:41,236 INFO Giriş başarılı (302 yönlendirme -> /).
2026-08-02 20:16:44,089 INFO Kategori/marka tablosu hazır: 659 kategori, 3302 marka bulundu.
2026-08-02 20:16:44,361 INFO [UserId=7982] Sayfa 1: 50 ürün alındı. (Toplam: 613)
2026-08-02 20:16:44,627 INFO [UserId=7982] Sayfa 2: 50 ürün alındı. (Toplam: 613)
2026-08-02 20:16:44,896 INFO [UserId=7982] Sayfa 3: 50 ürün alındı. (Toplam: 613)
2026-08-02 20:16:45,162 INFO [UserId=7982] Sayfa 4: 50 ürün alındı. (Toplam: 613)
2026-08-02 20:16:45,433 INFO [UserId=7982] Sayfa 5: 50 ürün alındı. (Toplam: 613)
2026-08-02 20:16:45,712 INFO [UserId=7982] Sayfa 6: 50 ürün alındı. (Toplam: 613)
2026-08-02 20:16:45,989 INFO [UserId=7982] Sayfa 7: 50 ürün alındı. (Toplam: 613)
2026-08-02 20:16:46,257 INFO [UserId=7982] Sayfa 8: 50 ürün alındı. (Toplam: 613)
2026-08-02 20:16:46,526 INFO [UserId=7982] Sayfa 9: 50 ürün alındı. (Toplam: 613)
2026-08-02 20:16:46,789 INFO [UserId=7982] Sayfa 10: 50 ürün alındı. (Toplam: 613)
2026-08-02 20:16:47,054 INFO [UserId=7982] Sayfa 11: 50 ürün alındı. (Toplam: 613)
2026-08-02 20:16:47,319 INFO [UserId=7982] Sayfa 12: 50 ürün alındı. (Toplam: 613)
2026-08-02 20:16:47,571 INFO [UserId=7982] Sayfa 13: 13 ürün alındı. (Toplam: 613)
2026-08-02 20:16:47,571 INFO [UserId=7982] Toplam 613 ürün çekildi.
2026-08-02 20:16:47,833 INFO [UserId=16982] Sayfa 1: 50 ürün alındı. (Toplam: 733)
2026-08-02 20:16:48,120 INFO [UserId=16982] Sayfa 2: 50 ürün alındı. (Toplam: 733)
2026-08-02 20:16:48,391 INFO [UserId=16982] Sayfa 3: 50 ürün alındı. (Toplam: 733)
2026-08-02 20:16:48,661 INFO [UserId=16982] Sayfa 4: 50 ürün alındı. (Toplam: 733)
2026-08-02 20:16:48,915 INFO [UserId=16982] Sayfa 5: 50 ürün alındı. (Toplam: 733)
2026-08-02 20:16:49,178 INFO [UserId=16982] Sayfa 6: 50 ürün alındı. (Toplam: 733)
2026-08-02 20:16:49,445 INFO [UserId=16982] Sayfa 7: 50 ürün alındı. (Toplam: 733)
2026-08-02 20:16:49,724 INFO [UserId=16982] Sayfa 8: 50 ürün alındı. (Toplam: 733)
2026-08-02 20:16:49,997 INFO [UserId=16982] Sayfa 9: 50 ürün alındı. (Toplam: 733)
2026-08-02 20:16:50,270 INFO [UserId=16982] Sayfa 10: 50 ürün alındı. (Toplam: 733)
2026-08-02 20:16:50,551 INFO [UserId=16982] Sayfa 11: 50 ürün alındı. (Toplam: 733)
2026-08-02 20:16:50,834 INFO [UserId=16982] Sayfa 12: 50 ürün alındı. (Toplam: 733)
2026-08-02 20:16:51,097 INFO [UserId=16982] Sayfa 13: 50 ürün alındı. (Toplam: 733)
2026-08-02 20:16:51,370 INFO [UserId=16982] Sayfa 14: 50 ürün alındı. (Toplam: 733)
2026-08-02 20:16:51,624 INFO [UserId=16982] Sayfa 15: 33 ürün alındı. (Toplam: 733)
2026-08-02 20:16:51,624 INFO [UserId=16982] Toplam 733 ürün çekildi.
2026-08-02 20:16:51,879 INFO [UserId=19598] Sayfa 1: 50 ürün alındı. (Toplam: 387)
2026-08-02 20:16:52,139 INFO [UserId=19598] Sayfa 2: 50 ürün alındı. (Toplam: 387)
2026-08-02 20:16:52,386 INFO [UserId=19598] Sayfa 3: 50 ürün alındı. (Toplam: 387)
2026-08-02 20:16:52,637 INFO [UserId=19598] Sayfa 4: 50 ürün alındı. (Toplam: 387)
2026-08-02 20:16:52,891 INFO [UserId=19598] Sayfa 5: 50 ürün alındı. (Toplam: 387)
2026-08-02 20:16:53,161 INFO [UserId=19598] Sayfa 6: 50 ürün alındı. (Toplam: 387)
2026-08-02 20:16:53,423 INFO [UserId=19598] Sayfa 7: 50 ürün alındı. (Toplam: 387)
2026-08-02 20:16:53,680 INFO [UserId=19598] Sayfa 8: 37 ürün alındı. (Toplam: 387)
2026-08-02 20:16:53,680 INFO [UserId=19598] Toplam 387 ürün çekildi.
2026-08-02 20:16:53,953 INFO [UserId=21144] Sayfa 1: 50 ürün alındı. (Toplam: 377)
2026-08-02 20:16:54,227 INFO [UserId=21144] Sayfa 2: 50 ürün alındı. (Toplam: 377)
2026-08-02 20:16:54,495 INFO [UserId=21144] Sayfa 3: 50 ürün alındı. (Toplam: 377)
2026-08-02 20:16:54,759 INFO [UserId=21144] Sayfa 4: 50 ürün alındı. (Toplam: 377)
2026-08-02 20:16:55,035 INFO [UserId=21144] Sayfa 5: 50 ürün alındı. (Toplam: 377)
2026-08-02 20:16:55,304 INFO [UserId=21144] Sayfa 6: 50 ürün alındı. (Toplam: 377)
2026-08-02 20:16:55,569 INFO [UserId=21144] Sayfa 7: 50 ürün alındı. (Toplam: 377)
2026-08-02 20:16:55,810 INFO [UserId=21144] Sayfa 8: 27 ürün alındı. (Toplam: 377)
2026-08-02 20:16:55,810 INFO [UserId=21144] Toplam 377 ürün çekildi.
2026-08-02 20:16:56,086 INFO [UserId=184] Sayfa 1: 50 ürün alındı. (Toplam: 436)
2026-08-02 20:16:56,360 INFO [UserId=184] Sayfa 2: 50 ürün alındı. (Toplam: 436)
2026-08-02 20:16:56,627 INFO [UserId=184] Sayfa 3: 50 ürün alındı. (Toplam: 436)
2026-08-02 20:16:56,891 INFO [UserId=184] Sayfa 4: 50 ürün alındı. (Toplam: 436)
2026-08-02 20:16:57,167 INFO [UserId=184] Sayfa 5: 50 ürün alındı. (Toplam: 436)
2026-08-02 20:16:57,463 INFO [UserId=184] Sayfa 6: 50 ürün alındı. (Toplam: 436)
2026-08-02 20:16:57,751 INFO [UserId=184] Sayfa 7: 50 ürün alındı. (Toplam: 436)
2026-08-02 20:16:58,021 INFO [UserId=184] Sayfa 8: 50 ürün alındı. (Toplam: 436)
2026-08-02 20:16:58,275 INFO [UserId=184] Sayfa 9: 36 ürün alındı. (Toplam: 436)
2026-08-02 20:16:58,275 INFO [UserId=184] Toplam 436 ürün çekildi.
2026-08-02 20:16:58,537 INFO [UserId=1735] Sayfa 1: 50 ürün alındı. (Toplam: 240)
2026-08-02 20:16:58,794 INFO [UserId=1735] Sayfa 2: 50 ürün alındı. (Toplam: 240)
2026-08-02 20:16:59,058 INFO [UserId=1735] Sayfa 3: 50 ürün alındı. (Toplam: 240)
2026-08-02 20:16:59,331 INFO [UserId=1735] Sayfa 4: 50 ürün alındı. (Toplam: 240)
2026-08-02 20:16:59,576 INFO [UserId=1735] Sayfa 5: 40 ürün alındı. (Toplam: 240)
2026-08-02 20:16:59,576 INFO [UserId=1735] Toplam 240 ürün çekildi.
2026-08-02 20:16:59,848 INFO [UserId=11197] Sayfa 1: 50 ürün alındı. (Toplam: 197)
2026-08-02 20:17:00,113 INFO [UserId=11197] Sayfa 2: 50 ürün alındı. (Toplam: 197)
2026-08-02 20:17:00,374 INFO [UserId=11197] Sayfa 3: 50 ürün alındı. (Toplam: 197)
2026-08-02 20:17:00,630 INFO [UserId=11197] Sayfa 4: 47 ürün alındı. (Toplam: 197)
2026-08-02 20:17:00,630 INFO [UserId=11197] Toplam 197 ürün çekildi.
2026-08-02 20:17:00,901 INFO [UserId=759] Sayfa 1: 50 ürün alındı. (Toplam: 370)
2026-08-02 20:17:01,160 INFO [UserId=759] Sayfa 2: 50 ürün alındı. (Toplam: 370)
2026-08-02 20:17:01,422 INFO [UserId=759] Sayfa 3: 50 ürün alındı. (Toplam: 370)
2026-08-02 20:17:01,685 INFO [UserId=759] Sayfa 4: 50 ürün alındı. (Toplam: 370)
2026-08-02 20:17:01,962 INFO [UserId=759] Sayfa 5: 50 ürün alındı. (Toplam: 370)
2026-08-02 20:17:02,256 INFO [UserId=759] Sayfa 6: 50 ürün alındı. (Toplam: 370)
2026-08-02 20:17:02,530 INFO [UserId=759] Sayfa 7: 50 ürün alındı. (Toplam: 370)
2026-08-02 20:17:02,775 INFO [UserId=759] Sayfa 8: 20 ürün alındı. (Toplam: 370)
2026-08-02 20:17:02,775 INFO [UserId=759] Toplam 370 ürün çekildi.
2026-08-02 20:17:03,073 INFO [UserId=18] Sayfa 1: 50 ürün alındı. (Toplam: 1103)
2026-08-02 20:17:03,352 INFO [UserId=18] Sayfa 2: 50 ürün alındı. (Toplam: 1103)
2026-08-02 20:17:03,664 INFO [UserId=18] Sayfa 3: 50 ürün alındı. (Toplam: 1103)
2026-08-02 20:17:03,943 INFO [UserId=18] Sayfa 4: 50 ürün alındı. (Toplam: 1103)
2026-08-02 20:17:04,213 INFO [UserId=18] Sayfa 5: 50 ürün alındı. (Toplam: 1103)
2026-08-02 20:17:04,492 INFO [UserId=18] Sayfa 6: 50 ürün alındı. (Toplam: 1103)
2026-08-02 20:17:04,766 INFO [UserId=18] Sayfa 7: 50 ürün alındı. (Toplam: 1103)
2026-08-02 20:17:05,046 INFO [UserId=18] Sayfa 8: 50 ürün alındı. (Toplam: 1103)
2026-08-02 20:17:05,321 INFO [UserId=18] Sayfa 9: 50 ürün alındı. (Toplam: 1103)
2026-08-02 20:17:05,611 INFO [UserId=18] Sayfa 10: 50 ürün alındı. (Toplam: 1103)
2026-08-02 20:17:05,909 INFO [UserId=18] Sayfa 11: 50 ürün alındı. (Toplam: 1103)
2026-08-02 20:17:06,193 INFO [UserId=18] Sayfa 12: 50 ürün alındı. (Toplam: 1103)
2026-08-02 20:17:06,531 INFO [UserId=18] Sayfa 13: 50 ürün alındı. (Toplam: 1103)
2026-08-02 20:17:06,837 INFO [UserId=18] Sayfa 14: 50 ürün alındı. (Toplam: 1103)
2026-08-02 20:17:07,133 INFO [UserId=18] Sayfa 15: 50 ürün alındı. (Toplam: 1103)
2026-08-02 20:17:07,422 INFO [UserId=18] Sayfa 16: 50 ürün alındı. (Toplam: 1103)
2026-08-02 20:17:07,701 INFO [UserId=18] Sayfa 17: 50 ürün alındı. (Toplam: 1103)
2026-08-02 20:17:07,978 INFO [UserId=18] Sayfa 18: 50 ürün alındı. (Toplam: 1103)
2026-08-02 20:17:08,276 INFO [UserId=18] Sayfa 19: 50 ürün alındı. (Toplam: 1103)
2026-08-02 20:17:08,581 INFO [UserId=18] Sayfa 20: 50 ürün alındı. (Toplam: 1103)
2026-08-02 20:17:08,852 INFO [UserId=18] Sayfa 21: 50 ürün alındı. (Toplam: 1103)
2026-08-02 20:17:09,130 INFO [UserId=18] Sayfa 22: 50 ürün alındı. (Toplam: 1103)
2026-08-02 20:17:09,367 INFO [UserId=18] Sayfa 23: 3 ürün alındı. (Toplam: 1103)
2026-08-02 20:17:09,367 INFO [UserId=18] Toplam 1103 ürün çekildi.
2026-08-02 20:17:09,404 INFO Varyantlı XML feed yazıldı: docs/ecza1-feed.xml (4456 satır / varyant)
2026-08-02 20:17:09,406 INFO Tüm mağazalar için senkronizasyon tamamlandı.
2026-08-03 08:52:06,180 INFO Giriş başarılı (302 yönlendirme -> /).
2026-08-03 08:53:15,650 INFO Kategori/marka tablosu hazır: 659 kategori, 3303 marka bulundu.
2026-08-03 08:53:15,862 INFO [UserId=7982] Sayfa 1: 50 ürün alındı. (Toplam: 613)
2026-08-03 08:53:16,071 INFO [UserId=7982] Sayfa 2: 50 ürün alındı. (Toplam: 613)
2026-08-03 08:53:16,287 INFO [UserId=7982] Sayfa 3: 50 ürün alındı. (Toplam: 613)
2026-08-03 08:53:16,493 INFO [UserId=7982] Sayfa 4: 50 ürün alındı. (Toplam: 613)
2026-08-03 08:53:16,702 INFO [UserId=7982] Sayfa 5: 50 ürün alındı. (Toplam: 613)
2026-08-03 08:53:16,908 INFO [UserId=7982] Sayfa 6: 50 ürün alındı. (Toplam: 613)
2026-08-03 08:53:17,145 INFO [UserId=7982] Sayfa 7: 50 ürün alındı. (Toplam: 613)
2026-08-03 08:53:17,355 INFO [UserId=7982] Sayfa 8: 50 ürün alındı. (Toplam: 613)
2026-08-03 08:53:17,624 INFO [UserId=7982] Sayfa 9: 50 ürün alındı. (Toplam: 613)
2026-08-03 08:53:17,896 INFO [UserId=7982] Sayfa 10: 50 ürün alındı. (Toplam: 613)
2026-08-03 08:53:18,148 INFO [UserId=7982] Sayfa 11: 50 ürün alındı. (Toplam: 613)
2026-08-03 08:53:18,411 INFO [UserId=7982] Sayfa 12: 50 ürün alındı. (Toplam: 613)
2026-08-03 08:53:18,589 INFO [UserId=7982] Sayfa 13: 13 ürün alındı. (Toplam: 613)
2026-08-03 08:53:18,589 INFO [UserId=7982] Toplam 613 ürün çekildi.
2026-08-03 08:53:18,796 INFO [UserId=16982] Sayfa 1: 50 ürün alındı. (Toplam: 724)
2026-08-03 08:53:19,020 INFO [UserId=16982] Sayfa 2: 50 ürün alındı. (Toplam: 724)
2026-08-03 08:53:19,235 INFO [UserId=16982] Sayfa 3: 50 ürün alındı. (Toplam: 724)
2026-08-03 08:53:19,446 INFO [UserId=16982] Sayfa 4: 50 ürün alındı. (Toplam: 724)
2026-08-03 08:53:19,646 INFO [UserId=16982] Sayfa 5: 50 ürün alındı. (Toplam: 724)
2026-08-03 08:53:19,880 INFO [UserId=16982] Sayfa 6: 50 ürün alındı. (Toplam: 724)
2026-08-03 08:53:20,094 INFO [UserId=16982] Sayfa 7: 50 ürün alındı. (Toplam: 724)
2026-08-03 08:53:20,316 INFO [UserId=16982] Sayfa 8: 50 ürün alındı. (Toplam: 724)
2026-08-03 08:53:20,535 INFO [UserId=16982] Sayfa 9: 50 ürün alındı. (Toplam: 724)
2026-08-03 08:53:20,756 INFO [UserId=16982] Sayfa 10: 50 ürün alındı. (Toplam: 724)
2026-08-03 08:53:20,986 INFO [UserId=16982] Sayfa 11: 50 ürün alındı. (Toplam: 724)
2026-08-03 08:53:21,205 INFO [UserId=16982] Sayfa 12: 50 ürün alındı. (Toplam: 724)
2026-08-03 08:53:21,412 INFO [UserId=16982] Sayfa 13: 50 ürün alındı. (Toplam: 724)
2026-08-03 08:53:21,624 INFO [UserId=16982] Sayfa 14: 50 ürün alındı. (Toplam: 724)
2026-08-03 08:53:21,817 INFO [UserId=16982] Sayfa 15: 24 ürün alındı. (Toplam: 724)
2026-08-03 08:53:21,817 INFO [UserId=16982] Toplam 724 ürün çekildi.
2026-08-03 08:53:22,016 INFO [UserId=19598] Sayfa 1: 50 ürün alındı. (Toplam: 388)
2026-08-03 08:53:22,214 INFO [UserId=19598] Sayfa 2: 50 ürün alındı. (Toplam: 388)
2026-08-03 08:53:22,407 INFO [UserId=19598] Sayfa 3: 50 ürün alındı. (Toplam: 388)
2026-08-03 08:53:22,601 INFO [UserId=19598] Sayfa 4: 50 ürün alındı. (Toplam: 388)
2026-08-03 08:53:22,795 INFO [UserId=19598] Sayfa 5: 50 ürün alındı. (Toplam: 388)
2026-08-03 08:53:22,989 INFO [UserId=19598] Sayfa 6: 50 ürün alındı. (Toplam: 388)
2026-08-03 08:53:23,188 INFO [UserId=19598] Sayfa 7: 50 ürün alındı. (Toplam: 388)
2026-08-03 08:53:23,395 INFO [UserId=19598] Sayfa 8: 38 ürün alındı. (Toplam: 388)
2026-08-03 08:53:23,395 INFO [UserId=19598] Toplam 388 ürün çekildi.
2026-08-03 08:53:23,610 INFO [UserId=21144] Sayfa 1: 50 ürün alındı. (Toplam: 376)
2026-08-03 08:53:23,821 INFO [UserId=21144] Sayfa 2: 50 ürün alındı. (Toplam: 376)
2026-08-03 08:53:24,025 INFO [UserId=21144] Sayfa 3: 50 ürün alındı. (Toplam: 376)
2026-08-03 08:53:24,234 INFO [UserId=21144] Sayfa 4: 50 ürün alındı. (Toplam: 376)
2026-08-03 08:53:24,453 INFO [UserId=21144] Sayfa 5: 50 ürün alındı. (Toplam: 376)
2026-08-03 08:53:24,661 INFO [UserId=21144] Sayfa 6: 50 ürün alındı. (Toplam: 376)
2026-08-03 08:53:24,868 INFO [UserId=21144] Sayfa 7: 50 ürün alındı. (Toplam: 376)
2026-08-03 08:53:25,055 INFO [UserId=21144] Sayfa 8: 26 ürün alındı. (Toplam: 376)
2026-08-03 08:53:25,055 INFO [UserId=21144] Toplam 376 ürün çekildi.
2026-08-03 08:53:25,207 INFO [UserId=184] Toplam 0 ürün çekildi.
2026-08-03 08:53:25,409 INFO [UserId=1735] Sayfa 1: 50 ürün alındı. (Toplam: 240)
2026-08-03 08:53:25,627 INFO [UserId=1735] Sayfa 2: 50 ürün alındı. (Toplam: 240)
2026-08-03 08:53:25,828 INFO [UserId=1735] Sayfa 3: 50 ürün alındı. (Toplam: 240)
2026-08-03 08:53:26,076 INFO [UserId=1735] Sayfa 4: 50 ürün alındı. (Toplam: 240)
2026-08-03 08:53:26,291 INFO [UserId=1735] Sayfa 5: 40 ürün alındı. (Toplam: 240)
2026-08-03 08:53:26,291 INFO [UserId=1735] Toplam 240 ürün çekildi.
2026-08-03 08:53:26,506 INFO [UserId=11197] Sayfa 1: 50 ürün alındı. (Toplam: 197)
2026-08-03 08:53:26,710 INFO [UserId=11197] Sayfa 2: 50 ürün alındı. (Toplam: 197)
2026-08-03 08:53:26,914 INFO [UserId=11197] Sayfa 3: 50 ürün alındı. (Toplam: 197)
2026-08-03 08:53:27,119 INFO [UserId=11197] Sayfa 4: 47 ürün alındı. (Toplam: 197)
2026-08-03 08:53:27,119 INFO [UserId=11197] Toplam 197 ürün çekildi.
2026-08-03 08:53:27,344 INFO [UserId=759] Sayfa 1: 50 ürün alındı. (Toplam: 368)
2026-08-03 08:53:27,549 INFO [UserId=759] Sayfa 2: 50 ürün alındı. (Toplam: 368)
2026-08-03 08:53:27,759 INFO [UserId=759] Sayfa 3: 50 ürün alındı. (Toplam: 368)
2026-08-03 08:53:27,971 INFO [UserId=759] Sayfa 4: 50 ürün alındı. (Toplam: 368)
2026-08-03 08:53:28,196 INFO [UserId=759] Sayfa 5: 50 ürün alındı. (Toplam: 368)
2026-08-03 08:53:28,408 INFO [UserId=759] Sayfa 6: 50 ürün alındı. (Toplam: 368)
2026-08-03 08:53:28,629 INFO [UserId=759] Sayfa 7: 50 ürün alındı. (Toplam: 368)
2026-08-03 08:53:28,838 INFO [UserId=759] Sayfa 8: 18 ürün alındı. (Toplam: 368)
2026-08-03 08:53:28,838 INFO [UserId=759] Toplam 368 ürün çekildi.
2026-08-03 08:53:29,065 INFO [UserId=18] Sayfa 1: 50 ürün alındı. (Toplam: 1107)
2026-08-03 08:53:29,291 INFO [UserId=18] Sayfa 2: 50 ürün alındı. (Toplam: 1107)
2026-08-03 08:53:29,519 INFO [UserId=18] Sayfa 3: 50 ürün alındı. (Toplam: 1107)
2026-08-03 08:53:29,738 INFO [UserId=18] Sayfa 4: 50 ürün alındı. (Toplam: 1107)
2026-08-03 08:53:29,989 INFO [UserId=18] Sayfa 5: 50 ürün alındı. (Toplam: 1107)
2026-08-03 08:53:30,215 INFO [UserId=18] Sayfa 6: 50 ürün alındı. (Toplam: 1107)
2026-08-03 08:53:30,425 INFO [UserId=18] Sayfa 7: 50 ürün alındı. (Toplam: 1107)
2026-08-03 08:53:30,639 INFO [UserId=18] Sayfa 8: 50 ürün alındı. (Toplam: 1107)
2026-08-03 08:53:30,896 INFO [UserId=18] Sayfa 9: 50 ürün alındı. (Toplam: 1107)
2026-08-03 08:53:31,124 INFO [UserId=18] Sayfa 10: 50 ürün alındı. (Toplam: 1107)
2026-08-03 08:53:31,355 INFO [UserId=18] Sayfa 11: 50 ürün alındı. (Toplam: 1107)
2026-08-03 08:53:31,595 INFO [UserId=18] Sayfa 12: 50 ürün alındı. (Toplam: 1107)
2026-08-03 08:53:31,846 INFO [UserId=18] Sayfa 13: 50 ürün alındı. (Toplam: 1107)
2026-08-03 08:53:32,098 INFO [UserId=18] Sayfa 14: 50 ürün alındı. (Toplam: 1107)
2026-08-03 08:53:32,382 INFO [UserId=18] Sayfa 15: 50 ürün alındı. (Toplam: 1107)
2026-08-03 08:53:32,650 INFO [UserId=18] Sayfa 16: 50 ürün alındı. (Toplam: 1107)
2026-08-03 08:53:32,880 INFO [UserId=18] Sayfa 17: 50 ürün alındı. (Toplam: 1107)
2026-08-03 08:53:33,184 INFO [UserId=18] Sayfa 18: 50 ürün alındı. (Toplam: 1107)
2026-08-03 08:53:33,496 INFO [UserId=18] Sayfa 19: 50 ürün alındı. (Toplam: 1107)
2026-08-03 08:53:33,718 INFO [UserId=18] Sayfa 20: 50 ürün alındı. (Toplam: 1107)
2026-08-03 08:53:34,016 INFO [UserId=18] Sayfa 21: 50 ürün alındı. (Toplam: 1107)
2026-08-03 08:53:34,253 INFO [UserId=18] Sayfa 22: 50 ürün alındı. (Toplam: 1107)
2026-08-03 08:53:34,485 INFO [UserId=18] Sayfa 23: 7 ürün alındı. (Toplam: 1107)
2026-08-03 08:53:34,485 INFO [UserId=18] Toplam 1107 ürün çekildi.
2026-08-03 08:53:34,518 INFO Varyantlı XML feed yazıldı: docs/ecza1-feed.xml (4013 satır / varyant)
2026-08-03 08:53:34,519 INFO Tüm mağazalar için senkronizasyon tamamlandı.
2026-08-03 17:17:15,260 INFO Giriş başarılı (302 yönlendirme -> /).
2026-08-03 17:18:19,662 INFO Kategori/marka tablosu hazır: 658 kategori, 3279 marka bulundu.
2026-08-03 17:18:19,920 INFO [UserId=7982] Sayfa 1: 50 ürün alındı. (Toplam: 607)
2026-08-03 17:18:20,182 INFO [UserId=7982] Sayfa 2: 50 ürün alındı. (Toplam: 607)
2026-08-03 17:18:20,447 INFO [UserId=7982] Sayfa 3: 50 ürün alındı. (Toplam: 607)
2026-08-03 17:18:20,701 INFO [UserId=7982] Sayfa 4: 50 ürün alındı. (Toplam: 607)
2026-08-03 17:18:20,968 INFO [UserId=7982] Sayfa 5: 50 ürün alındı. (Toplam: 607)
2026-08-03 17:18:21,229 INFO [UserId=7982] Sayfa 6: 50 ürün alındı. (Toplam: 607)
2026-08-03 17:18:21,495 INFO [UserId=7982] Sayfa 7: 50 ürün alındı. (Toplam: 607)
2026-08-03 17:18:21,755 INFO [UserId=7982] Sayfa 8: 50 ürün alındı. (Toplam: 607)
2026-08-03 17:18:22,022 INFO [UserId=7982] Sayfa 9: 50 ürün alındı. (Toplam: 607)
2026-08-03 17:18:22,277 INFO [UserId=7982] Sayfa 10: 50 ürün alındı. (Toplam: 607)
2026-08-03 17:18:22,529 INFO [UserId=7982] Sayfa 11: 50 ürün alındı. (Toplam: 607)
2026-08-03 17:18:22,788 INFO [UserId=7982] Sayfa 12: 50 ürün alındı. (Toplam: 607)
2026-08-03 17:18:23,012 INFO [UserId=7982] Sayfa 13: 7 ürün alındı. (Toplam: 607)
2026-08-03 17:18:23,012 INFO [UserId=7982] Toplam 607 ürün çekildi.
2026-08-03 17:18:23,275 INFO [UserId=16982] Sayfa 1: 50 ürün alındı. (Toplam: 723)
2026-08-03 17:18:23,543 INFO [UserId=16982] Sayfa 2: 50 ürün alındı. (Toplam: 723)
2026-08-03 17:18:23,807 INFO [UserId=16982] Sayfa 3: 50 ürün alındı. (Toplam: 723)
2026-08-03 17:18:24,075 INFO [UserId=16982] Sayfa 4: 50 ürün alındı. (Toplam: 723)
2026-08-03 17:18:24,321 INFO [UserId=16982] Sayfa 5: 50 ürün alındı. (Toplam: 723)
2026-08-03 17:18:24,587 INFO [UserId=16982] Sayfa 6: 50 ürün alındı. (Toplam: 723)
2026-08-03 17:18:24,846 INFO [UserId=16982] Sayfa 7: 50 ürün alındı. (Toplam: 723)
2026-08-03 17:18:25,121 INFO [UserId=16982] Sayfa 8: 50 ürün alındı. (Toplam: 723)
2026-08-03 17:18:25,392 INFO [UserId=16982] Sayfa 9: 50 ürün alındı. (Toplam: 723)
2026-08-03 17:18:25,664 INFO [UserId=16982] Sayfa 10: 50 ürün alındı. (Toplam: 723)
2026-08-03 17:18:25,941 INFO [UserId=16982] Sayfa 11: 50 ürün alındı. (Toplam: 723)
2026-08-03 17:18:26,219 INFO [UserId=16982] Sayfa 12: 50 ürün alındı. (Toplam: 723)
2026-08-03 17:18:26,478 INFO [UserId=16982] Sayfa 13: 50 ürün alındı. (Toplam: 723)
2026-08-03 17:18:26,747 INFO [UserId=16982] Sayfa 14: 50 ürün alındı. (Toplam: 723)
2026-08-03 17:18:26,990 INFO [UserId=16982] Sayfa 15: 23 ürün alındı. (Toplam: 723)
2026-08-03 17:18:26,990 INFO [UserId=16982] Toplam 723 ürün çekildi.
2026-08-03 17:18:27,242 INFO [UserId=19598] Sayfa 1: 50 ürün alındı. (Toplam: 388)
2026-08-03 17:18:27,490 INFO [UserId=19598] Sayfa 2: 50 ürün alındı. (Toplam: 388)
2026-08-03 17:18:27,735 INFO [UserId=19598] Sayfa 3: 50 ürün alındı. (Toplam: 388)
2026-08-03 17:18:27,983 INFO [UserId=19598] Sayfa 4: 50 ürün alındı. (Toplam: 388)
2026-08-03 17:18:28,234 INFO [UserId=19598] Sayfa 5: 50 ürün alındı. (Toplam: 388)
2026-08-03 17:18:28,483 INFO [UserId=19598] Sayfa 6: 50 ürün alındı. (Toplam: 388)
2026-08-03 17:18:28,730 INFO [UserId=19598] Sayfa 7: 50 ürün alındı. (Toplam: 388)
2026-08-03 17:18:28,986 INFO [UserId=19598] Sayfa 8: 38 ürün alındı. (Toplam: 388)
2026-08-03 17:18:28,986 INFO [UserId=19598] Toplam 388 ürün çekildi.
2026-08-03 17:18:29,250 INFO [UserId=21144] Sayfa 1: 50 ürün alındı. (Toplam: 378)
2026-08-03 17:18:29,515 INFO [UserId=21144] Sayfa 2: 50 ürün alındı. (Toplam: 378)
2026-08-03 17:18:29,775 INFO [UserId=21144] Sayfa 3: 50 ürün alındı. (Toplam: 378)
2026-08-03 17:18:30,216 INFO [UserId=21144] Sayfa 4: 50 ürün alındı. (Toplam: 378)
2026-08-03 17:18:30,493 INFO [UserId=21144] Sayfa 5: 50 ürün alındı. (Toplam: 378)
2026-08-03 17:18:30,757 INFO [UserId=21144] Sayfa 6: 50 ürün alındı. (Toplam: 378)
2026-08-03 17:18:31,010 INFO [UserId=21144] Sayfa 7: 50 ürün alındı. (Toplam: 378)
2026-08-03 17:18:31,252 INFO [UserId=21144] Sayfa 8: 28 ürün alındı. (Toplam: 378)
2026-08-03 17:18:31,252 INFO [UserId=21144] Toplam 378 ürün çekildi.
2026-08-03 17:18:31,456 INFO [UserId=184] Toplam 0 ürün çekildi.
2026-08-03 17:18:31,725 INFO [UserId=1735] Sayfa 1: 50 ürün alındı. (Toplam: 252)
2026-08-03 17:18:31,986 INFO [UserId=1735] Sayfa 2: 50 ürün alındı. (Toplam: 252)
2026-08-03 17:18:32,240 INFO [UserId=1735] Sayfa 3: 50 ürün alındı. (Toplam: 252)
2026-08-03 17:18:32,514 INFO [UserId=1735] Sayfa 4: 50 ürün alındı. (Toplam: 252)
2026-08-03 17:18:32,768 INFO [UserId=1735] Sayfa 5: 50 ürün alındı. (Toplam: 252)
2026-08-03 17:18:32,979 INFO [UserId=1735] Sayfa 6: 2 ürün alındı. (Toplam: 252)
2026-08-03 17:18:32,979 INFO [UserId=1735] Toplam 252 ürün çekildi.
2026-08-03 17:18:33,242 INFO [UserId=11197] Sayfa 1: 50 ürün alındı. (Toplam: 193)
2026-08-03 17:18:33,494 INFO [UserId=11197] Sayfa 2: 50 ürün alındı. (Toplam: 193)
2026-08-03 17:18:33,753 INFO [UserId=11197] Sayfa 3: 50 ürün alındı. (Toplam: 193)
2026-08-03 17:18:34,010 INFO [UserId=11197] Sayfa 4: 43 ürün alındı. (Toplam: 193)
2026-08-03 17:18:34,010 INFO [UserId=11197] Toplam 193 ürün çekildi.
2026-08-03 17:18:34,277 INFO [UserId=759] Sayfa 1: 50 ürün alındı. (Toplam: 367)
2026-08-03 17:18:34,531 INFO [UserId=759] Sayfa 2: 50 ürün alındı. (Toplam: 367)
2026-08-03 17:18:34,797 INFO [UserId=759] Sayfa 3: 50 ürün alındı. (Toplam: 367)
2026-08-03 17:18:35,060 INFO [UserId=759] Sayfa 4: 50 ürün alındı. (Toplam: 367)
2026-08-03 17:18:35,332 INFO [UserId=759] Sayfa 5: 50 ürün alındı. (Toplam: 367)
2026-08-03 17:18:35,584 INFO [UserId=759] Sayfa 6: 50 ürün alındı. (Toplam: 367)
2026-08-03 17:18:35,848 INFO [UserId=759] Sayfa 7: 50 ürün alındı. (Toplam: 367)
2026-08-03 17:18:36,076 INFO [UserId=759] Sayfa 8: 17 ürün alındı. (Toplam: 367)
2026-08-03 17:18:36,076 INFO [UserId=759] Toplam 367 ürün çekildi.
2026-08-03 17:18:36,349 INFO [UserId=18] Sayfa 1: 50 ürün alındı. (Toplam: 1095)
2026-08-03 17:18:36,634 INFO [UserId=18] Sayfa 2: 50 ürün alındı. (Toplam: 1095)
2026-08-03 17:18:36,908 INFO [UserId=18] Sayfa 3: 50 ürün alındı. (Toplam: 1095)
2026-08-03 17:18:37,203 INFO [UserId=18] Sayfa 4: 50 ürün alındı. (Toplam: 1095)
2026-08-03 17:18:37,469 INFO [UserId=18] Sayfa 5: 50 ürün alındı. (Toplam: 1095)
2026-08-03 17:18:37,744 INFO [UserId=18] Sayfa 6: 50 ürün alındı. (Toplam: 1095)
2026-08-03 17:18:38,008 INFO [UserId=18] Sayfa 7: 50 ürün alındı. (Toplam: 1095)
2026-08-03 17:18:38,275 INFO [UserId=18] Sayfa 8: 50 ürün alındı. (Toplam: 1095)
2026-08-03 17:18:38,549 INFO [UserId=18] Sayfa 9: 50 ürün alındı. (Toplam: 1095)
2026-08-03 17:18:38,829 INFO [UserId=18] Sayfa 10: 50 ürün alındı. (Toplam: 1095)
2026-08-03 17:18:39,098 INFO [UserId=18] Sayfa 11: 50 ürün alındı. (Toplam: 1095)
2026-08-03 17:18:39,368 INFO [UserId=18] Sayfa 12: 50 ürün alındı. (Toplam: 1095)
2026-08-03 17:18:39,674 INFO [UserId=18] Sayfa 13: 50 ürün alındı. (Toplam: 1095)
2026-08-03 17:18:39,979 INFO [UserId=18] Sayfa 14: 50 ürün alındı. (Toplam: 1095)
2026-08-03 17:18:40,257 INFO [UserId=18] Sayfa 15: 50 ürün alındı. (Toplam: 1095)
2026-08-03 17:18:40,522 INFO [UserId=18] Sayfa 16: 50 ürün alındı. (Toplam: 1095)
2026-08-03 17:18:40,794 INFO [UserId=18] Sayfa 17: 50 ürün alındı. (Toplam: 1095)
2026-08-03 17:18:41,064 INFO [UserId=18] Sayfa 18: 50 ürün alındı. (Toplam: 1095)
2026-08-03 17:18:41,335 INFO [UserId=18] Sayfa 19: 50 ürün alındı. (Toplam: 1095)
2026-08-03 17:18:41,605 INFO [UserId=18] Sayfa 20: 50 ürün alındı. (Toplam: 1095)
2026-08-03 17:18:41,869 INFO [UserId=18] Sayfa 21: 50 ürün alındı. (Toplam: 1095)
2026-08-03 17:18:42,136 INFO [UserId=18] Sayfa 22: 45 ürün alındı. (Toplam: 1095)
2026-08-03 17:18:42,137 INFO [UserId=18] Toplam 1095 ürün çekildi.
2026-08-03 17:18:42,161 INFO Varyantlı XML feed yazıldı: docs/ecza1-feed.xml (4003 satır / varyant)
2026-08-03 17:18:42,162 INFO Tüm mağazalar için senkronizasyon tamamlandı.
2026-08-03 21:52:25,179 INFO Giriş başarılı (302 yönlendirme -> /).
2026-08-03 21:53:22,904 INFO Kategori/marka tablosu hazır: 658 kategori, 3279 marka bulundu.
2026-08-03 21:53:23,114 INFO [UserId=7982] Sayfa 1: 50 ürün alındı. (Toplam: 604)
2026-08-03 21:53:23,323 INFO [UserId=7982] Sayfa 2: 50 ürün alındı. (Toplam: 604)
2026-08-03 21:53:23,532 INFO [UserId=7982] Sayfa 3: 50 ürün alındı. (Toplam: 604)
2026-08-03 21:53:23,740 INFO [UserId=7982] Sayfa 4: 50 ürün alındı. (Toplam: 604)
2026-08-03 21:53:23,957 INFO [UserId=7982] Sayfa 5: 50 ürün alındı. (Toplam: 604)
2026-08-03 21:53:24,169 INFO [UserId=7982] Sayfa 6: 50 ürün alındı. (Toplam: 604)
2026-08-03 21:53:24,439 INFO [UserId=7982] Sayfa 7: 50 ürün alındı. (Toplam: 604)
2026-08-03 21:53:24,653 INFO [UserId=7982] Sayfa 8: 50 ürün alındı. (Toplam: 604)
2026-08-03 21:53:24,866 INFO [UserId=7982] Sayfa 9: 50 ürün alındı. (Toplam: 604)
2026-08-03 21:53:25,069 INFO [UserId=7982] Sayfa 10: 50 ürün alındı. (Toplam: 604)
2026-08-03 21:53:25,269 INFO [UserId=7982] Sayfa 11: 50 ürün alındı. (Toplam: 604)
2026-08-03 21:53:25,475 INFO [UserId=7982] Sayfa 12: 50 ürün alındı. (Toplam: 604)
2026-08-03 21:53:25,641 INFO [UserId=7982] Sayfa 13: 4 ürün alındı. (Toplam: 604)
2026-08-03 21:53:25,641 INFO [UserId=7982] Toplam 604 ürün çekildi.
2026-08-03 21:53:25,859 INFO [UserId=16982] Sayfa 1: 50 ürün alındı. (Toplam: 723)
2026-08-03 21:53:26,072 INFO [UserId=16982] Sayfa 2: 50 ürün alındı. (Toplam: 723)
2026-08-03 21:53:26,287 INFO [UserId=16982] Sayfa 3: 50 ürün alındı. (Toplam: 723)
2026-08-03 21:53:26,497 INFO [UserId=16982] Sayfa 4: 50 ürün alındı. (Toplam: 723)
2026-08-03 21:53:26,689 INFO [UserId=16982] Sayfa 5: 50 ürün alındı. (Toplam: 723)
2026-08-03 21:53:26,896 INFO [UserId=16982] Sayfa 6: 50 ürün alındı. (Toplam: 723)
2026-08-03 21:53:27,111 INFO [UserId=16982] Sayfa 7: 50 ürün alındı. (Toplam: 723)
2026-08-03 21:53:27,331 INFO [UserId=16982] Sayfa 8: 50 ürün alındı. (Toplam: 723)
2026-08-03 21:53:27,550 INFO [UserId=16982] Sayfa 9: 50 ürün alındı. (Toplam: 723)
2026-08-03 21:53:27,770 INFO [UserId=16982] Sayfa 10: 50 ürün alındı. (Toplam: 723)
2026-08-03 21:53:28,001 INFO [UserId=16982] Sayfa 11: 50 ürün alındı. (Toplam: 723)
2026-08-03 21:53:28,224 INFO [UserId=16982] Sayfa 12: 50 ürün alındı. (Toplam: 723)
2026-08-03 21:53:28,442 INFO [UserId=16982] Sayfa 13: 50 ürün alındı. (Toplam: 723)
2026-08-03 21:53:28,655 INFO [UserId=16982] Sayfa 14: 50 ürün alındı. (Toplam: 723)
2026-08-03 21:53:28,846 INFO [UserId=16982] Sayfa 15: 23 ürün alındı. (Toplam: 723)
2026-08-03 21:53:28,847 INFO [UserId=16982] Toplam 723 ürün çekildi.
2026-08-03 21:53:29,050 INFO [UserId=19598] Sayfa 1: 50 ürün alındı. (Toplam: 388)
2026-08-03 21:53:29,249 INFO [UserId=19598] Sayfa 2: 50 ürün alındı. (Toplam: 388)
2026-08-03 21:53:29,448 INFO [UserId=19598] Sayfa 3: 50 ürün alındı. (Toplam: 388)
2026-08-03 21:53:29,640 INFO [UserId=19598] Sayfa 4: 50 ürün alındı. (Toplam: 388)
2026-08-03 21:53:29,823 INFO [UserId=19598] Sayfa 5: 50 ürün alındı. (Toplam: 388)
2026-08-03 21:53:30,027 INFO [UserId=19598] Sayfa 6: 50 ürün alındı. (Toplam: 388)
2026-08-03 21:53:30,224 INFO [UserId=19598] Sayfa 7: 50 ürün alındı. (Toplam: 388)
2026-08-03 21:53:30,424 INFO [UserId=19598] Sayfa 8: 38 ürün alındı. (Toplam: 388)
2026-08-03 21:53:30,424 INFO [UserId=19598] Toplam 388 ürün çekildi.
2026-08-03 21:53:30,644 INFO [UserId=21144] Sayfa 1: 50 ürün alındı. (Toplam: 378)
2026-08-03 21:53:30,855 INFO [UserId=21144] Sayfa 2: 50 ürün alındı. (Toplam: 378)
2026-08-03 21:53:31,066 INFO [UserId=21144] Sayfa 3: 50 ürün alındı. (Toplam: 378)
2026-08-03 21:53:31,278 INFO [UserId=21144] Sayfa 4: 50 ürün alındı. (Toplam: 378)
2026-08-03 21:53:31,502 INFO [UserId=21144] Sayfa 5: 50 ürün alındı. (Toplam: 378)
2026-08-03 21:53:31,718 INFO [UserId=21144] Sayfa 6: 50 ürün alındı. (Toplam: 378)
2026-08-03 21:53:31,930 INFO [UserId=21144] Sayfa 7: 50 ürün alındı. (Toplam: 378)
2026-08-03 21:53:32,116 INFO [UserId=21144] Sayfa 8: 28 ürün alındı. (Toplam: 378)
2026-08-03 21:53:32,116 INFO [UserId=21144] Toplam 378 ürün çekildi.
2026-08-03 21:53:32,268 INFO [UserId=184] Toplam 0 ürün çekildi.
2026-08-03 21:53:32,471 INFO [UserId=1735] Sayfa 1: 50 ürün alındı. (Toplam: 252)
2026-08-03 21:53:32,674 INFO [UserId=1735] Sayfa 2: 50 ürün alındı. (Toplam: 252)
2026-08-03 21:53:32,871 INFO [UserId=1735] Sayfa 3: 50 ürün alındı. (Toplam: 252)
2026-08-03 21:53:33,078 INFO [UserId=1735] Sayfa 4: 50 ürün alındı. (Toplam: 252)
2026-08-03 21:53:33,279 INFO [UserId=1735] Sayfa 5: 50 ürün alındı. (Toplam: 252)
2026-08-03 21:53:33,439 INFO [UserId=1735] Sayfa 6: 2 ürün alındı. (Toplam: 252)
2026-08-03 21:53:33,440 INFO [UserId=1735] Toplam 252 ürün çekildi.
2026-08-03 21:53:33,645 INFO [UserId=11197] Sayfa 1: 50 ürün alındı. (Toplam: 193)
2026-08-03 21:53:33,845 INFO [UserId=11197] Sayfa 2: 50 ürün alındı. (Toplam: 193)
2026-08-03 21:53:34,046 INFO [UserId=11197] Sayfa 3: 50 ürün alındı. (Toplam: 193)
2026-08-03 21:53:34,244 INFO [UserId=11197] Sayfa 4: 43 ürün alındı. (Toplam: 193)
2026-08-03 21:53:34,244 INFO [UserId=11197] Toplam 193 ürün çekildi.
2026-08-03 21:53:34,454 INFO [UserId=759] Sayfa 1: 50 ürün alındı. (Toplam: 364)
2026-08-03 21:53:34,659 INFO [UserId=759] Sayfa 2: 50 ürün alındı. (Toplam: 364)
2026-08-03 21:53:34,867 INFO [UserId=759] Sayfa 3: 50 ürün alındı. (Toplam: 364)
2026-08-03 21:53:35,078 INFO [UserId=759] Sayfa 4: 50 ürün alındı. (Toplam: 364)
2026-08-03 21:53:35,306 INFO [UserId=759] Sayfa 5: 50 ürün alındı. (Toplam: 364)
2026-08-03 21:53:35,519 INFO [UserId=759] Sayfa 6: 50 ürün alındı. (Toplam: 364)
2026-08-03 21:53:35,797 INFO [UserId=759] Sayfa 7: 50 ürün alındı. (Toplam: 364)
2026-08-03 21:53:35,970 INFO [UserId=759] Sayfa 8: 14 ürün alındı. (Toplam: 364)
2026-08-03 21:53:35,970 INFO [UserId=759] Toplam 364 ürün çekildi.
2026-08-03 21:53:36,200 INFO [UserId=18] Sayfa 1: 50 ürün alındı. (Toplam: 1094)
2026-08-03 21:53:36,439 INFO [UserId=18] Sayfa 2: 50 ürün alındı. (Toplam: 1094)
2026-08-03 21:53:36,664 INFO [UserId=18] Sayfa 3: 50 ürün alındı. (Toplam: 1094)
2026-08-03 21:53:36,891 INFO [UserId=18] Sayfa 4: 50 ürün alındı. (Toplam: 1094)
2026-08-03 21:53:37,106 INFO [UserId=18] Sayfa 5: 50 ürün alındı. (Toplam: 1094)
2026-08-03 21:53:37,341 INFO [UserId=18] Sayfa 6: 50 ürün alındı. (Toplam: 1094)
2026-08-03 21:53:37,566 INFO [UserId=18] Sayfa 7: 50 ürün alındı. (Toplam: 1094)
2026-08-03 21:53:37,795 INFO [UserId=18] Sayfa 8: 50 ürün alındı. (Toplam: 1094)
2026-08-03 21:53:38,041 INFO [UserId=18] Sayfa 9: 50 ürün alındı. (Toplam: 1094)
2026-08-03 21:53:38,272 INFO [UserId=18] Sayfa 10: 50 ürün alındı. (Toplam: 1094)
2026-08-03 21:53:38,488 INFO [UserId=18] Sayfa 11: 50 ürün alındı. (Toplam: 1094)
2026-08-03 21:53:38,713 INFO [UserId=18] Sayfa 12: 50 ürün alındı. (Toplam: 1094)
2026-08-03 21:53:38,964 INFO [UserId=18] Sayfa 13: 50 ürün alındı. (Toplam: 1094)
2026-08-03 21:53:39,220 INFO [UserId=18] Sayfa 14: 50 ürün alındı. (Toplam: 1094)
2026-08-03 21:53:39,456 INFO [UserId=18] Sayfa 15: 50 ürün alındı. (Toplam: 1094)
2026-08-03 21:53:39,674 INFO [UserId=18] Sayfa 16: 50 ürün alındı. (Toplam: 1094)
2026-08-03 21:53:39,903 INFO [UserId=18] Sayfa 17: 50 ürün alındı. (Toplam: 1094)
2026-08-03 21:53:40,120 INFO [UserId=18] Sayfa 18: 50 ürün alındı. (Toplam: 1094)
2026-08-03 21:53:40,344 INFO [UserId=18] Sayfa 19: 50 ürün alındı. (Toplam: 1094)
2026-08-03 21:53:40,570 INFO [UserId=18] Sayfa 20: 50 ürün alındı. (Toplam: 1094)
2026-08-03 21:53:40,784 INFO [UserId=18] Sayfa 21: 50 ürün alındı. (Toplam: 1094)
2026-08-03 21:53:41,005 INFO [UserId=18] Sayfa 22: 44 ürün alındı. (Toplam: 1094)
2026-08-03 21:53:41,005 INFO [UserId=18] Toplam 1094 ürün çekildi.
2026-08-03 21:53:41,037 INFO Varyantlı XML feed yazıldı: docs/ecza1-feed.xml (3996 satır / varyant)
2026-08-03 21:53:41,039 INFO Tüm mağazalar için senkronizasyon tamamlandı.
2026-08-04 07:48:30,399 INFO Giriş başarılı (302 yönlendirme -> /).
2026-08-04 07:49:45,504 INFO Kategori/marka tablosu hazır: 658 kategori, 3250 marka bulundu.
2026-08-04 07:49:45,736 INFO [UserId=7982] Sayfa 1: 50 ürün alındı. (Toplam: 603)
2026-08-04 07:49:46,001 INFO [UserId=7982] Sayfa 2: 50 ürün alındı. (Toplam: 603)
2026-08-04 07:49:46,229 INFO [UserId=7982] Sayfa 3: 50 ürün alındı. (Toplam: 603)
2026-08-04 07:49:46,470 INFO [UserId=7982] Sayfa 4: 50 ürün alındı. (Toplam: 603)
2026-08-04 07:49:46,734 INFO [UserId=7982] Sayfa 5: 50 ürün alındı. (Toplam: 603)
2026-08-04 07:49:46,958 INFO [UserId=7982] Sayfa 6: 50 ürün alındı. (Toplam: 603)
2026-08-04 07:49:47,189 INFO [UserId=7982] Sayfa 7: 50 ürün alındı. (Toplam: 603)
2026-08-04 07:49:47,421 INFO [UserId=7982] Sayfa 8: 50 ürün alındı. (Toplam: 603)
2026-08-04 07:49:47,654 INFO [UserId=7982] Sayfa 9: 50 ürün alındı. (Toplam: 603)
2026-08-04 07:49:47,909 INFO [UserId=7982] Sayfa 10: 50 ürün alındı. (Toplam: 603)
2026-08-04 07:49:48,189 INFO [UserId=7982] Sayfa 11: 50 ürün alındı. (Toplam: 603)
2026-08-04 07:49:48,416 INFO [UserId=7982] Sayfa 12: 50 ürün alındı. (Toplam: 603)
2026-08-04 07:49:48,632 INFO [UserId=7982] Sayfa 13: 3 ürün alındı. (Toplam: 603)
2026-08-04 07:49:48,633 INFO [UserId=7982] Toplam 603 ürün çekildi.
2026-08-04 07:49:48,860 INFO [UserId=16982] Sayfa 1: 50 ürün alındı. (Toplam: 719)
2026-08-04 07:49:49,098 INFO [UserId=16982] Sayfa 2: 50 ürün alındı. (Toplam: 719)
2026-08-04 07:49:49,337 INFO [UserId=16982] Sayfa 3: 50 ürün alındı. (Toplam: 719)
2026-08-04 07:49:49,650 INFO [UserId=16982] Sayfa 4: 50 ürün alındı. (Toplam: 719)
2026-08-04 07:49:49,871 INFO [UserId=16982] Sayfa 5: 50 ürün alındı. (Toplam: 719)
2026-08-04 07:49:50,093 INFO [UserId=16982] Sayfa 6: 50 ürün alındı. (Toplam: 719)
2026-08-04 07:49:50,325 INFO [UserId=16982] Sayfa 7: 50 ürün alındı. (Toplam: 719)
2026-08-04 07:49:50,587 INFO [UserId=16982] Sayfa 8: 50 ürün alındı. (Toplam: 719)
2026-08-04 07:49:50,884 INFO [UserId=16982] Sayfa 9: 50 ürün alındı. (Toplam: 719)
2026-08-04 07:49:51,141 INFO [UserId=16982] Sayfa 10: 50 ürün alındı. (Toplam: 719)
2026-08-04 07:49:51,391 INFO [UserId=16982] Sayfa 11: 50 ürün alındı. (Toplam: 719)
2026-08-04 07:49:51,624 INFO [UserId=16982] Sayfa 12: 50 ürün alındı. (Toplam: 719)
2026-08-04 07:49:51,854 INFO [UserId=16982] Sayfa 13: 50 ürün alındı. (Toplam: 719)
2026-08-04 07:49:52,129 INFO [UserId=16982] Sayfa 14: 50 ürün alındı. (Toplam: 719)
2026-08-04 07:49:52,334 INFO [UserId=16982] Sayfa 15: 19 ürün alındı. (Toplam: 719)
2026-08-04 07:49:52,334 INFO [UserId=16982] Toplam 719 ürün çekildi.
2026-08-04 07:49:52,553 INFO [UserId=19598] Sayfa 1: 50 ürün alındı. (Toplam: 393)
2026-08-04 07:49:52,774 INFO [UserId=19598] Sayfa 2: 50 ürün alındı. (Toplam: 393)
2026-08-04 07:49:53,022 INFO [UserId=19598] Sayfa 3: 50 ürün alındı. (Toplam: 393)
2026-08-04 07:49:53,237 INFO [UserId=19598] Sayfa 4: 50 ürün alındı. (Toplam: 393)
2026-08-04 07:49:53,442 INFO [UserId=19598] Sayfa 5: 50 ürün alındı. (Toplam: 393)
2026-08-04 07:49:53,673 INFO [UserId=19598] Sayfa 6: 50 ürün alındı. (Toplam: 393)
2026-08-04 07:49:53,886 INFO [UserId=19598] Sayfa 7: 50 ürün alındı. (Toplam: 393)
2026-08-04 07:49:54,106 INFO [UserId=19598] Sayfa 8: 43 ürün alındı. (Toplam: 393)
2026-08-04 07:49:54,106 INFO [UserId=19598] Toplam 393 ürün çekildi.
2026-08-04 07:49:54,407 INFO [UserId=21144] Sayfa 1: 50 ürün alındı. (Toplam: 376)
2026-08-04 07:49:54,714 INFO [UserId=21144] Sayfa 2: 50 ürün alındı. (Toplam: 376)
2026-08-04 07:49:54,930 INFO [UserId=21144] Sayfa 3: 50 ürün alındı. (Toplam: 376)
2026-08-04 07:49:55,168 INFO [UserId=21144] Sayfa 4: 50 ürün alındı. (Toplam: 376)
2026-08-04 07:49:55,422 INFO [UserId=21144] Sayfa 5: 50 ürün alındı. (Toplam: 376)
2026-08-04 07:49:55,655 INFO [UserId=21144] Sayfa 6: 50 ürün alındı. (Toplam: 376)
2026-08-04 07:49:55,901 INFO [UserId=21144] Sayfa 7: 50 ürün alındı. (Toplam: 376)
2026-08-04 07:49:56,120 INFO [UserId=21144] Sayfa 8: 26 ürün alındı. (Toplam: 376)
2026-08-04 07:49:56,120 INFO [UserId=21144] Toplam 376 ürün çekildi.
2026-08-04 07:49:56,291 INFO [UserId=184] Toplam 0 ürün çekildi.
2026-08-04 07:49:56,513 INFO [UserId=1735] Sayfa 1: 50 ürün alındı. (Toplam: 250)
2026-08-04 07:49:56,731 INFO [UserId=1735] Sayfa 2: 50 ürün alındı. (Toplam: 250)
2026-08-04 07:49:56,950 INFO [UserId=1735] Sayfa 3: 50 ürün alındı. (Toplam: 250)
2026-08-04 07:49:57,177 INFO [UserId=1735] Sayfa 4: 50 ürün alındı. (Toplam: 250)
2026-08-04 07:49:57,394 INFO [UserId=1735] Sayfa 5: 50 ürün alındı. (Toplam: 250)
2026-08-04 07:49:57,395 INFO [UserId=1735] Toplam 250 ürün çekildi.
2026-08-04 07:49:57,622 INFO [UserId=11197] Sayfa 1: 50 ürün alındı. (Toplam: 193)
2026-08-04 07:49:57,838 INFO [UserId=11197] Sayfa 2: 50 ürün alındı. (Toplam: 193)
2026-08-04 07:49:58,081 INFO [UserId=11197] Sayfa 3: 50 ürün alındı. (Toplam: 193)
2026-08-04 07:49:58,294 INFO [UserId=11197] Sayfa 4: 43 ürün alındı. (Toplam: 193)
2026-08-04 07:49:58,294 INFO [UserId=11197] Toplam 193 ürün çekildi.
2026-08-04 07:49:58,561 INFO [UserId=759] Sayfa 1: 50 ürün alındı. (Toplam: 364)
2026-08-04 07:49:58,791 INFO [UserId=759] Sayfa 2: 50 ürün alındı. (Toplam: 364)
2026-08-04 07:49:59,043 INFO [UserId=759] Sayfa 3: 50 ürün alındı. (Toplam: 364)
2026-08-04 07:49:59,321 INFO [UserId=759] Sayfa 4: 50 ürün alındı. (Toplam: 364)
2026-08-04 07:49:59,626 INFO [UserId=759] Sayfa 5: 50 ürün alındı. (Toplam: 364)
2026-08-04 07:49:59,849 INFO [UserId=759] Sayfa 6: 50 ürün alındı. (Toplam: 364)
2026-08-04 07:50:00,076 INFO [UserId=759] Sayfa 7: 50 ürün alındı. (Toplam: 364)
2026-08-04 07:50:00,319 INFO [UserId=759] Sayfa 8: 14 ürün alındı. (Toplam: 364)
2026-08-04 07:50:00,319 INFO [UserId=759] Toplam 364 ürün çekildi.
2026-08-04 07:50:00,680 INFO [UserId=18] Sayfa 1: 50 ürün alındı. (Toplam: 1111)
2026-08-04 07:50:00,929 INFO [UserId=18] Sayfa 2: 50 ürün alındı. (Toplam: 1111)
2026-08-04 07:50:01,405 INFO [UserId=18] Sayfa 3: 50 ürün alındı. (Toplam: 1111)
2026-08-04 07:50:01,645 INFO [UserId=18] Sayfa 4: 50 ürün alındı. (Toplam: 1111)
2026-08-04 07:50:01,875 INFO [UserId=18] Sayfa 5: 50 ürün alındı. (Toplam: 1111)
2026-08-04 07:50:02,198 INFO [UserId=18] Sayfa 6: 50 ürün alındı. (Toplam: 1111)
2026-08-04 07:50:02,426 INFO [UserId=18] Sayfa 7: 50 ürün alındı. (Toplam: 1111)
2026-08-04 07:50:02,659 INFO [UserId=18] Sayfa 8: 50 ürün alındı. (Toplam: 1111)
2026-08-04 07:50:03,037 INFO [UserId=18] Sayfa 9: 50 ürün alındı. (Toplam: 1111)
2026-08-04 07:50:03,300 INFO [UserId=18] Sayfa 10: 50 ürün alındı. (Toplam: 1111)
2026-08-04 07:50:03,539 INFO [UserId=18] Sayfa 11: 50 ürün alındı. (Toplam: 1111)
2026-08-04 07:50:03,778 INFO [UserId=18] Sayfa 12: 50 ürün alındı. (Toplam: 1111)
2026-08-04 07:50:04,073 INFO [UserId=18] Sayfa 13: 50 ürün alındı. (Toplam: 1111)
2026-08-04 07:50:05,020 INFO [UserId=18] Sayfa 14: 50 ürün alındı. (Toplam: 1111)
2026-08-04 07:50:05,321 INFO [UserId=18] Sayfa 15: 50 ürün alındı. (Toplam: 1111)
2026-08-04 07:50:06,192 INFO [UserId=18] Sayfa 16: 50 ürün alındı. (Toplam: 1111)
2026-08-04 07:50:06,429 INFO [UserId=18] Sayfa 17: 50 ürün alındı. (Toplam: 1111)
2026-08-04 07:50:06,754 INFO [UserId=18] Sayfa 18: 50 ürün alındı. (Toplam: 1111)
2026-08-04 07:50:06,993 INFO [UserId=18] Sayfa 19: 50 ürün alındı. (Toplam: 1111)
2026-08-04 07:50:07,296 INFO [UserId=18] Sayfa 20: 50 ürün alındı. (Toplam: 1111)
2026-08-04 07:50:07,531 INFO [UserId=18] Sayfa 21: 50 ürün alındı. (Toplam: 1111)
2026-08-04 07:50:07,769 INFO [UserId=18] Sayfa 22: 50 ürün alındı. (Toplam: 1111)
2026-08-04 07:50:08,006 INFO [UserId=18] Sayfa 23: 11 ürün alındı. (Toplam: 1111)
2026-08-04 07:50:08,006 INFO [UserId=18] Toplam 1111 ürün çekildi.
2026-08-04 07:50:08,038 INFO Varyantlı XML feed yazıldı: docs/ecza1-feed.xml (4009 satır / varyant)
2026-08-04 07:50:08,040 INFO Tüm mağazalar için senkronizasyon tamamlandı.
2026-08-04 16:21:04,184 INFO Giriş başarılı (302 yönlendirme -> /).
2026-08-04 16:22:14,356 INFO Kategori/marka tablosu hazır: 658 kategori, 3249 marka bulundu.
2026-08-04 16:22:14,617 INFO [UserId=7982] Sayfa 1: 50 ürün alındı. (Toplam: 603)
2026-08-04 16:22:14,881 INFO [UserId=7982] Sayfa 2: 50 ürün alındı. (Toplam: 603)
2026-08-04 16:22:15,146 INFO [UserId=7982] Sayfa 3: 50 ürün alındı. (Toplam: 603)
2026-08-04 16:22:15,409 INFO [UserId=7982] Sayfa 4: 50 ürün alındı. (Toplam: 603)
2026-08-04 16:22:15,720 INFO [UserId=7982] Sayfa 5: 50 ürün alındı. (Toplam: 603)
2026-08-04 16:22:16,009 INFO [UserId=7982] Sayfa 6: 50 ürün alındı. (Toplam: 603)
2026-08-04 16:22:16,282 INFO [UserId=7982] Sayfa 7: 50 ürün alındı. (Toplam: 603)
2026-08-04 16:22:16,553 INFO [UserId=7982] Sayfa 8: 50 ürün alındı. (Toplam: 603)
2026-08-04 16:22:16,838 INFO [UserId=7982] Sayfa 9: 50 ürün alındı. (Toplam: 603)
2026-08-04 16:22:17,100 INFO [UserId=7982] Sayfa 10: 50 ürün alındı. (Toplam: 603)
2026-08-04 16:22:17,359 INFO [UserId=7982] Sayfa 11: 50 ürün alındı. (Toplam: 603)
2026-08-04 16:22:17,627 INFO [UserId=7982] Sayfa 12: 50 ürün alındı. (Toplam: 603)
2026-08-04 16:22:17,850 INFO [UserId=7982] Sayfa 13: 3 ürün alındı. (Toplam: 603)
2026-08-04 16:22:17,851 INFO [UserId=7982] Toplam 603 ürün çekildi.
2026-08-04 16:22:18,121 INFO [UserId=16982] Sayfa 1: 50 ürün alındı. (Toplam: 743)
2026-08-04 16:22:18,392 INFO [UserId=16982] Sayfa 2: 50 ürün alındı. (Toplam: 743)
2026-08-04 16:22:18,672 INFO [UserId=16982] Sayfa 3: 50 ürün alındı. (Toplam: 743)
2026-08-04 16:22:18,956 INFO [UserId=16982] Sayfa 4: 50 ürün alındı. (Toplam: 743)
2026-08-04 16:22:19,210 INFO [UserId=16982] Sayfa 5: 50 ürün alındı. (Toplam: 743)
2026-08-04 16:22:19,471 INFO [UserId=16982] Sayfa 6: 50 ürün alındı. (Toplam: 743)
2026-08-04 16:22:19,730 INFO [UserId=16982] Sayfa 7: 50 ürün alındı. (Toplam: 743)
2026-08-04 16:22:20,014 INFO [UserId=16982] Sayfa 8: 50 ürün alındı. (Toplam: 743)
2026-08-04 16:22:20,284 INFO [UserId=16982] Sayfa 9: 50 ürün alındı. (Toplam: 743)
2026-08-04 16:22:20,563 INFO [UserId=16982] Sayfa 10: 50 ürün alındı. (Toplam: 743)
2026-08-04 16:22:20,873 INFO [UserId=16982] Sayfa 11: 50 ürün alındı. (Toplam: 743)
2026-08-04 16:22:21,163 INFO [UserId=16982] Sayfa 12: 50 ürün alındı. (Toplam: 743)
2026-08-04 16:22:21,425 INFO [UserId=16982] Sayfa 13: 50 ürün alındı. (Toplam: 743)
2026-08-04 16:22:21,691 INFO [UserId=16982] Sayfa 14: 50 ürün alındı. (Toplam: 743)
2026-08-04 16:22:21,956 INFO [UserId=16982] Sayfa 15: 43 ürün alındı. (Toplam: 743)
2026-08-04 16:22:21,956 INFO [UserId=16982] Toplam 743 ürün çekildi.
2026-08-04 16:22:22,223 INFO [UserId=19598] Sayfa 1: 50 ürün alındı. (Toplam: 392)
2026-08-04 16:22:22,482 INFO [UserId=19598] Sayfa 2: 50 ürün alındı. (Toplam: 392)
2026-08-04 16:22:22,728 INFO [UserId=19598] Sayfa 3: 50 ürün alındı. (Toplam: 392)
2026-08-04 16:22:22,989 INFO [UserId=19598] Sayfa 4: 50 ürün alındı. (Toplam: 392)
2026-08-04 16:22:23,235 INFO [UserId=19598] Sayfa 5: 50 ürün alındı. (Toplam: 392)
2026-08-04 16:22:23,482 INFO [UserId=19598] Sayfa 6: 50 ürün alındı. (Toplam: 392)
2026-08-04 16:22:23,740 INFO [UserId=19598] Sayfa 7: 50 ürün alındı. (Toplam: 392)
2026-08-04 16:22:24,001 INFO [UserId=19598] Sayfa 8: 42 ürün alındı. (Toplam: 392)
2026-08-04 16:22:24,001 INFO [UserId=19598] Toplam 392 ürün çekildi.
2026-08-04 16:22:24,271 INFO [UserId=21144] Sayfa 1: 50 ürün alındı. (Toplam: 373)
2026-08-04 16:22:24,540 INFO [UserId=21144] Sayfa 2: 50 ürün alındı. (Toplam: 373)
2026-08-04 16:22:24,804 INFO [UserId=21144] Sayfa 3: 50 ürün alındı. (Toplam: 373)
2026-08-04 16:22:25,071 INFO [UserId=21144] Sayfa 4: 50 ürün alındı. (Toplam: 373)
2026-08-04 16:22:25,349 INFO [UserId=21144] Sayfa 5: 50 ürün alındı. (Toplam: 373)
2026-08-04 16:22:25,624 INFO [UserId=21144] Sayfa 6: 50 ürün alındı. (Toplam: 373)
2026-08-04 16:22:25,888 INFO [UserId=21144] Sayfa 7: 50 ürün alındı. (Toplam: 373)
2026-08-04 16:22:26,128 INFO [UserId=21144] Sayfa 8: 23 ürün alındı. (Toplam: 373)
2026-08-04 16:22:26,128 INFO [UserId=21144] Toplam 373 ürün çekildi.
2026-08-04 16:22:26,337 INFO [UserId=184] Toplam 0 ürün çekildi.
2026-08-04 16:22:26,595 INFO [UserId=1735] Sayfa 1: 50 ürün alındı. (Toplam: 246)
2026-08-04 16:22:26,853 INFO [UserId=1735] Sayfa 2: 50 ürün alındı. (Toplam: 246)
2026-08-04 16:22:27,111 INFO [UserId=1735] Sayfa 3: 50 ürün alındı. (Toplam: 246)
2026-08-04 16:22:27,386 INFO [UserId=1735] Sayfa 4: 50 ürün alındı. (Toplam: 246)
2026-08-04 16:22:27,649 INFO [UserId=1735] Sayfa 5: 46 ürün alındı. (Toplam: 246)
2026-08-04 16:22:27,650 INFO [UserId=1735] Toplam 246 ürün çekildi.
2026-08-04 16:22:27,912 INFO [UserId=11197] Sayfa 1: 50 ürün alındı. (Toplam: 188)
2026-08-04 16:22:28,166 INFO [UserId=11197] Sayfa 2: 50 ürün alındı. (Toplam: 188)
2026-08-04 16:22:28,435 INFO [UserId=11197] Sayfa 3: 50 ürün alındı. (Toplam: 188)
2026-08-04 16:22:28,686 INFO [UserId=11197] Sayfa 4: 38 ürün alındı. (Toplam: 188)
2026-08-04 16:22:28,686 INFO [UserId=11197] Toplam 188 ürün çekildi.
2026-08-04 16:22:28,953 INFO [UserId=759] Sayfa 1: 50 ürün alındı. (Toplam: 361)
2026-08-04 16:22:29,219 INFO [UserId=759] Sayfa 2: 50 ürün alındı. (Toplam: 361)
2026-08-04 16:22:29,488 INFO [UserId=759] Sayfa 3: 50 ürün alındı. (Toplam: 361)
2026-08-04 16:22:29,752 INFO [UserId=759] Sayfa 4: 50 ürün alındı. (Toplam: 361)
2026-08-04 16:22:30,027 INFO [UserId=759] Sayfa 5: 50 ürün alındı. (Toplam: 361)
2026-08-04 16:22:30,286 INFO [UserId=759] Sayfa 6: 50 ürün alındı. (Toplam: 361)
2026-08-04 16:22:30,562 INFO [UserId=759] Sayfa 7: 50 ürün alındı. (Toplam: 361)
2026-08-04 16:22:30,794 INFO [UserId=759] Sayfa 8: 11 ürün alındı. (Toplam: 361)
2026-08-04 16:22:30,794 INFO [UserId=759] Toplam 361 ürün çekildi.
2026-08-04 16:22:31,074 INFO [UserId=18] Sayfa 1: 50 ürün alındı. (Toplam: 1105)
2026-08-04 16:22:31,358 INFO [UserId=18] Sayfa 2: 50 ürün alındı. (Toplam: 1105)
2026-08-04 16:22:31,683 INFO [UserId=18] Sayfa 3: 50 ürün alındı. (Toplam: 1105)
2026-08-04 16:22:31,998 INFO [UserId=18] Sayfa 4: 50 ürün alındı. (Toplam: 1105)
2026-08-04 16:22:32,265 INFO [UserId=18] Sayfa 5: 50 ürün alındı. (Toplam: 1105)
2026-08-04 16:22:32,539 INFO [UserId=18] Sayfa 6: 50 ürün alındı. (Toplam: 1105)
2026-08-04 16:22:32,808 INFO [UserId=18] Sayfa 7: 50 ürün alındı. (Toplam: 1105)
2026-08-04 16:22:33,078 INFO [UserId=18] Sayfa 8: 50 ürün alındı. (Toplam: 1105)
2026-08-04 16:22:33,353 INFO [UserId=18] Sayfa 9: 50 ürün alındı. (Toplam: 1105)
2026-08-04 16:22:33,633 INFO [UserId=18] Sayfa 10: 50 ürün alındı. (Toplam: 1105)
2026-08-04 16:22:33,921 INFO [UserId=18] Sayfa 11: 50 ürün alındı. (Toplam: 1105)
2026-08-04 16:22:34,198 INFO [UserId=18] Sayfa 12: 50 ürün alındı. (Toplam: 1105)
2026-08-04 16:22:34,507 INFO [UserId=18] Sayfa 13: 50 ürün alındı. (Toplam: 1105)
2026-08-04 16:22:34,818 INFO [UserId=18] Sayfa 14: 50 ürün alındı. (Toplam: 1105)
2026-08-04 16:22:35,111 INFO [UserId=18] Sayfa 15: 50 ürün alındı. (Toplam: 1105)
2026-08-04 16:22:35,386 INFO [UserId=18] Sayfa 16: 50 ürün alındı. (Toplam: 1105)
2026-08-04 16:22:35,661 INFO [UserId=18] Sayfa 17: 50 ürün alındı. (Toplam: 1105)
2026-08-04 16:22:35,946 INFO [UserId=18] Sayfa 18: 50 ürün alındı. (Toplam: 1105)
2026-08-04 16:22:36,270 INFO [UserId=18] Sayfa 19: 50 ürün alındı. (Toplam: 1105)
2026-08-04 16:22:36,992 INFO [UserId=18] Sayfa 20: 50 ürün alındı. (Toplam: 1105)
2026-08-04 16:22:37,264 INFO [UserId=18] Sayfa 21: 50 ürün alındı. (Toplam: 1105)
2026-08-04 16:22:37,538 INFO [UserId=18] Sayfa 22: 50 ürün alındı. (Toplam: 1105)
2026-08-04 16:22:37,778 INFO [UserId=18] Sayfa 23: 5 ürün alındı. (Toplam: 1105)
2026-08-04 16:22:37,778 INFO [UserId=18] Toplam 1105 ürün çekildi.
2026-08-04 16:22:37,812 INFO Varyantlı XML feed yazıldı: docs/ecza1-feed.xml (4011 satır / varyant)
2026-08-04 16:22:37,813 INFO Tüm mağazalar için senkronizasyon tamamlandı.
2026-08-04 21:03:22,916 INFO Giriş başarılı (302 yönlendirme -> /).
2026-08-04 21:04:17,664 INFO Kategori/marka tablosu hazır: 658 kategori, 3251 marka bulundu.
2026-08-04 21:04:17,869 INFO [UserId=7982] Sayfa 1: 50 ürün alındı. (Toplam: 600)
2026-08-04 21:04:18,083 INFO [UserId=7982] Sayfa 2: 50 ürün alındı. (Toplam: 600)
2026-08-04 21:04:18,307 INFO [UserId=7982] Sayfa 3: 50 ürün alındı. (Toplam: 600)
2026-08-04 21:04:18,504 INFO [UserId=7982] Sayfa 4: 50 ürün alındı. (Toplam: 600)
2026-08-04 21:04:18,711 INFO [UserId=7982] Sayfa 5: 50 ürün alındı. (Toplam: 600)
2026-08-04 21:04:18,917 INFO [UserId=7982] Sayfa 6: 50 ürün alındı. (Toplam: 600)
2026-08-04 21:04:19,126 INFO [UserId=7982] Sayfa 7: 50 ürün alındı. (Toplam: 600)
2026-08-04 21:04:19,333 INFO [UserId=7982] Sayfa 8: 50 ürün alındı. (Toplam: 600)
2026-08-04 21:04:19,545 INFO [UserId=7982] Sayfa 9: 50 ürün alındı. (Toplam: 600)
2026-08-04 21:04:19,747 INFO [UserId=7982] Sayfa 10: 50 ürün alındı. (Toplam: 600)
2026-08-04 21:04:19,948 INFO [UserId=7982] Sayfa 11: 50 ürün alındı. (Toplam: 600)
2026-08-04 21:04:20,150 INFO [UserId=7982] Sayfa 12: 50 ürün alındı. (Toplam: 600)
2026-08-04 21:04:20,150 INFO [UserId=7982] Toplam 600 ürün çekildi.
2026-08-04 21:04:20,360 INFO [UserId=16982] Sayfa 1: 50 ürün alındı. (Toplam: 742)
2026-08-04 21:04:20,572 INFO [UserId=16982] Sayfa 2: 50 ürün alındı. (Toplam: 742)
2026-08-04 21:04:20,782 INFO [UserId=16982] Sayfa 3: 50 ürün alındı. (Toplam: 742)
2026-08-04 21:04:20,994 INFO [UserId=16982] Sayfa 4: 50 ürün alındı. (Toplam: 742)
2026-08-04 21:04:21,191 INFO [UserId=16982] Sayfa 5: 50 ürün alındı. (Toplam: 742)
2026-08-04 21:04:21,399 INFO [UserId=16982] Sayfa 6: 50 ürün alındı. (Toplam: 742)
2026-08-04 21:04:21,607 INFO [UserId=16982] Sayfa 7: 50 ürün alındı. (Toplam: 742)
2026-08-04 21:04:21,828 INFO [UserId=16982] Sayfa 8: 50 ürün alındı. (Toplam: 742)
2026-08-04 21:04:22,065 INFO [UserId=16982] Sayfa 9: 50 ürün alındı. (Toplam: 742)
2026-08-04 21:04:22,273 INFO [UserId=16982] Sayfa 10: 50 ürün alındı. (Toplam: 742)
2026-08-04 21:04:22,492 INFO [UserId=16982] Sayfa 11: 50 ürün alındı. (Toplam: 742)
2026-08-04 21:04:22,734 INFO [UserId=16982] Sayfa 12: 50 ürün alındı. (Toplam: 742)
2026-08-04 21:04:22,938 INFO [UserId=16982] Sayfa 13: 50 ürün alındı. (Toplam: 742)
2026-08-04 21:04:23,142 INFO [UserId=16982] Sayfa 14: 50 ürün alındı. (Toplam: 742)
2026-08-04 21:04:23,341 INFO [UserId=16982] Sayfa 15: 42 ürün alındı. (Toplam: 742)
2026-08-04 21:04:23,341 INFO [UserId=16982] Toplam 742 ürün çekildi.
2026-08-04 21:04:23,544 INFO [UserId=19598] Sayfa 1: 50 ürün alındı. (Toplam: 392)
2026-08-04 21:04:23,738 INFO [UserId=19598] Sayfa 2: 50 ürün alındı. (Toplam: 392)
2026-08-04 21:04:23,928 INFO [UserId=19598] Sayfa 3: 50 ürün alındı. (Toplam: 392)
2026-08-04 21:04:24,118 INFO [UserId=19598] Sayfa 4: 50 ürün alındı. (Toplam: 392)
2026-08-04 21:04:24,307 INFO [UserId=19598] Sayfa 5: 50 ürün alındı. (Toplam: 392)
2026-08-04 21:04:24,519 INFO [UserId=19598] Sayfa 6: 50 ürün alındı. (Toplam: 392)
2026-08-04 21:04:24,718 INFO [UserId=19598] Sayfa 7: 50 ürün alındı. (Toplam: 392)
2026-08-04 21:04:24,920 INFO [UserId=19598] Sayfa 8: 42 ürün alındı. (Toplam: 392)
2026-08-04 21:04:24,920 INFO [UserId=19598] Toplam 392 ürün çekildi.
2026-08-04 21:04:25,134 INFO [UserId=21144] Sayfa 1: 50 ürün alındı. (Toplam: 373)
2026-08-04 21:04:25,346 INFO [UserId=21144] Sayfa 2: 50 ürün alındı. (Toplam: 373)
2026-08-04 21:04:25,546 INFO [UserId=21144] Sayfa 3: 50 ürün alındı. (Toplam: 373)
2026-08-04 21:04:25,760 INFO [UserId=21144] Sayfa 4: 50 ürün alındı. (Toplam: 373)
2026-08-04 21:04:25,980 INFO [UserId=21144] Sayfa 5: 50 ürün alındı. (Toplam: 373)
2026-08-04 21:04:26,199 INFO [UserId=21144] Sayfa 6: 50 ürün alındı. (Toplam: 373)
2026-08-04 21:04:26,397 INFO [UserId=21144] Sayfa 7: 50 ürün alındı. (Toplam: 373)
2026-08-04 21:04:26,577 INFO [UserId=21144] Sayfa 8: 23 ürün alındı. (Toplam: 373)
2026-08-04 21:04:26,577 INFO [UserId=21144] Toplam 373 ürün çekildi.
2026-08-04 21:04:26,726 INFO [UserId=184] Toplam 0 ürün çekildi.
2026-08-04 21:04:26,922 INFO [UserId=1735] Sayfa 1: 50 ürün alındı. (Toplam: 246)
2026-08-04 21:04:27,124 INFO [UserId=1735] Sayfa 2: 50 ürün alındı. (Toplam: 246)
2026-08-04 21:04:27,317 INFO [UserId=1735] Sayfa 3: 50 ürün alındı. (Toplam: 246)
2026-08-04 21:04:27,529 INFO [UserId=1735] Sayfa 4: 50 ürün alındı. (Toplam: 246)
2026-08-04 21:04:27,719 INFO [UserId=1735] Sayfa 5: 46 ürün alındı. (Toplam: 246)
2026-08-04 21:04:27,719 INFO [UserId=1735] Toplam 246 ürün çekildi.
2026-08-04 21:04:27,921 INFO [UserId=11197] Sayfa 1: 50 ürün alındı. (Toplam: 187)
2026-08-04 21:04:28,115 INFO [UserId=11197] Sayfa 2: 50 ürün alındı. (Toplam: 187)
2026-08-04 21:04:28,317 INFO [UserId=11197] Sayfa 3: 50 ürün alındı. (Toplam: 187)
2026-08-04 21:04:28,507 INFO [UserId=11197] Sayfa 4: 37 ürün alındı. (Toplam: 187)
2026-08-04 21:04:28,507 INFO [UserId=11197] Toplam 187 ürün çekildi.
2026-08-04 21:04:28,714 INFO [UserId=759] Sayfa 1: 50 ürün alındı. (Toplam: 361)
2026-08-04 21:04:28,915 INFO [UserId=759] Sayfa 2: 50 ürün alındı. (Toplam: 361)
2026-08-04 21:04:29,127 INFO [UserId=759] Sayfa 3: 50 ürün alındı. (Toplam: 361)
2026-08-04 21:04:29,333 INFO [UserId=759] Sayfa 4: 50 ürün alındı. (Toplam: 361)
2026-08-04 21:04:29,591 INFO [UserId=759] Sayfa 5: 50 ürün alındı. (Toplam: 361)
2026-08-04 21:04:29,804 INFO [UserId=759] Sayfa 6: 50 ürün alındı. (Toplam: 361)
2026-08-04 21:04:30,019 INFO [UserId=759] Sayfa 7: 50 ürün alındı. (Toplam: 361)
2026-08-04 21:04:30,188 INFO [UserId=759] Sayfa 8: 11 ürün alındı. (Toplam: 361)
2026-08-04 21:04:30,189 INFO [UserId=759] Toplam 361 ürün çekildi.
2026-08-04 21:04:30,407 INFO [UserId=18] Sayfa 1: 50 ürün alındı. (Toplam: 1105)
2026-08-04 21:04:30,630 INFO [UserId=18] Sayfa 2: 50 ürün alındı. (Toplam: 1105)
2026-08-04 21:04:30,851 INFO [UserId=18] Sayfa 3: 50 ürün alındı. (Toplam: 1105)
2026-08-04 21:04:31,069 INFO [UserId=18] Sayfa 4: 50 ürün alındı. (Toplam: 1105)
2026-08-04 21:04:31,277 INFO [UserId=18] Sayfa 5: 50 ürün alındı. (Toplam: 1105)
2026-08-04 21:04:31,496 INFO [UserId=18] Sayfa 6: 50 ürün alındı. (Toplam: 1105)
2026-08-04 21:04:31,703 INFO [UserId=18] Sayfa 7: 50 ürün alındı. (Toplam: 1105)
2026-08-04 21:04:31,928 INFO [UserId=18] Sayfa 8: 50 ürün alındı. (Toplam: 1105)
2026-08-04 21:04:32,157 INFO [UserId=18] Sayfa 9: 50 ürün alındı. (Toplam: 1105)
2026-08-04 21:04:32,382 INFO [UserId=18] Sayfa 10: 50 ürün alındı. (Toplam: 1105)
2026-08-04 21:04:32,598 INFO [UserId=18] Sayfa 11: 50 ürün alındı. (Toplam: 1105)
2026-08-04 21:04:32,814 INFO [UserId=18] Sayfa 12: 50 ürün alındı. (Toplam: 1105)
2026-08-04 21:04:33,066 INFO [UserId=18] Sayfa 13: 50 ürün alındı. (Toplam: 1105)
2026-08-04 21:04:33,319 INFO [UserId=18] Sayfa 14: 50 ürün alındı. (Toplam: 1105)
2026-08-04 21:04:33,621 INFO [UserId=18] Sayfa 15: 50 ürün alındı. (Toplam: 1105)
2026-08-04 21:04:33,840 INFO [UserId=18] Sayfa 16: 50 ürün alındı. (Toplam: 1105)
2026-08-04 21:04:34,081 INFO [UserId=18] Sayfa 17: 50 ürün alındı. (Toplam: 1105)
2026-08-04 21:04:34,300 INFO [UserId=18] Sayfa 18: 50 ürün alındı. (Toplam: 1105)
2026-08-04 21:04:34,551 INFO [UserId=18] Sayfa 19: 50 ürün alındı. (Toplam: 1105)
2026-08-04 21:04:34,783 INFO [UserId=18] Sayfa 20: 50 ürün alındı. (Toplam: 1105)
2026-08-04 21:04:34,991 INFO [UserId=18] Sayfa 21: 50 ürün alındı. (Toplam: 1105)
2026-08-04 21:04:35,214 INFO [UserId=18] Sayfa 22: 50 ürün alındı. (Toplam: 1105)
2026-08-04 21:04:35,393 INFO [UserId=18] Sayfa 23: 5 ürün alındı. (Toplam: 1105)
2026-08-04 21:04:35,393 INFO [UserId=18] Toplam 1105 ürün çekildi.
2026-08-04 21:04:35,426 INFO Varyantlı XML feed yazıldı: docs/ecza1-feed.xml (4006 satır / varyant)
2026-08-04 21:04:35,427 INFO Tüm mağazalar için senkronizasyon tamamlandı.
2026-08-05 06:14:58,733 INFO Giriş başarılı (302 yönlendirme -> /).
2026-08-05 06:16:37,639 INFO Kategori/marka tablosu hazır: 658 kategori, 3250 marka bulundu.
2026-08-05 06:16:39,118 INFO [UserId=7982] Sayfa 1: 50 ürün alındı. (Toplam: 598)
2026-08-05 06:16:40,610 INFO [UserId=7982] Sayfa 2: 50 ürün alındı. (Toplam: 598)
2026-08-05 06:16:42,808 INFO [UserId=7982] Sayfa 3: 50 ürün alındı. (Toplam: 598)
2026-08-05 06:16:44,751 INFO [UserId=7982] Sayfa 4: 50 ürün alındı. (Toplam: 598)
2026-08-05 06:16:46,203 INFO [UserId=7982] Sayfa 5: 50 ürün alındı. (Toplam: 598)
2026-08-05 06:16:47,821 INFO [UserId=7982] Sayfa 6: 50 ürün alındı. (Toplam: 598)
2026-08-05 06:16:50,009 INFO [UserId=7982] Sayfa 7: 50 ürün alındı. (Toplam: 598)
2026-08-05 06:16:51,813 INFO [UserId=7982] Sayfa 8: 50 ürün alındı. (Toplam: 598)
2026-08-05 06:16:53,389 INFO [UserId=7982] Sayfa 9: 50 ürün alındı. (Toplam: 598)
2026-08-05 06:16:55,144 INFO [UserId=7982] Sayfa 10: 50 ürün alındı. (Toplam: 598)
2026-08-05 06:16:56,601 INFO [UserId=7982] Sayfa 11: 50 ürün alındı. (Toplam: 598)
2026-08-05 06:16:58,208 INFO [UserId=7982] Sayfa 12: 48 ürün alındı. (Toplam: 598)
2026-08-05 06:16:58,209 INFO [UserId=7982] Toplam 598 ürün çekildi.
2026-08-05 06:16:59,786 INFO [UserId=16982] Sayfa 1: 50 ürün alındı. (Toplam: 742)
2026-08-05 06:17:01,336 INFO [UserId=16982] Sayfa 2: 50 ürün alındı. (Toplam: 742)
2026-08-05 06:17:02,827 INFO [UserId=16982] Sayfa 3: 50 ürün alındı. (Toplam: 742)
2026-08-05 06:17:04,276 INFO [UserId=16982] Sayfa 4: 50 ürün alındı. (Toplam: 742)
2026-08-05 06:17:05,724 INFO [UserId=16982] Sayfa 5: 50 ürün alındı. (Toplam: 742)
2026-08-05 06:17:07,270 INFO [UserId=16982] Sayfa 6: 50 ürün alındı. (Toplam: 742)
2026-08-05 06:17:08,811 INFO [UserId=16982] Sayfa 7: 50 ürün alındı. (Toplam: 742)
2026-08-05 06:17:10,597 INFO [UserId=16982] Sayfa 8: 50 ürün alındı. (Toplam: 742)
2026-08-05 06:17:12,045 INFO [UserId=16982] Sayfa 9: 50 ürün alındı. (Toplam: 742)
2026-08-05 06:17:13,589 INFO [UserId=16982] Sayfa 10: 50 ürün alındı. (Toplam: 742)
2026-08-05 06:17:15,147 INFO [UserId=16982] Sayfa 11: 50 ürün alındı. (Toplam: 742)
2026-08-05 06:17:16,752 INFO [UserId=16982] Sayfa 12: 50 ürün alındı. (Toplam: 742)
2026-08-05 06:17:18,379 INFO [UserId=16982] Sayfa 13: 50 ürün alındı. (Toplam: 742)
2026-08-05 06:17:19,871 INFO [UserId=16982] Sayfa 14: 50 ürün alındı. (Toplam: 742)
2026-08-05 06:17:21,220 INFO [UserId=16982] Sayfa 15: 42 ürün alındı. (Toplam: 742)
2026-08-05 06:17:21,220 INFO [UserId=16982] Toplam 742 ürün çekildi.
2026-08-05 06:17:22,788 INFO [UserId=19598] Sayfa 1: 50 ürün alındı. (Toplam: 392)
2026-08-05 06:17:24,218 INFO [UserId=19598] Sayfa 2: 50 ürün alındı. (Toplam: 392)
2026-08-05 06:17:25,725 INFO [UserId=19598] Sayfa 3: 50 ürün alındı. (Toplam: 392)
2026-08-05 06:17:27,214 INFO [UserId=19598] Sayfa 4: 50 ürün alındı. (Toplam: 392)
2026-08-05 06:17:29,735 INFO [UserId=19598] Sayfa 5: 50 ürün alındı. (Toplam: 392)
2026-08-05 06:17:31,303 INFO [UserId=19598] Sayfa 6: 50 ürün alındı. (Toplam: 392)
2026-08-05 06:17:33,675 INFO [UserId=19598] Sayfa 7: 50 ürün alındı. (Toplam: 392)
2026-08-05 06:17:34,934 INFO [UserId=19598] Sayfa 8: 42 ürün alındı. (Toplam: 392)
2026-08-05 06:17:34,934 INFO [UserId=19598] Toplam 392 ürün çekildi.
2026-08-05 06:17:36,519 INFO [UserId=21144] Sayfa 1: 50 ürün alındı. (Toplam: 373)
2026-08-05 06:17:37,992 INFO [UserId=21144] Sayfa 2: 50 ürün alındı. (Toplam: 373)
2026-08-05 06:17:39,433 INFO [UserId=21144] Sayfa 3: 50 ürün alındı. (Toplam: 373)
2026-08-05 06:17:40,968 INFO [UserId=21144] Sayfa 4: 50 ürün alındı. (Toplam: 373)
2026-08-05 06:17:42,419 INFO [UserId=21144] Sayfa 5: 50 ürün alındı. (Toplam: 373)
2026-08-05 06:17:43,846 INFO [UserId=21144] Sayfa 6: 50 ürün alındı. (Toplam: 373)
2026-08-05 06:17:45,389 INFO [UserId=21144] Sayfa 7: 50 ürün alındı. (Toplam: 373)
2026-08-05 06:17:46,274 INFO [UserId=21144] Sayfa 8: 23 ürün alındı. (Toplam: 373)
2026-08-05 06:17:46,275 INFO [UserId=21144] Toplam 373 ürün çekildi.
2026-08-05 06:17:46,459 INFO [UserId=184] Toplam 0 ürün çekildi.
2026-08-05 06:17:48,001 INFO [UserId=1735] Sayfa 1: 50 ürün alındı. (Toplam: 246)
2026-08-05 06:17:49,558 INFO [UserId=1735] Sayfa 2: 50 ürün alındı. (Toplam: 246)
2026-08-05 06:17:51,014 INFO [UserId=1735] Sayfa 3: 50 ürün alındı. (Toplam: 246)
2026-08-05 06:17:52,560 INFO [UserId=1735] Sayfa 4: 50 ürün alındı. (Toplam: 246)
2026-08-05 06:17:54,963 INFO [UserId=1735] Sayfa 5: 46 ürün alındı. (Toplam: 246)
2026-08-05 06:17:54,963 INFO [UserId=1735] Toplam 246 ürün çekildi.
2026-08-05 06:17:56,552 INFO [UserId=11197] Sayfa 1: 50 ürün alındı. (Toplam: 187)
2026-08-05 06:17:58,881 INFO [UserId=11197] Sayfa 2: 50 ürün alındı. (Toplam: 187)
2026-08-05 06:18:00,430 INFO [UserId=11197] Sayfa 3: 50 ürün alındı. (Toplam: 187)
2026-08-05 06:18:01,588 INFO [UserId=11197] Sayfa 4: 37 ürün alındı. (Toplam: 187)
2026-08-05 06:18:01,588 INFO [UserId=11197] Toplam 187 ürün çekildi.
2026-08-05 06:18:03,066 INFO [UserId=759] Sayfa 1: 50 ürün alındı. (Toplam: 359)
2026-08-05 06:18:04,651 INFO [UserId=759] Sayfa 2: 50 ürün alındı. (Toplam: 359)
2026-08-05 06:18:06,180 INFO [UserId=759] Sayfa 3: 50 ürün alındı. (Toplam: 359)
2026-08-05 06:18:08,858 INFO [UserId=759] Sayfa 4: 50 ürün alındı. (Toplam: 359)
2026-08-05 06:18:10,293 INFO [UserId=759] Sayfa 5: 50 ürün alındı. (Toplam: 359)
2026-08-05 06:18:11,871 INFO [UserId=759] Sayfa 6: 50 ürün alındı. (Toplam: 359)
2026-08-05 06:18:13,423 INFO [UserId=759] Sayfa 7: 50 ürün alındı. (Toplam: 359)
2026-08-05 06:18:13,846 INFO [UserId=759] Sayfa 8: 9 ürün alındı. (Toplam: 359)
2026-08-05 06:18:13,846 INFO [UserId=759] Toplam 359 ürün çekildi.
2026-08-05 06:18:15,325 INFO [UserId=18] Sayfa 1: 50 ürün alındı. (Toplam: 1104)
2026-08-05 06:18:16,873 INFO [UserId=18] Sayfa 2: 50 ürün alındı. (Toplam: 1104)
2026-08-05 06:18:19,478 INFO [UserId=18] Sayfa 3: 50 ürün alındı. (Toplam: 1104)
2026-08-05 06:18:22,029 INFO [UserId=18] Sayfa 4: 50 ürün alındı. (Toplam: 1104)
2026-08-05 06:18:23,527 INFO [UserId=18] Sayfa 5: 50 ürün alındı. (Toplam: 1104)
2026-08-05 06:18:25,692 INFO [UserId=18] Sayfa 6: 50 ürün alındı. (Toplam: 1104)
2026-08-05 06:18:27,275 INFO [UserId=18] Sayfa 7: 50 ürün alındı. (Toplam: 1104)
2026-08-05 06:18:28,777 INFO [UserId=18] Sayfa 8: 50 ürün alındı. (Toplam: 1104)
2026-08-05 06:18:31,119 INFO [UserId=18] Sayfa 9: 50 ürün alındı. (Toplam: 1104)
2026-08-05 06:18:32,642 INFO [UserId=18] Sayfa 10: 50 ürün alındı. (Toplam: 1104)
2026-08-05 06:18:34,160 INFO [UserId=18] Sayfa 11: 50 ürün alındı. (Toplam: 1104)
2026-08-05 06:18:36,429 INFO [UserId=18] Sayfa 12: 50 ürün alındı. (Toplam: 1104)
2026-08-05 06:18:37,938 INFO [UserId=18] Sayfa 13: 50 ürün alındı. (Toplam: 1104)
2026-08-05 06:18:40,329 INFO [UserId=18] Sayfa 14: 50 ürün alındı. (Toplam: 1104)
2026-08-05 06:18:42,916 INFO [UserId=18] Sayfa 15: 50 ürün alındı. (Toplam: 1104)
2026-08-05 06:18:44,447 INFO [UserId=18] Sayfa 16: 50 ürün alındı. (Toplam: 1104)
2026-08-05 06:18:46,087 INFO [UserId=18] Sayfa 17: 50 ürün alındı. (Toplam: 1104)
2026-08-05 06:18:47,731 INFO [UserId=18] Sayfa 18: 50 ürün alındı. (Toplam: 1104)
2026-08-05 06:18:49,169 INFO [UserId=18] Sayfa 19: 50 ürün alındı. (Toplam: 1104)
2026-08-05 06:18:50,898 INFO [UserId=18] Sayfa 20: 50 ürün alındı. (Toplam: 1104)
2026-08-05 06:18:52,835 INFO [UserId=18] Sayfa 21: 50 ürün alındı. (Toplam: 1104)
2026-08-05 06:18:54,630 INFO [UserId=18] Sayfa 22: 50 ürün alındı. (Toplam: 1104)
2026-08-05 06:18:54,947 INFO [UserId=18] Sayfa 23: 4 ürün alındı. (Toplam: 1104)
2026-08-05 06:18:54,947 INFO [UserId=18] Toplam 1104 ürün çekildi.
2026-08-05 06:18:54,977 INFO Varyantlı XML feed yazıldı: docs/ecza1-feed.xml (4001 satır / varyant)
2026-08-05 06:18:54,978 INFO Tüm mağazalar için senkronizasyon tamamlandı.
2026-08-05 13:19:54,207 INFO Giriş başarılı (302 yönlendirme -> /).
2026-08-05 13:21:00,422 INFO Kategori/marka tablosu hazır: 659 kategori, 3246 marka bulundu.
2026-08-05 13:21:00,629 INFO [UserId=7982] Sayfa 1: 50 ürün alındı. (Toplam: 602)
2026-08-05 13:21:00,830 INFO [UserId=7982] Sayfa 2: 50 ürün alındı. (Toplam: 602)
2026-08-05 13:21:01,033 INFO [UserId=7982] Sayfa 3: 50 ürün alındı. (Toplam: 602)
2026-08-05 13:21:01,231 INFO [UserId=7982] Sayfa 4: 50 ürün alındı. (Toplam: 602)
2026-08-05 13:21:01,437 INFO [UserId=7982] Sayfa 5: 50 ürün alındı. (Toplam: 602)
2026-08-05 13:21:01,644 INFO [UserId=7982] Sayfa 6: 50 ürün alındı. (Toplam: 602)
2026-08-05 13:21:01,855 INFO [UserId=7982] Sayfa 7: 50 ürün alındı. (Toplam: 602)
2026-08-05 13:21:02,061 INFO [UserId=7982] Sayfa 8: 50 ürün alındı. (Toplam: 602)
2026-08-05 13:21:02,268 INFO [UserId=7982] Sayfa 9: 50 ürün alındı. (Toplam: 602)
2026-08-05 13:21:02,466 INFO [UserId=7982] Sayfa 10: 50 ürün alındı. (Toplam: 602)
2026-08-05 13:21:02,684 INFO [UserId=7982] Sayfa 11: 50 ürün alındı. (Toplam: 602)
2026-08-05 13:21:02,904 INFO [UserId=7982] Sayfa 12: 50 ürün alındı. (Toplam: 602)
2026-08-05 13:21:03,065 INFO [UserId=7982] Sayfa 13: 2 ürün alındı. (Toplam: 602)
2026-08-05 13:21:03,065 INFO [UserId=7982] Toplam 602 ürün çekildi.
2026-08-05 13:21:03,263 INFO [UserId=16982] Sayfa 1: 50 ürün alındı. (Toplam: 741)
2026-08-05 13:21:03,469 INFO [UserId=16982] Sayfa 2: 50 ürün alındı. (Toplam: 741)
2026-08-05 13:21:03,682 INFO [UserId=16982] Sayfa 3: 50 ürün alındı. (Toplam: 741)
2026-08-05 13:21:03,888 INFO [UserId=16982] Sayfa 4: 50 ürün alındı. (Toplam: 741)
2026-08-05 13:21:04,080 INFO [UserId=16982] Sayfa 5: 50 ürün alındı. (Toplam: 741)
2026-08-05 13:21:04,283 INFO [UserId=16982] Sayfa 6: 50 ürün alındı. (Toplam: 741)
2026-08-05 13:21:04,487 INFO [UserId=16982] Sayfa 7: 50 ürün alındı. (Toplam: 741)
2026-08-05 13:21:04,702 INFO [UserId=16982] Sayfa 8: 50 ürün alındı. (Toplam: 741)
2026-08-05 13:21:04,912 INFO [UserId=16982] Sayfa 9: 50 ürün alındı. (Toplam: 741)
2026-08-05 13:21:05,118 INFO [UserId=16982] Sayfa 10: 50 ürün alındı. (Toplam: 741)
2026-08-05 13:21:05,349 INFO [UserId=16982] Sayfa 11: 50 ürün alındı. (Toplam: 741)
2026-08-05 13:21:05,584 INFO [UserId=16982] Sayfa 12: 50 ürün alındı. (Toplam: 741)
2026-08-05 13:21:05,828 INFO [UserId=16982] Sayfa 13: 50 ürün alındı. (Toplam: 741)
2026-08-05 13:21:06,037 INFO [UserId=16982] Sayfa 14: 50 ürün alındı. (Toplam: 741)
2026-08-05 13:21:06,262 INFO [UserId=16982] Sayfa 15: 41 ürün alındı. (Toplam: 741)
2026-08-05 13:21:06,262 INFO [UserId=16982] Toplam 741 ürün çekildi.
2026-08-05 13:21:06,510 INFO [UserId=19598] Sayfa 1: 50 ürün alındı. (Toplam: 393)
2026-08-05 13:21:06,703 INFO [UserId=19598] Sayfa 2: 50 ürün alındı. (Toplam: 393)
2026-08-05 13:21:06,888 INFO [UserId=19598] Sayfa 3: 50 ürün alındı. (Toplam: 393)
2026-08-05 13:21:07,076 INFO [UserId=19598] Sayfa 4: 50 ürün alındı. (Toplam: 393)
2026-08-05 13:21:07,255 INFO [UserId=19598] Sayfa 5: 50 ürün alındı. (Toplam: 393)
2026-08-05 13:21:07,450 INFO [UserId=19598] Sayfa 6: 50 ürün alındı. (Toplam: 393)
2026-08-05 13:21:07,643 INFO [UserId=19598] Sayfa 7: 50 ürün alındı. (Toplam: 393)
2026-08-05 13:21:07,846 INFO [UserId=19598] Sayfa 8: 43 ürün alındı. (Toplam: 393)
2026-08-05 13:21:07,846 INFO [UserId=19598] Toplam 393 ürün çekildi.
2026-08-05 13:21:08,064 INFO [UserId=21144] Sayfa 1: 50 ürün alındı. (Toplam: 369)
2026-08-05 13:21:08,273 INFO [UserId=21144] Sayfa 2: 50 ürün alındı. (Toplam: 369)
2026-08-05 13:21:08,483 INFO [UserId=21144] Sayfa 3: 50 ürün alındı. (Toplam: 369)
2026-08-05 13:21:08,690 INFO [UserId=21144] Sayfa 4: 50 ürün alındı. (Toplam: 369)
2026-08-05 13:21:08,915 INFO [UserId=21144] Sayfa 5: 50 ürün alındı. (Toplam: 369)
2026-08-05 13:21:09,138 INFO [UserId=21144] Sayfa 6: 50 ürün alındı. (Toplam: 369)
2026-08-05 13:21:09,346 INFO [UserId=21144] Sayfa 7: 50 ürün alındı. (Toplam: 369)
2026-08-05 13:21:09,528 INFO [UserId=21144] Sayfa 8: 19 ürün alındı. (Toplam: 369)
2026-08-05 13:21:09,529 INFO [UserId=21144] Toplam 369 ürün çekildi.
2026-08-05 13:21:09,738 INFO [UserId=184] Sayfa 1: 50 ürün alındı. (Toplam: 489)
2026-08-05 13:21:09,943 INFO [UserId=184] Sayfa 2: 50 ürün alındı. (Toplam: 489)
2026-08-05 13:21:10,151 INFO [UserId=184] Sayfa 3: 50 ürün alındı. (Toplam: 489)
2026-08-05 13:21:10,365 INFO [UserId=184] Sayfa 4: 50 ürün alındı. (Toplam: 489)
2026-08-05 13:21:10,570 INFO [UserId=184] Sayfa 5: 50 ürün alındı. (Toplam: 489)
2026-08-05 13:21:10,790 INFO [UserId=184] Sayfa 6: 50 ürün alındı. (Toplam: 489)
2026-08-05 13:21:11,030 INFO [UserId=184] Sayfa 7: 50 ürün alındı. (Toplam: 489)
2026-08-05 13:21:11,244 INFO [UserId=184] Sayfa 8: 50 ürün alındı. (Toplam: 489)
2026-08-05 13:21:11,458 INFO [UserId=184] Sayfa 9: 50 ürün alındı. (Toplam: 489)
2026-08-05 13:21:11,657 INFO [UserId=184] Sayfa 10: 39 ürün alındı. (Toplam: 489)
2026-08-05 13:21:11,657 INFO [UserId=184] Toplam 489 ürün çekildi.
2026-08-05 13:21:11,855 INFO [UserId=1735] Sayfa 1: 50 ürün alındı. (Toplam: 237)
2026-08-05 13:21:12,053 INFO [UserId=1735] Sayfa 2: 50 ürün alındı. (Toplam: 237)
2026-08-05 13:21:12,258 INFO [UserId=1735] Sayfa 3: 50 ürün alındı. (Toplam: 237)
2026-08-05 13:21:12,473 INFO [UserId=1735] Sayfa 4: 50 ürün alındı. (Toplam: 237)
2026-08-05 13:21:12,661 INFO [UserId=1735] Sayfa 5: 37 ürün alındı. (Toplam: 237)
2026-08-05 13:21:12,661 INFO [UserId=1735] Toplam 237 ürün çekildi.
2026-08-05 13:21:12,865 INFO [UserId=11197] Sayfa 1: 50 ürün alındı. (Toplam: 189)
2026-08-05 13:21:13,077 INFO [UserId=11197] Sayfa 2: 50 ürün alındı. (Toplam: 189)
2026-08-05 13:21:13,275 INFO [UserId=11197] Sayfa 3: 50 ürün alındı. (Toplam: 189)
2026-08-05 13:21:13,502 INFO [UserId=11197] Sayfa 4: 39 ürün alındı. (Toplam: 189)
2026-08-05 13:21:13,502 INFO [UserId=11197] Toplam 189 ürün çekildi.
2026-08-05 13:21:13,704 INFO [UserId=759] Sayfa 1: 50 ürün alındı. (Toplam: 357)
2026-08-05 13:21:13,906 INFO [UserId=759] Sayfa 2: 50 ürün alındı. (Toplam: 357)
2026-08-05 13:21:14,157 INFO [UserId=759] Sayfa 3: 50 ürün alındı. (Toplam: 357)
2026-08-05 13:21:14,365 INFO [UserId=759] Sayfa 4: 50 ürün alındı. (Toplam: 357)
2026-08-05 13:21:14,578 INFO [UserId=759] Sayfa 5: 50 ürün alındı. (Toplam: 357)
2026-08-05 13:21:14,838 INFO [UserId=759] Sayfa 6: 50 ürün alındı. (Toplam: 357)
2026-08-05 13:21:15,109 INFO [UserId=759] Sayfa 7: 50 ürün alındı. (Toplam: 357)
2026-08-05 13:21:15,275 INFO [UserId=759] Sayfa 8: 7 ürün alındı. (Toplam: 357)
2026-08-05 13:21:15,275 INFO [UserId=759] Toplam 357 ürün çekildi.
2026-08-05 13:21:15,559 INFO [UserId=18] Sayfa 1: 50 ürün alındı. (Toplam: 1104)
2026-08-05 13:21:15,784 INFO [UserId=18] Sayfa 2: 50 ürün alındı. (Toplam: 1104)
2026-08-05 13:21:16,014 INFO [UserId=18] Sayfa 3: 50 ürün alındı. (Toplam: 1104)
2026-08-05 13:21:16,229 INFO [UserId=18] Sayfa 4: 50 ürün alındı. (Toplam: 1104)
2026-08-05 13:21:16,437 INFO [UserId=18] Sayfa 5: 50 ürün alındı. (Toplam: 1104)
2026-08-05 13:21:16,652 INFO [UserId=18] Sayfa 6: 50 ürün alındı. (Toplam: 1104)
2026-08-05 13:21:16,867 INFO [UserId=18] Sayfa 7: 50 ürün alındı. (Toplam: 1104)
2026-08-05 13:21:17,080 INFO [UserId=18] Sayfa 8: 50 ürün alındı. (Toplam: 1104)
2026-08-05 13:21:17,298 INFO [UserId=18] Sayfa 9: 50 ürün alındı. (Toplam: 1104)
2026-08-05 13:21:17,522 INFO [UserId=18] Sayfa 10: 50 ürün alındı. (Toplam: 1104)
2026-08-05 13:21:17,738 INFO [UserId=18] Sayfa 11: 50 ürün alındı. (Toplam: 1104)
2026-08-05 13:21:18,045 INFO [UserId=18] Sayfa 12: 50 ürün alındı. (Toplam: 1104)
2026-08-05 13:21:18,413 INFO [UserId=18] Sayfa 13: 50 ürün alındı. (Toplam: 1104)
2026-08-05 13:21:18,685 INFO [UserId=18] Sayfa 14: 50 ürün alındı. (Toplam: 1104)
2026-08-05 13:21:19,011 INFO [UserId=18] Sayfa 15: 50 ürün alındı. (Toplam: 1104)
2026-08-05 13:21:19,220 INFO [UserId=18] Sayfa 16: 50 ürün alındı. (Toplam: 1104)
2026-08-05 13:21:19,442 INFO [UserId=18] Sayfa 17: 50 ürün alındı. (Toplam: 1104)
2026-08-05 13:21:19,661 INFO [UserId=18] Sayfa 18: 50 ürün alındı. (Toplam: 1104)
2026-08-05 13:21:19,882 INFO [UserId=18] Sayfa 19: 50 ürün alındı. (Toplam: 1104)
2026-08-05 13:21:20,106 INFO [UserId=18] Sayfa 20: 50 ürün alındı. (Toplam: 1104)
2026-08-05 13:21:20,311 INFO [UserId=18] Sayfa 21: 50 ürün alındı. (Toplam: 1104)
2026-08-05 13:21:20,524 INFO [UserId=18] Sayfa 22: 50 ürün alındı. (Toplam: 1104)
2026-08-05 13:21:20,729 INFO [UserId=18] Sayfa 23: 4 ürün alındı. (Toplam: 1104)
2026-08-05 13:21:20,729 INFO [UserId=18] Toplam 1104 ürün çekildi.
2026-08-05 13:21:20,766 INFO Varyantlı XML feed yazıldı: docs/ecza1-feed.xml (4481 satır / varyant)
2026-08-05 13:21:20,767 INFO Tüm mağazalar için senkronizasyon tamamlandı.
2026-08-05 19:05:02,661 INFO Giriş başarılı (302 yönlendirme -> /).
2026-08-05 19:06:00,456 INFO Kategori/marka tablosu hazır: 659 kategori, 3245 marka bulundu.
2026-08-05 19:06:01,853 INFO [UserId=7982] Sayfa 1: 50 ürün alındı. (Toplam: 602)
2026-08-05 19:06:03,284 INFO [UserId=7982] Sayfa 2: 50 ürün alındı. (Toplam: 602)
2026-08-05 19:06:04,689 INFO [UserId=7982] Sayfa 3: 50 ürün alındı. (Toplam: 602)
2026-08-05 19:06:06,118 INFO [UserId=7982] Sayfa 4: 50 ürün alındı. (Toplam: 602)
2026-08-05 19:06:07,753 INFO [UserId=7982] Sayfa 5: 50 ürün alındı. (Toplam: 602)
2026-08-05 19:06:09,365 INFO [UserId=7982] Sayfa 6: 50 ürün alındı. (Toplam: 602)
2026-08-05 19:06:10,797 INFO [UserId=7982] Sayfa 7: 50 ürün alındı. (Toplam: 602)
2026-08-05 19:06:12,236 INFO [UserId=7982] Sayfa 8: 50 ürün alındı. (Toplam: 602)
2026-08-05 19:06:13,651 INFO [UserId=7982] Sayfa 9: 50 ürün alındı. (Toplam: 602)
2026-08-05 19:06:15,006 INFO [UserId=7982] Sayfa 10: 50 ürün alındı. (Toplam: 602)
2026-08-05 19:06:16,695 INFO [UserId=7982] Sayfa 11: 50 ürün alındı. (Toplam: 602)
2026-08-05 19:06:18,172 INFO [UserId=7982] Sayfa 12: 50 ürün alındı. (Toplam: 602)
2026-08-05 19:06:18,402 INFO [UserId=7982] Sayfa 13: 2 ürün alındı. (Toplam: 602)
2026-08-05 19:06:18,402 INFO [UserId=7982] Toplam 602 ürün çekildi.
2026-08-05 19:06:19,881 INFO [UserId=16982] Sayfa 1: 50 ürün alındı. (Toplam: 739)
2026-08-05 19:06:21,310 INFO [UserId=16982] Sayfa 2: 50 ürün alındı. (Toplam: 739)
2026-08-05 19:06:22,924 INFO [UserId=16982] Sayfa 3: 50 ürün alındı. (Toplam: 739)
2026-08-05 19:06:24,360 INFO [UserId=16982] Sayfa 4: 50 ürün alındı. (Toplam: 739)
2026-08-05 19:06:25,713 INFO [UserId=16982] Sayfa 5: 50 ürün alındı. (Toplam: 739)
2026-08-05 19:06:27,431 INFO [UserId=16982] Sayfa 6: 50 ürün alındı. (Toplam: 739)
2026-08-05 19:06:29,142 INFO [UserId=16982] Sayfa 7: 50 ürün alındı. (Toplam: 739)
2026-08-05 19:06:30,685 INFO [UserId=16982] Sayfa 8: 50 ürün alındı. (Toplam: 739)
2026-08-05 19:06:32,096 INFO [UserId=16982] Sayfa 9: 50 ürün alındı. (Toplam: 739)
2026-08-05 19:06:33,537 INFO [UserId=16982] Sayfa 10: 50 ürün alındı. (Toplam: 739)
2026-08-05 19:06:35,032 INFO [UserId=16982] Sayfa 11: 50 ürün alındı. (Toplam: 739)
2026-08-05 19:06:36,487 INFO [UserId=16982] Sayfa 12: 50 ürün alındı. (Toplam: 739)
2026-08-05 19:06:37,942 INFO [UserId=16982] Sayfa 13: 50 ürün alındı. (Toplam: 739)
2026-08-05 19:06:39,366 INFO [UserId=16982] Sayfa 14: 50 ürün alındı. (Toplam: 739)
2026-08-05 19:06:40,505 INFO [UserId=16982] Sayfa 15: 39 ürün alındı. (Toplam: 739)
2026-08-05 19:06:40,505 INFO [UserId=16982] Toplam 739 ürün çekildi.
2026-08-05 19:06:41,890 INFO [UserId=19598] Sayfa 1: 50 ürün alındı. (Toplam: 392)
2026-08-05 19:06:43,292 INFO [UserId=19598] Sayfa 2: 50 ürün alındı. (Toplam: 392)
2026-08-05 19:06:44,663 INFO [UserId=19598] Sayfa 3: 50 ürün alındı. (Toplam: 392)
2026-08-05 19:06:45,982 INFO [UserId=19598] Sayfa 4: 50 ürün alındı. (Toplam: 392)
2026-08-05 19:06:47,413 INFO [UserId=19598] Sayfa 5: 50 ürün alındı. (Toplam: 392)
2026-08-05 19:06:48,918 INFO [UserId=19598] Sayfa 6: 50 ürün alındı. (Toplam: 392)
2026-08-05 19:06:50,317 INFO [UserId=19598] Sayfa 7: 50 ürün alındı. (Toplam: 392)
2026-08-05 19:06:51,569 INFO [UserId=19598] Sayfa 8: 42 ürün alındı. (Toplam: 392)
2026-08-05 19:06:51,569 INFO [UserId=19598] Toplam 392 ürün çekildi.
2026-08-05 19:06:52,977 INFO [UserId=21144] Sayfa 1: 50 ürün alındı. (Toplam: 368)
2026-08-05 19:06:54,415 INFO [UserId=21144] Sayfa 2: 50 ürün alındı. (Toplam: 368)
2026-08-05 19:06:55,911 INFO [UserId=21144] Sayfa 3: 50 ürün alındı. (Toplam: 368)
2026-08-05 19:06:57,879 INFO [UserId=21144] Sayfa 4: 50 ürün alındı. (Toplam: 368)
2026-08-05 19:06:59,291 INFO [UserId=21144] Sayfa 5: 50 ürün alındı. (Toplam: 368)
2026-08-05 19:07:00,725 INFO [UserId=21144] Sayfa 6: 50 ürün alındı. (Toplam: 368)
2026-08-05 19:07:02,200 INFO [UserId=21144] Sayfa 7: 50 ürün alındı. (Toplam: 368)
2026-08-05 19:07:02,818 INFO [UserId=21144] Sayfa 8: 18 ürün alındı. (Toplam: 368)
2026-08-05 19:07:02,818 INFO [UserId=21144] Toplam 368 ürün çekildi.
2026-08-05 19:07:04,273 INFO [UserId=184] Sayfa 1: 50 ürün alındı. (Toplam: 486)
2026-08-05 19:07:05,635 INFO [UserId=184] Sayfa 2: 50 ürün alındı. (Toplam: 486)
2026-08-05 19:07:07,032 INFO [UserId=184] Sayfa 3: 50 ürün alındı. (Toplam: 486)
2026-08-05 19:07:08,407 INFO [UserId=184] Sayfa 4: 50 ürün alındı. (Toplam: 486)
2026-08-05 19:07:09,814 INFO [UserId=184] Sayfa 5: 50 ürün alındı. (Toplam: 486)
2026-08-05 19:07:11,358 INFO [UserId=184] Sayfa 6: 50 ürün alındı. (Toplam: 486)
2026-08-05 19:07:12,804 INFO [UserId=184] Sayfa 7: 50 ürün alındı. (Toplam: 486)
2026-08-05 19:07:14,194 INFO [UserId=184] Sayfa 8: 50 ürün alındı. (Toplam: 486)
2026-08-05 19:07:15,570 INFO [UserId=184] Sayfa 9: 50 ürün alındı. (Toplam: 486)
2026-08-05 19:07:16,621 INFO [UserId=184] Sayfa 10: 36 ürün alındı. (Toplam: 486)
2026-08-05 19:07:16,621 INFO [UserId=184] Toplam 486 ürün çekildi.
2026-08-05 19:07:17,990 INFO [UserId=1735] Sayfa 1: 50 ürün alındı. (Toplam: 239)
2026-08-05 19:07:19,346 INFO [UserId=1735] Sayfa 2: 50 ürün alındı. (Toplam: 239)
2026-08-05 19:07:20,697 INFO [UserId=1735] Sayfa 3: 50 ürün alındı. (Toplam: 239)
2026-08-05 19:07:22,119 INFO [UserId=1735] Sayfa 4: 50 ürün alındı. (Toplam: 239)
2026-08-05 19:07:23,263 INFO [UserId=1735] Sayfa 5: 39 ürün alındı. (Toplam: 239)
2026-08-05 19:07:23,263 INFO [UserId=1735] Toplam 239 ürün çekildi.
2026-08-05 19:07:24,697 INFO [UserId=11197] Sayfa 1: 50 ürün alındı. (Toplam: 187)
2026-08-05 19:07:26,143 INFO [UserId=11197] Sayfa 2: 50 ürün alındı. (Toplam: 187)
2026-08-05 19:07:27,701 INFO [UserId=11197] Sayfa 3: 50 ürün alındı. (Toplam: 187)
2026-08-05 19:07:28,785 INFO [UserId=11197] Sayfa 4: 37 ürün alındı. (Toplam: 187)
2026-08-05 19:07:28,785 INFO [UserId=11197] Toplam 187 ürün çekildi.
2026-08-05 19:07:30,230 INFO [UserId=759] Sayfa 1: 50 ürün alındı. (Toplam: 354)
2026-08-05 19:07:31,549 INFO [UserId=759] Sayfa 2: 50 ürün alındı. (Toplam: 354)
2026-08-05 19:07:32,921 INFO [UserId=759] Sayfa 3: 50 ürün alındı. (Toplam: 354)
2026-08-05 19:07:34,351 INFO [UserId=759] Sayfa 4: 50 ürün alındı. (Toplam: 354)
2026-08-05 19:07:35,771 INFO [UserId=759] Sayfa 5: 50 ürün alındı. (Toplam: 354)
2026-08-05 19:07:37,145 INFO [UserId=759] Sayfa 6: 50 ürün alındı. (Toplam: 354)
2026-08-05 19:07:38,523 INFO [UserId=759] Sayfa 7: 50 ürün alındı. (Toplam: 354)
2026-08-05 19:07:38,801 INFO [UserId=759] Sayfa 8: 4 ürün alındı. (Toplam: 354)
2026-08-05 19:07:38,801 INFO [UserId=759] Toplam 354 ürün çekildi.
2026-08-05 19:07:40,224 INFO [UserId=18] Sayfa 1: 50 ürün alındı. (Toplam: 1103)
2026-08-05 19:07:41,621 INFO [UserId=18] Sayfa 2: 50 ürün alındı. (Toplam: 1103)
2026-08-05 19:07:42,999 INFO [UserId=18] Sayfa 3: 50 ürün alındı. (Toplam: 1103)
2026-08-05 19:07:44,436 INFO [UserId=18] Sayfa 4: 50 ürün alındı. (Toplam: 1103)
2026-08-05 19:07:45,855 INFO [UserId=18] Sayfa 5: 50 ürün alındı. (Toplam: 1103)
2026-08-05 19:07:47,211 INFO [UserId=18] Sayfa 6: 50 ürün alındı. (Toplam: 1103)
2026-08-05 19:07:48,605 INFO [UserId=18] Sayfa 7: 50 ürün alındı. (Toplam: 1103)
2026-08-05 19:07:50,122 INFO [UserId=18] Sayfa 8: 50 ürün alındı. (Toplam: 1103)
2026-08-05 19:07:51,602 INFO [UserId=18] Sayfa 9: 50 ürün alındı. (Toplam: 1103)
2026-08-05 19:07:53,056 INFO [UserId=18] Sayfa 10: 50 ürün alındı. (Toplam: 1103)
2026-08-05 19:07:54,462 INFO [UserId=18] Sayfa 11: 50 ürün alındı. (Toplam: 1103)
2026-08-05 19:07:55,847 INFO [UserId=18] Sayfa 12: 50 ürün alındı. (Toplam: 1103)
2026-08-05 19:07:57,367 INFO [UserId=18] Sayfa 13: 50 ürün alındı. (Toplam: 1103)
2026-08-05 19:07:58,781 INFO [UserId=18] Sayfa 14: 50 ürün alındı. (Toplam: 1103)
2026-08-05 19:08:00,162 INFO [UserId=18] Sayfa 15: 50 ürün alındı. (Toplam: 1103)
2026-08-05 19:08:01,528 INFO [UserId=18] Sayfa 16: 50 ürün alındı. (Toplam: 1103)
2026-08-05 19:08:03,019 INFO [UserId=18] Sayfa 17: 50 ürün alındı. (Toplam: 1103)
2026-08-05 19:08:04,651 INFO [UserId=18] Sayfa 18: 50 ürün alındı. (Toplam: 1103)
2026-08-05 19:08:06,073 INFO [UserId=18] Sayfa 19: 50 ürün alındı. (Toplam: 1103)
2026-08-05 19:08:07,530 INFO [UserId=18] Sayfa 20: 50 ürün alındı. (Toplam: 1103)
2026-08-05 19:08:08,916 INFO [UserId=18] Sayfa 21: 50 ürün alındı. (Toplam: 1103)
2026-08-05 19:08:10,373 INFO [UserId=18] Sayfa 22: 50 ürün alındı. (Toplam: 1103)
2026-08-05 19:08:10,635 INFO [UserId=18] Sayfa 23: 3 ürün alındı. (Toplam: 1103)
2026-08-05 19:08:10,635 INFO [UserId=18] Toplam 1103 ürün çekildi.
2026-08-05 19:08:10,671 INFO Varyantlı XML feed yazıldı: docs/ecza1-feed.xml (4470 satır / varyant)
2026-08-05 19:08:10,673 INFO Tüm mağazalar için senkronizasyon tamamlandı.
2026-08-05 23:31:26,225 INFO Giriş başarılı (302 yönlendirme -> /).
2026-08-05 23:32:19,822 INFO Kategori/marka tablosu hazır: 659 kategori, 3245 marka bulundu.
2026-08-05 23:32:20,037 INFO [UserId=7982] Sayfa 1: 50 ürün alındı. (Toplam: 602)
2026-08-05 23:32:20,248 INFO [UserId=7982] Sayfa 2: 50 ürün alındı. (Toplam: 602)
2026-08-05 23:32:20,470 INFO [UserId=7982] Sayfa 3: 50 ürün alındı. (Toplam: 602)
2026-08-05 23:32:20,684 INFO [UserId=7982] Sayfa 4: 50 ürün alındı. (Toplam: 602)
2026-08-05 23:32:20,894 INFO [UserId=7982] Sayfa 5: 50 ürün alındı. (Toplam: 602)
2026-08-05 23:32:21,103 INFO [UserId=7982] Sayfa 6: 50 ürün alındı. (Toplam: 602)
2026-08-05 23:32:21,319 INFO [UserId=7982] Sayfa 7: 50 ürün alındı. (Toplam: 602)
2026-08-05 23:32:21,534 INFO [UserId=7982] Sayfa 8: 50 ürün alındı. (Toplam: 602)
2026-08-05 23:32:21,748 INFO [UserId=7982] Sayfa 9: 50 ürün alındı. (Toplam: 602)
2026-08-05 23:32:21,956 INFO [UserId=7982] Sayfa 10: 50 ürün alındı. (Toplam: 602)
2026-08-05 23:32:22,165 INFO [UserId=7982] Sayfa 11: 50 ürün alındı. (Toplam: 602)
2026-08-05 23:32:22,374 INFO [UserId=7982] Sayfa 12: 50 ürün alındı. (Toplam: 602)
2026-08-05 23:32:22,541 INFO [UserId=7982] Sayfa 13: 2 ürün alındı. (Toplam: 602)
2026-08-05 23:32:22,542 INFO [UserId=7982] Toplam 602 ürün çekildi.
2026-08-05 23:32:22,756 INFO [UserId=16982] Sayfa 1: 50 ürün alındı. (Toplam: 739)
2026-08-05 23:32:22,981 INFO [UserId=16982] Sayfa 2: 50 ürün alındı. (Toplam: 739)
2026-08-05 23:32:23,200 INFO [UserId=16982] Sayfa 3: 50 ürün alındı. (Toplam: 739)
2026-08-05 23:32:23,429 INFO [UserId=16982] Sayfa 4: 50 ürün alındı. (Toplam: 739)
2026-08-05 23:32:23,632 INFO [UserId=16982] Sayfa 5: 50 ürün alındı. (Toplam: 739)
2026-08-05 23:32:23,838 INFO [UserId=16982] Sayfa 6: 50 ürün alındı. (Toplam: 739)
2026-08-05 23:32:24,048 INFO [UserId=16982] Sayfa 7: 50 ürün alındı. (Toplam: 739)
2026-08-05 23:32:24,276 INFO [UserId=16982] Sayfa 8: 50 ürün alındı. (Toplam: 739)
2026-08-05 23:32:24,492 INFO [UserId=16982] Sayfa 9: 50 ürün alındı. (Toplam: 739)
2026-08-05 23:32:24,699 INFO [UserId=16982] Sayfa 10: 50 ürün alındı. (Toplam: 739)
2026-08-05 23:32:24,921 INFO [UserId=16982] Sayfa 11: 50 ürün alındı. (Toplam: 739)
2026-08-05 23:32:25,150 INFO [UserId=16982] Sayfa 12: 50 ürün alındı. (Toplam: 739)
2026-08-05 23:32:25,356 INFO [UserId=16982] Sayfa 13: 50 ürün alındı. (Toplam: 739)
2026-08-05 23:32:25,567 INFO [UserId=16982] Sayfa 14: 50 ürün alındı. (Toplam: 739)
2026-08-05 23:32:25,774 INFO [UserId=16982] Sayfa 15: 39 ürün alındı. (Toplam: 739)
2026-08-05 23:32:25,774 INFO [UserId=16982] Toplam 739 ürün çekildi.
2026-08-05 23:32:25,971 INFO [UserId=19598] Sayfa 1: 50 ürün alındı. (Toplam: 392)
2026-08-05 23:32:26,170 INFO [UserId=19598] Sayfa 2: 50 ürün alındı. (Toplam: 392)
2026-08-05 23:32:26,361 INFO [UserId=19598] Sayfa 3: 50 ürün alındı. (Toplam: 392)
2026-08-05 23:32:26,557 INFO [UserId=19598] Sayfa 4: 50 ürün alındı. (Toplam: 392)
2026-08-05 23:32:26,745 INFO [UserId=19598] Sayfa 5: 50 ürün alındı. (Toplam: 392)
2026-08-05 23:32:26,941 INFO [UserId=19598] Sayfa 6: 50 ürün alındı. (Toplam: 392)
2026-08-05 23:32:27,136 INFO [UserId=19598] Sayfa 7: 50 ürün alındı. (Toplam: 392)
2026-08-05 23:32:27,338 INFO [UserId=19598] Sayfa 8: 42 ürün alındı. (Toplam: 392)
2026-08-05 23:32:27,338 INFO [UserId=19598] Toplam 392 ürün çekildi.
2026-08-05 23:32:27,558 INFO [UserId=21144] Sayfa 1: 50 ürün alındı. (Toplam: 368)
2026-08-05 23:32:27,770 INFO [UserId=21144] Sayfa 2: 50 ürün alındı. (Toplam: 368)
2026-08-05 23:32:27,974 INFO [UserId=21144] Sayfa 3: 50 ürün alındı. (Toplam: 368)
2026-08-05 23:32:28,183 INFO [UserId=21144] Sayfa 4: 50 ürün alındı. (Toplam: 368)
2026-08-05 23:32:28,405 INFO [UserId=21144] Sayfa 5: 50 ürün alındı. (Toplam: 368)
2026-08-05 23:32:28,613 INFO [UserId=21144] Sayfa 6: 50 ürün alındı. (Toplam: 368)
2026-08-05 23:32:28,848 INFO [UserId=21144] Sayfa 7: 50 ürün alındı. (Toplam: 368)
2026-08-05 23:32:29,027 INFO [UserId=21144] Sayfa 8: 18 ürün alındı. (Toplam: 368)
2026-08-05 23:32:29,028 INFO [UserId=21144] Toplam 368 ürün çekildi.
2026-08-05 23:32:29,250 INFO [UserId=184] Sayfa 1: 50 ürün alındı. (Toplam: 486)
2026-08-05 23:32:29,472 INFO [UserId=184] Sayfa 2: 50 ürün alındı. (Toplam: 486)
2026-08-05 23:32:29,692 INFO [UserId=184] Sayfa 3: 50 ürün alındı. (Toplam: 486)
2026-08-05 23:32:29,907 INFO [UserId=184] Sayfa 4: 50 ürün alındı. (Toplam: 486)
2026-08-05 23:32:30,119 INFO [UserId=184] Sayfa 5: 50 ürün alındı. (Toplam: 486)
2026-08-05 23:32:30,345 INFO [UserId=184] Sayfa 6: 50 ürün alındı. (Toplam: 486)
2026-08-05 23:32:30,594 INFO [UserId=184] Sayfa 7: 50 ürün alındı. (Toplam: 486)
2026-08-05 23:32:30,804 INFO [UserId=184] Sayfa 8: 50 ürün alındı. (Toplam: 486)
2026-08-05 23:32:31,021 INFO [UserId=184] Sayfa 9: 50 ürün alındı. (Toplam: 486)
2026-08-05 23:32:31,214 INFO [UserId=184] Sayfa 10: 36 ürün alındı. (Toplam: 486)
2026-08-05 23:32:31,214 INFO [UserId=184] Toplam 486 ürün çekildi.
2026-08-05 23:32:31,411 INFO [UserId=1735] Sayfa 1: 50 ürün alındı. (Toplam: 239)
2026-08-05 23:32:31,609 INFO [UserId=1735] Sayfa 2: 50 ürün alındı. (Toplam: 239)
2026-08-05 23:32:31,811 INFO [UserId=1735] Sayfa 3: 50 ürün alındı. (Toplam: 239)
2026-08-05 23:32:32,019 INFO [UserId=1735] Sayfa 4: 50 ürün alındı. (Toplam: 239)
2026-08-05 23:32:32,202 INFO [UserId=1735] Sayfa 5: 39 ürün alındı. (Toplam: 239)
2026-08-05 23:32:32,202 INFO [UserId=1735] Toplam 239 ürün çekildi.
2026-08-05 23:32:32,403 INFO [UserId=11197] Sayfa 1: 50 ürün alındı. (Toplam: 186)
2026-08-05 23:32:32,601 INFO [UserId=11197] Sayfa 2: 50 ürün alındı. (Toplam: 186)
2026-08-05 23:32:32,809 INFO [UserId=11197] Sayfa 3: 50 ürün alındı. (Toplam: 186)
2026-08-05 23:32:32,992 INFO [UserId=11197] Sayfa 4: 36 ürün alındı. (Toplam: 186)
2026-08-05 23:32:32,992 INFO [UserId=11197] Toplam 186 ürün çekildi.
2026-08-05 23:32:33,197 INFO [UserId=759] Sayfa 1: 50 ürün alındı. (Toplam: 354)
2026-08-05 23:32:33,397 INFO [UserId=759] Sayfa 2: 50 ürün alındı. (Toplam: 354)
2026-08-05 23:32:33,601 INFO [UserId=759] Sayfa 3: 50 ürün alındı. (Toplam: 354)
2026-08-05 23:32:33,815 INFO [UserId=759] Sayfa 4: 50 ürün alındı. (Toplam: 354)
2026-08-05 23:32:34,031 INFO [UserId=759] Sayfa 5: 50 ürün alındı. (Toplam: 354)
2026-08-05 23:32:34,234 INFO [UserId=759] Sayfa 6: 50 ürün alındı. (Toplam: 354)
2026-08-05 23:32:34,438 INFO [UserId=759] Sayfa 7: 50 ürün alındı. (Toplam: 354)
2026-08-05 23:32:34,600 INFO [UserId=759] Sayfa 8: 4 ürün alındı. (Toplam: 354)
2026-08-05 23:32:34,600 INFO [UserId=759] Toplam 354 ürün çekildi.
2026-08-05 23:32:34,821 INFO [UserId=18] Sayfa 1: 50 ürün alındı. (Toplam: 1103)
2026-08-05 23:32:35,042 INFO [UserId=18] Sayfa 2: 50 ürün alındı. (Toplam: 1103)
2026-08-05 23:32:35,263 INFO [UserId=18] Sayfa 3: 50 ürün alındı. (Toplam: 1103)
2026-08-05 23:32:35,484 INFO [UserId=18] Sayfa 4: 50 ürün alındı. (Toplam: 1103)
2026-08-05 23:32:35,718 INFO [UserId=18] Sayfa 5: 50 ürün alındı. (Toplam: 1103)
2026-08-05 23:32:35,935 INFO [UserId=18] Sayfa 6: 50 ürün alındı. (Toplam: 1103)
2026-08-05 23:32:36,145 INFO [UserId=18] Sayfa 7: 50 ürün alındı. (Toplam: 1103)
2026-08-05 23:32:36,356 INFO [UserId=18] Sayfa 8: 50 ürün alındı. (Toplam: 1103)
2026-08-05 23:32:36,577 INFO [UserId=18] Sayfa 9: 50 ürün alındı. (Toplam: 1103)
2026-08-05 23:32:36,800 INFO [UserId=18] Sayfa 10: 50 ürün alındı. (Toplam: 1103)
2026-08-05 23:32:37,017 INFO [UserId=18] Sayfa 11: 50 ürün alındı. (Toplam: 1103)
2026-08-05 23:32:37,234 INFO [UserId=18] Sayfa 12: 50 ürün alındı. (Toplam: 1103)
2026-08-05 23:32:37,489 INFO [UserId=18] Sayfa 13: 50 ürün alındı. (Toplam: 1103)
2026-08-05 23:32:37,735 INFO [UserId=18] Sayfa 14: 50 ürün alındı. (Toplam: 1103)
2026-08-05 23:32:37,963 INFO [UserId=18] Sayfa 15: 50 ürün alındı. (Toplam: 1103)
2026-08-05 23:32:38,180 INFO [UserId=18] Sayfa 16: 50 ürün alındı. (Toplam: 1103)
2026-08-05 23:32:38,406 INFO [UserId=18] Sayfa 17: 50 ürün alındı. (Toplam: 1103)
2026-08-05 23:32:38,628 INFO [UserId=18] Sayfa 18: 50 ürün alındı. (Toplam: 1103)
2026-08-05 23:32:38,848 INFO [UserId=18] Sayfa 19: 50 ürün alındı. (Toplam: 1103)
2026-08-05 23:32:39,063 INFO [UserId=18] Sayfa 20: 50 ürün alındı. (Toplam: 1103)
2026-08-05 23:32:39,269 INFO [UserId=18] Sayfa 21: 50 ürün alındı. (Toplam: 1103)
2026-08-05 23:32:39,492 INFO [UserId=18] Sayfa 22: 50 ürün alındı. (Toplam: 1103)
2026-08-05 23:32:39,680 INFO [UserId=18] Sayfa 23: 3 ürün alındı. (Toplam: 1103)
2026-08-05 23:32:39,680 INFO [UserId=18] Toplam 1103 ürün çekildi.
2026-08-05 23:32:39,716 INFO Varyantlı XML feed yazıldı: docs/ecza1-feed.xml (4469 satır / varyant)
2026-08-05 23:32:39,717 INFO Tüm mağazalar için senkronizasyon tamamlandı.
2026-08-06 10:15:25,165 INFO Giriş başarılı (302 yönlendirme -> /).
2026-08-06 10:16:43,744 INFO Kategori/marka tablosu hazır: 657 kategori, 3214 marka bulundu.
2026-08-06 10:16:44,016 INFO [UserId=7982] Sayfa 1: 50 ürün alındı. (Toplam: 587)
2026-08-06 10:16:44,279 INFO [UserId=7982] Sayfa 2: 50 ürün alındı. (Toplam: 587)
2026-08-06 10:16:44,554 INFO [UserId=7982] Sayfa 3: 50 ürün alındı. (Toplam: 587)
2026-08-06 10:16:44,815 INFO [UserId=7982] Sayfa 4: 50 ürün alındı. (Toplam: 587)
2026-08-06 10:16:45,086 INFO [UserId=7982] Sayfa 5: 50 ürün alındı. (Toplam: 587)
2026-08-06 10:16:45,357 INFO [UserId=7982] Sayfa 6: 50 ürün alındı. (Toplam: 587)
2026-08-06 10:16:45,628 INFO [UserId=7982] Sayfa 7: 50 ürün alındı. (Toplam: 587)
2026-08-06 10:16:45,897 INFO [UserId=7982] Sayfa 8: 50 ürün alındı. (Toplam: 587)
2026-08-06 10:16:46,165 INFO [UserId=7982] Sayfa 9: 50 ürün alındı. (Toplam: 587)
2026-08-06 10:16:46,418 INFO [UserId=7982] Sayfa 10: 50 ürün alındı. (Toplam: 587)
2026-08-06 10:16:46,683 INFO [UserId=7982] Sayfa 11: 50 ürün alındı. (Toplam: 587)
2026-08-06 10:16:46,941 INFO [UserId=7982] Sayfa 12: 37 ürün alındı. (Toplam: 587)
2026-08-06 10:16:46,941 INFO [UserId=7982] Toplam 587 ürün çekildi.
2026-08-06 10:16:47,151 INFO [UserId=16982] Toplam 0 ürün çekildi.
2026-08-06 10:16:47,413 INFO [UserId=19598] Sayfa 1: 50 ürün alındı. (Toplam: 393)
2026-08-06 10:16:47,666 INFO [UserId=19598] Sayfa 2: 50 ürün alındı. (Toplam: 393)
2026-08-06 10:16:47,918 INFO [UserId=19598] Sayfa 3: 50 ürün alındı. (Toplam: 393)
2026-08-06 10:16:48,180 INFO [UserId=19598] Sayfa 4: 50 ürün alındı. (Toplam: 393)
2026-08-06 10:16:48,427 INFO [UserId=19598] Sayfa 5: 50 ürün alındı. (Toplam: 393)
2026-08-06 10:16:48,687 INFO [UserId=19598] Sayfa 6: 50 ürün alındı. (Toplam: 393)
2026-08-06 10:16:48,943 INFO [UserId=19598] Sayfa 7: 50 ürün alındı. (Toplam: 393)
2026-08-06 10:16:49,220 INFO [UserId=19598] Sayfa 8: 43 ürün alındı. (Toplam: 393)
2026-08-06 10:16:49,221 INFO [UserId=19598] Toplam 393 ürün çekildi.
2026-08-06 10:16:49,503 INFO [UserId=21144] Sayfa 1: 50 ürün alındı. (Toplam: 368)
2026-08-06 10:16:49,782 INFO [UserId=21144] Sayfa 2: 50 ürün alındı. (Toplam: 368)
2026-08-06 10:16:50,051 INFO [UserId=21144] Sayfa 3: 50 ürün alındı. (Toplam: 368)
2026-08-06 10:16:50,323 INFO [UserId=21144] Sayfa 4: 50 ürün alındı. (Toplam: 368)
2026-08-06 10:16:50,623 INFO [UserId=21144] Sayfa 5: 50 ürün alındı. (Toplam: 368)
2026-08-06 10:16:50,954 INFO [UserId=21144] Sayfa 6: 50 ürün alındı. (Toplam: 368)
2026-08-06 10:16:51,249 INFO [UserId=21144] Sayfa 7: 50 ürün alındı. (Toplam: 368)
2026-08-06 10:16:51,484 INFO [UserId=21144] Sayfa 8: 18 ürün alındı. (Toplam: 368)
2026-08-06 10:16:51,484 INFO [UserId=21144] Toplam 368 ürün çekildi.
2026-08-06 10:16:51,763 INFO [UserId=184] Sayfa 1: 50 ürün alındı. (Toplam: 482)
2026-08-06 10:16:52,036 INFO [UserId=184] Sayfa 2: 50 ürün alındı. (Toplam: 482)
2026-08-06 10:16:52,307 INFO [UserId=184] Sayfa 3: 50 ürün alındı. (Toplam: 482)
2026-08-06 10:16:52,577 INFO [UserId=184] Sayfa 4: 50 ürün alındı. (Toplam: 482)
2026-08-06 10:16:52,847 INFO [UserId=184] Sayfa 5: 50 ürün alındı. (Toplam: 482)
2026-08-06 10:16:53,168 INFO [UserId=184] Sayfa 6: 50 ürün alındı. (Toplam: 482)
2026-08-06 10:16:53,486 INFO [UserId=184] Sayfa 7: 50 ürün alındı. (Toplam: 482)
2026-08-06 10:16:53,798 INFO [UserId=184] Sayfa 8: 50 ürün alındı. (Toplam: 482)
2026-08-06 10:16:54,105 INFO [UserId=184] Sayfa 9: 50 ürün alındı. (Toplam: 482)
2026-08-06 10:16:54,403 INFO [UserId=184] Sayfa 10: 32 ürün alındı. (Toplam: 482)
2026-08-06 10:16:54,403 INFO [UserId=184] Toplam 482 ürün çekildi.
2026-08-06 10:16:54,676 INFO [UserId=1735] Sayfa 1: 50 ürün alındı. (Toplam: 239)
2026-08-06 10:16:54,962 INFO [UserId=1735] Sayfa 2: 50 ürün alındı. (Toplam: 239)
2026-08-06 10:16:55,230 INFO [UserId=1735] Sayfa 3: 50 ürün alındı. (Toplam: 239)
2026-08-06 10:16:55,524 INFO [UserId=1735] Sayfa 4: 50 ürün alındı. (Toplam: 239)
2026-08-06 10:16:55,766 INFO [UserId=1735] Sayfa 5: 39 ürün alındı. (Toplam: 239)
2026-08-06 10:16:55,766 INFO [UserId=1735] Toplam 239 ürün çekildi.
2026-08-06 10:16:56,029 INFO [UserId=11197] Sayfa 1: 50 ürün alındı. (Toplam: 186)
2026-08-06 10:16:56,289 INFO [UserId=11197] Sayfa 2: 50 ürün alındı. (Toplam: 186)
2026-08-06 10:16:56,552 INFO [UserId=11197] Sayfa 3: 50 ürün alındı. (Toplam: 186)
2026-08-06 10:16:56,802 INFO [UserId=11197] Sayfa 4: 36 ürün alındı. (Toplam: 186)
2026-08-06 10:16:56,802 INFO [UserId=11197] Toplam 186 ürün çekildi.
2026-08-06 10:16:57,071 INFO [UserId=759] Sayfa 1: 50 ürün alındı. (Toplam: 354)
2026-08-06 10:16:57,332 INFO [UserId=759] Sayfa 2: 50 ürün alındı. (Toplam: 354)
2026-08-06 10:16:57,613 INFO [UserId=759] Sayfa 3: 50 ürün alındı. (Toplam: 354)
2026-08-06 10:16:57,928 INFO [UserId=759] Sayfa 4: 50 ürün alındı. (Toplam: 354)
2026-08-06 10:16:58,215 INFO [UserId=759] Sayfa 5: 50 ürün alındı. (Toplam: 354)
2026-08-06 10:16:58,481 INFO [UserId=759] Sayfa 6: 50 ürün alındı. (Toplam: 354)
2026-08-06 10:16:58,764 INFO [UserId=759] Sayfa 7: 50 ürün alındı. (Toplam: 354)
2026-08-06 10:16:58,986 INFO [UserId=759] Sayfa 8: 4 ürün alındı. (Toplam: 354)
2026-08-06 10:16:58,986 INFO [UserId=759] Toplam 354 ürün çekildi.
2026-08-06 10:16:59,307 INFO [UserId=18] Sayfa 1: 50 ürün alındı. (Toplam: 1102)
2026-08-06 10:16:59,589 INFO [UserId=18] Sayfa 2: 50 ürün alındı. (Toplam: 1102)
2026-08-06 10:16:59,882 INFO [UserId=18] Sayfa 3: 50 ürün alındı. (Toplam: 1102)
2026-08-06 10:17:00,173 INFO [UserId=18] Sayfa 4: 50 ürün alındı. (Toplam: 1102)
2026-08-06 10:17:00,491 INFO [UserId=18] Sayfa 5: 50 ürün alındı. (Toplam: 1102)
2026-08-06 10:17:00,769 INFO [UserId=18] Sayfa 6: 50 ürün alındı. (Toplam: 1102)
2026-08-06 10:17:01,039 INFO [UserId=18] Sayfa 7: 50 ürün alındı. (Toplam: 1102)
2026-08-06 10:17:01,324 INFO [UserId=18] Sayfa 8: 50 ürün alındı. (Toplam: 1102)
2026-08-06 10:17:01,707 INFO [UserId=18] Sayfa 9: 50 ürün alındı. (Toplam: 1102)
2026-08-06 10:17:02,078 INFO [UserId=18] Sayfa 10: 50 ürün alındı. (Toplam: 1102)
2026-08-06 10:17:02,355 INFO [UserId=18] Sayfa 11: 50 ürün alındı. (Toplam: 1102)
2026-08-06 10:17:02,641 INFO [UserId=18] Sayfa 12: 50 ürün alındı. (Toplam: 1102)
2026-08-06 10:17:02,961 INFO [UserId=18] Sayfa 13: 50 ürün alındı. (Toplam: 1102)
2026-08-06 10:17:03,300 INFO [UserId=18] Sayfa 14: 50 ürün alındı. (Toplam: 1102)
2026-08-06 10:17:03,652 INFO [UserId=18] Sayfa 15: 50 ürün alındı. (Toplam: 1102)
2026-08-06 10:17:03,935 INFO [UserId=18] Sayfa 16: 50 ürün alındı. (Toplam: 1102)
2026-08-06 10:17:04,222 INFO [UserId=18] Sayfa 17: 50 ürün alındı. (Toplam: 1102)
2026-08-06 10:17:04,505 INFO [UserId=18] Sayfa 18: 50 ürün alındı. (Toplam: 1102)
2026-08-06 10:17:04,798 INFO [UserId=18] Sayfa 19: 50 ürün alındı. (Toplam: 1102)
2026-08-06 10:17:05,171 INFO [UserId=18] Sayfa 20: 50 ürün alındı. (Toplam: 1102)
2026-08-06 10:17:05,449 INFO [UserId=18] Sayfa 21: 50 ürün alındı. (Toplam: 1102)
2026-08-06 10:17:05,828 INFO [UserId=18] Sayfa 22: 50 ürün alındı. (Toplam: 1102)
2026-08-06 10:17:06,114 INFO [UserId=18] Sayfa 23: 2 ürün alındı. (Toplam: 1102)
2026-08-06 10:17:06,114 INFO [UserId=18] Toplam 1102 ürün çekildi.
2026-08-06 10:17:06,145 INFO Varyantlı XML feed yazıldı: docs/ecza1-feed.xml (3711 satır / varyant)
2026-08-06 10:17:06,146 INFO Tüm mağazalar için senkronizasyon tamamlandı.
2026-08-07 01:53:15,165 INFO Giriş başarılı (302 yönlendirme -> /).
2026-08-07 01:54:08,678 INFO Kategori/marka tablosu hazır: 644 kategori, 2899 marka bulundu.
2026-08-07 01:54:08,890 INFO [UserId=7982] Sayfa 1: 50 ürün alındı. (Toplam: 579)
2026-08-07 01:54:09,097 INFO [UserId=7982] Sayfa 2: 50 ürün alındı. (Toplam: 579)
2026-08-07 01:54:09,300 INFO [UserId=7982] Sayfa 3: 50 ürün alındı. (Toplam: 579)
2026-08-07 01:54:09,509 INFO [UserId=7982] Sayfa 4: 50 ürün alındı. (Toplam: 579)
2026-08-07 01:54:09,731 INFO [UserId=7982] Sayfa 5: 50 ürün alındı. (Toplam: 579)
2026-08-07 01:54:09,950 INFO [UserId=7982] Sayfa 6: 50 ürün alındı. (Toplam: 579)
2026-08-07 01:54:10,198 INFO [UserId=7982] Sayfa 7: 50 ürün alındı. (Toplam: 579)
2026-08-07 01:54:10,402 INFO [UserId=7982] Sayfa 8: 50 ürün alındı. (Toplam: 579)
2026-08-07 01:54:10,614 INFO [UserId=7982] Sayfa 9: 50 ürün alındı. (Toplam: 579)
2026-08-07 01:54:10,808 INFO [UserId=7982] Sayfa 10: 50 ürün alındı. (Toplam: 579)
2026-08-07 01:54:11,003 INFO [UserId=7982] Sayfa 11: 50 ürün alındı. (Toplam: 579)
2026-08-07 01:54:11,194 INFO [UserId=7982] Sayfa 12: 29 ürün alındı. (Toplam: 579)
2026-08-07 01:54:11,194 INFO [UserId=7982] Toplam 579 ürün çekildi.
2026-08-07 01:54:11,399 INFO [UserId=16982] Sayfa 1: 50 ürün alındı. (Toplam: 807)
2026-08-07 01:54:11,611 INFO [UserId=16982] Sayfa 2: 50 ürün alındı. (Toplam: 807)
2026-08-07 01:54:11,827 INFO [UserId=16982] Sayfa 3: 50 ürün alındı. (Toplam: 807)
2026-08-07 01:54:12,091 INFO [UserId=16982] Sayfa 4: 50 ürün alındı. (Toplam: 807)
2026-08-07 01:54:12,297 INFO [UserId=16982] Sayfa 5: 50 ürün alındı. (Toplam: 807)
2026-08-07 01:54:12,491 INFO [UserId=16982] Sayfa 6: 50 ürün alındı. (Toplam: 807)
2026-08-07 01:54:12,707 INFO [UserId=16982] Sayfa 7: 50 ürün alındı. (Toplam: 807)
2026-08-07 01:54:12,911 INFO [UserId=16982] Sayfa 8: 50 ürün alındı. (Toplam: 807)
2026-08-07 01:54:13,172 INFO [UserId=16982] Sayfa 9: 50 ürün alındı. (Toplam: 807)
2026-08-07 01:54:13,390 INFO [UserId=16982] Sayfa 10: 50 ürün alındı. (Toplam: 807)
2026-08-07 01:54:13,598 INFO [UserId=16982] Sayfa 11: 50 ürün alındı. (Toplam: 807)
2026-08-07 01:54:13,813 INFO [UserId=16982] Sayfa 12: 50 ürün alındı. (Toplam: 807)
2026-08-07 01:54:14,058 INFO [UserId=16982] Sayfa 13: 50 ürün alındı. (Toplam: 807)
2026-08-07 01:54:14,276 INFO [UserId=16982] Sayfa 14: 50 ürün alındı. (Toplam: 807)
2026-08-07 01:54:14,483 INFO [UserId=16982] Sayfa 15: 50 ürün alındı. (Toplam: 807)
2026-08-07 01:54:14,697 INFO [UserId=16982] Sayfa 16: 50 ürün alındı. (Toplam: 807)
2026-08-07 01:54:14,867 INFO [UserId=16982] Sayfa 17: 7 ürün alındı. (Toplam: 807)
2026-08-07 01:54:14,867 INFO [UserId=16982] Toplam 807 ürün çekildi.
2026-08-07 01:54:15,054 INFO [UserId=19598] Sayfa 1: 50 ürün alındı. (Toplam: 393)
2026-08-07 01:54:15,247 INFO [UserId=19598] Sayfa 2: 50 ürün alındı. (Toplam: 393)
2026-08-07 01:54:15,436 INFO [UserId=19598] Sayfa 3: 50 ürün alındı. (Toplam: 393)
2026-08-07 01:54:15,625 INFO [UserId=19598] Sayfa 4: 50 ürün alındı. (Toplam: 393)
2026-08-07 01:54:15,807 INFO [UserId=19598] Sayfa 5: 50 ürün alındı. (Toplam: 393)
2026-08-07 01:54:15,993 INFO [UserId=19598] Sayfa 6: 50 ürün alındı. (Toplam: 393)
2026-08-07 01:54:16,184 INFO [UserId=19598] Sayfa 7: 50 ürün alındı. (Toplam: 393)
2026-08-07 01:54:16,387 INFO [UserId=19598] Sayfa 8: 43 ürün alındı. (Toplam: 393)
2026-08-07 01:54:16,387 INFO [UserId=19598] Toplam 393 ürün çekildi.
2026-08-07 01:54:16,597 INFO [UserId=21144] Sayfa 1: 50 ürün alındı. (Toplam: 369)
2026-08-07 01:54:16,799 INFO [UserId=21144] Sayfa 2: 50 ürün alındı. (Toplam: 369)
2026-08-07 01:54:16,998 INFO [UserId=21144] Sayfa 3: 50 ürün alındı. (Toplam: 369)
2026-08-07 01:54:17,205 INFO [UserId=21144] Sayfa 4: 50 ürün alındı. (Toplam: 369)
2026-08-07 01:54:17,420 INFO [UserId=21144] Sayfa 5: 50 ürün alındı. (Toplam: 369)
2026-08-07 01:54:17,626 INFO [UserId=21144] Sayfa 6: 50 ürün alındı. (Toplam: 369)
2026-08-07 01:54:17,829 INFO [UserId=21144] Sayfa 7: 50 ürün alındı. (Toplam: 369)
2026-08-07 01:54:18,000 INFO [UserId=21144] Sayfa 8: 19 ürün alındı. (Toplam: 369)
2026-08-07 01:54:18,000 INFO [UserId=21144] Toplam 369 ürün çekildi.
2026-08-07 01:54:18,215 INFO [UserId=184] Sayfa 1: 50 ürün alındı. (Toplam: 479)
2026-08-07 01:54:18,420 INFO [UserId=184] Sayfa 2: 50 ürün alındı. (Toplam: 479)
2026-08-07 01:54:18,627 INFO [UserId=184] Sayfa 3: 50 ürün alındı. (Toplam: 479)
2026-08-07 01:54:18,832 INFO [UserId=184] Sayfa 4: 50 ürün alındı. (Toplam: 479)
2026-08-07 01:54:19,044 INFO [UserId=184] Sayfa 5: 50 ürün alındı. (Toplam: 479)
2026-08-07 01:54:19,290 INFO [UserId=184] Sayfa 6: 50 ürün alındı. (Toplam: 479)
2026-08-07 01:54:19,542 INFO [UserId=184] Sayfa 7: 50 ürün alındı. (Toplam: 479)
2026-08-07 01:54:19,755 INFO [UserId=184] Sayfa 8: 50 ürün alındı. (Toplam: 479)
2026-08-07 01:54:19,965 INFO [UserId=184] Sayfa 9: 50 ürün alındı. (Toplam: 479)
2026-08-07 01:54:20,145 INFO [UserId=184] Sayfa 10: 29 ürün alındı. (Toplam: 479)
2026-08-07 01:54:20,146 INFO [UserId=184] Toplam 479 ürün çekildi.
2026-08-07 01:54:20,294 INFO [UserId=1735] Toplam 0 ürün çekildi.
2026-08-07 01:54:20,504 INFO [UserId=11197] Sayfa 1: 50 ürün alındı. (Toplam: 185)
2026-08-07 01:54:20,700 INFO [UserId=11197] Sayfa 2: 50 ürün alındı. (Toplam: 185)
2026-08-07 01:54:20,914 INFO [UserId=11197] Sayfa 3: 50 ürün alındı. (Toplam: 185)
2026-08-07 01:54:21,105 INFO [UserId=11197] Sayfa 4: 35 ürün alındı. (Toplam: 185)
2026-08-07 01:54:21,105 INFO [UserId=11197] Toplam 185 ürün çekildi.
2026-08-07 01:54:21,314 INFO [UserId=759] Sayfa 1: 50 ürün alındı. (Toplam: 351)
2026-08-07 01:54:21,517 INFO [UserId=759] Sayfa 2: 50 ürün alındı. (Toplam: 351)
2026-08-07 01:54:21,727 INFO [UserId=759] Sayfa 3: 50 ürün alındı. (Toplam: 351)
2026-08-07 01:54:21,948 INFO [UserId=759] Sayfa 4: 50 ürün alındı. (Toplam: 351)
2026-08-07 01:54:22,167 INFO [UserId=759] Sayfa 5: 50 ürün alındı. (Toplam: 351)
2026-08-07 01:54:22,371 INFO [UserId=759] Sayfa 6: 50 ürün alındı. (Toplam: 351)
2026-08-07 01:54:22,575 INFO [UserId=759] Sayfa 7: 50 ürün alındı. (Toplam: 351)
2026-08-07 01:54:22,732 INFO [UserId=759] Sayfa 8: 1 ürün alındı. (Toplam: 351)
2026-08-07 01:54:22,732 INFO [UserId=759] Toplam 351 ürün çekildi.
2026-08-07 01:54:22,969 INFO [UserId=18] Sayfa 1: 50 ürün alındı. (Toplam: 1101)
2026-08-07 01:54:23,204 INFO [UserId=18] Sayfa 2: 50 ürün alındı. (Toplam: 1101)
2026-08-07 01:54:23,423 INFO [UserId=18] Sayfa 3: 50 ürün alındı. (Toplam: 1101)
2026-08-07 01:54:23,654 INFO [UserId=18] Sayfa 4: 50 ürün alındı. (Toplam: 1101)
2026-08-07 01:54:23,864 INFO [UserId=18] Sayfa 5: 50 ürün alındı. (Toplam: 1101)
2026-08-07 01:54:24,079 INFO [UserId=18] Sayfa 6: 50 ürün alındı. (Toplam: 1101)
2026-08-07 01:54:24,288 INFO [UserId=18] Sayfa 7: 50 ürün alındı. (Toplam: 1101)
2026-08-07 01:54:24,506 INFO [UserId=18] Sayfa 8: 50 ürün alındı. (Toplam: 1101)
2026-08-07 01:54:24,724 INFO [UserId=18] Sayfa 9: 50 ürün alındı. (Toplam: 1101)
2026-08-07 01:54:24,947 INFO [UserId=18] Sayfa 10: 50 ürün alındı. (Toplam: 1101)
2026-08-07 01:54:25,161 INFO [UserId=18] Sayfa 11: 50 ürün alındı. (Toplam: 1101)
2026-08-07 01:54:25,388 INFO [UserId=18] Sayfa 12: 50 ürün alındı. (Toplam: 1101)
2026-08-07 01:54:25,674 INFO [UserId=18] Sayfa 13: 50 ürün alındı. (Toplam: 1101)
2026-08-07 01:54:25,922 INFO [UserId=18] Sayfa 14: 50 ürün alındı. (Toplam: 1101)
2026-08-07 01:54:26,144 INFO [UserId=18] Sayfa 15: 50 ürün alındı. (Toplam: 1101)
2026-08-07 01:54:26,358 INFO [UserId=18] Sayfa 16: 50 ürün alındı. (Toplam: 1101)
2026-08-07 01:54:26,574 INFO [UserId=18] Sayfa 17: 50 ürün alındı. (Toplam: 1101)
2026-08-07 01:54:26,791 INFO [UserId=18] Sayfa 18: 50 ürün alındı. (Toplam: 1101)
2026-08-07 01:54:27,013 INFO [UserId=18] Sayfa 19: 50 ürün alındı. (Toplam: 1101)
2026-08-07 01:54:27,226 INFO [UserId=18] Sayfa 20: 50 ürün alındı. (Toplam: 1101)
2026-08-07 01:54:27,440 INFO [UserId=18] Sayfa 21: 50 ürün alındı. (Toplam: 1101)
2026-08-07 01:54:27,665 INFO [UserId=18] Sayfa 22: 50 ürün alındı. (Toplam: 1101)
2026-08-07 01:54:27,838 INFO [UserId=18] Sayfa 23: 1 ürün alındı. (Toplam: 1101)
2026-08-07 01:54:27,838 INFO [UserId=18] Toplam 1101 ürün çekildi.
2026-08-07 01:54:27,872 INFO Varyantlı XML feed yazıldı: docs/ecza1-feed.xml (4264 satır / varyant)
2026-08-07 01:54:27,874 INFO Tüm mağazalar için senkronizasyon tamamlandı.
2026-08-07 06:13:11,115 INFO Giriş başarılı (302 yönlendirme -> /).
2026-08-07 06:14:21,553 INFO Kategori/marka tablosu hazır: 644 kategori, 2900 marka bulundu.
2026-08-07 06:14:21,781 INFO [UserId=7982] Sayfa 1: 50 ürün alındı. (Toplam: 579)
2026-08-07 06:14:22,002 INFO [UserId=7982] Sayfa 2: 50 ürün alındı. (Toplam: 579)
2026-08-07 06:14:22,222 INFO [UserId=7982] Sayfa 3: 50 ürün alındı. (Toplam: 579)
2026-08-07 06:14:22,435 INFO [UserId=7982] Sayfa 4: 50 ürün alındı. (Toplam: 579)
2026-08-07 06:14:22,656 INFO [UserId=7982] Sayfa 5: 50 ürün alındı. (Toplam: 579)
2026-08-07 06:14:22,879 INFO [UserId=7982] Sayfa 6: 50 ürün alındı. (Toplam: 579)
2026-08-07 06:14:23,107 INFO [UserId=7982] Sayfa 7: 50 ürün alındı. (Toplam: 579)
2026-08-07 06:14:23,329 INFO [UserId=7982] Sayfa 8: 50 ürün alındı. (Toplam: 579)
2026-08-07 06:14:23,548 INFO [UserId=7982] Sayfa 9: 50 ürün alındı. (Toplam: 579)
2026-08-07 06:14:23,781 INFO [UserId=7982] Sayfa 10: 50 ürün alındı. (Toplam: 579)
2026-08-07 06:14:24,000 INFO [UserId=7982] Sayfa 11: 50 ürün alındı. (Toplam: 579)
2026-08-07 06:14:24,210 INFO [UserId=7982] Sayfa 12: 29 ürün alındı. (Toplam: 579)
2026-08-07 06:14:24,210 INFO [UserId=7982] Toplam 579 ürün çekildi.
2026-08-07 06:14:24,429 INFO [UserId=16982] Sayfa 1: 50 ürün alındı. (Toplam: 806)
2026-08-07 06:14:24,657 INFO [UserId=16982] Sayfa 2: 50 ürün alındı. (Toplam: 806)
2026-08-07 06:14:24,890 INFO [UserId=16982] Sayfa 3: 50 ürün alındı. (Toplam: 806)
2026-08-07 06:14:25,138 INFO [UserId=16982] Sayfa 4: 50 ürün alındı. (Toplam: 806)
2026-08-07 06:14:25,353 INFO [UserId=16982] Sayfa 5: 50 ürün alındı. (Toplam: 806)
2026-08-07 06:14:25,568 INFO [UserId=16982] Sayfa 6: 50 ürün alındı. (Toplam: 806)
2026-08-07 06:14:25,805 INFO [UserId=16982] Sayfa 7: 50 ürün alındı. (Toplam: 806)
2026-08-07 06:14:26,025 INFO [UserId=16982] Sayfa 8: 50 ürün alındı. (Toplam: 806)
2026-08-07 06:14:26,260 INFO [UserId=16982] Sayfa 9: 50 ürün alındı. (Toplam: 806)
2026-08-07 06:14:26,489 INFO [UserId=16982] Sayfa 10: 50 ürün alındı. (Toplam: 806)
2026-08-07 06:14:26,714 INFO [UserId=16982] Sayfa 11: 50 ürün alındı. (Toplam: 806)
2026-08-07 06:14:26,949 INFO [UserId=16982] Sayfa 12: 50 ürün alındı. (Toplam: 806)
2026-08-07 06:14:27,196 INFO [UserId=16982] Sayfa 13: 50 ürün alındı. (Toplam: 806)
2026-08-07 06:14:27,421 INFO [UserId=16982] Sayfa 14: 50 ürün alındı. (Toplam: 806)
2026-08-07 06:14:27,643 INFO [UserId=16982] Sayfa 15: 50 ürün alındı. (Toplam: 806)
2026-08-07 06:14:27,874 INFO [UserId=16982] Sayfa 16: 50 ürün alındı. (Toplam: 806)
2026-08-07 06:14:28,062 INFO [UserId=16982] Sayfa 17: 6 ürün alındı. (Toplam: 806)
2026-08-07 06:14:28,062 INFO [UserId=16982] Toplam 806 ürün çekildi.
2026-08-07 06:14:28,269 INFO [UserId=19598] Sayfa 1: 50 ürün alındı. (Toplam: 393)
2026-08-07 06:14:28,484 INFO [UserId=19598] Sayfa 2: 50 ürün alındı. (Toplam: 393)
2026-08-07 06:14:28,690 INFO [UserId=19598] Sayfa 3: 50 ürün alındı. (Toplam: 393)
2026-08-07 06:14:28,902 INFO [UserId=19598] Sayfa 4: 50 ürün alındı. (Toplam: 393)
2026-08-07 06:14:29,103 INFO [UserId=19598] Sayfa 5: 50 ürün alındı. (Toplam: 393)
2026-08-07 06:14:29,307 INFO [UserId=19598] Sayfa 6: 50 ürün alındı. (Toplam: 393)
2026-08-07 06:14:29,516 INFO [UserId=19598] Sayfa 7: 50 ürün alındı. (Toplam: 393)
2026-08-07 06:14:29,742 INFO [UserId=19598] Sayfa 8: 43 ürün alındı. (Toplam: 393)
2026-08-07 06:14:29,742 INFO [UserId=19598] Toplam 393 ürün çekildi.
2026-08-07 06:14:29,969 INFO [UserId=21144] Sayfa 1: 50 ürün alındı. (Toplam: 369)
2026-08-07 06:14:30,210 INFO [UserId=21144] Sayfa 2: 50 ürün alındı. (Toplam: 369)
2026-08-07 06:14:30,430 INFO [UserId=21144] Sayfa 3: 50 ürün alındı. (Toplam: 369)
2026-08-07 06:14:30,651 INFO [UserId=21144] Sayfa 4: 50 ürün alındı. (Toplam: 369)
2026-08-07 06:14:30,943 INFO [UserId=21144] Sayfa 5: 50 ürün alındı. (Toplam: 369)
2026-08-07 06:14:31,175 INFO [UserId=21144] Sayfa 6: 50 ürün alındı. (Toplam: 369)
2026-08-07 06:14:31,395 INFO [UserId=21144] Sayfa 7: 50 ürün alındı. (Toplam: 369)
2026-08-07 06:14:31,589 INFO [UserId=21144] Sayfa 8: 19 ürün alındı. (Toplam: 369)
2026-08-07 06:14:31,589 INFO [UserId=21144] Toplam 369 ürün çekildi.
2026-08-07 06:14:31,823 INFO [UserId=184] Sayfa 1: 50 ürün alındı. (Toplam: 479)
2026-08-07 06:14:32,046 INFO [UserId=184] Sayfa 2: 50 ürün alındı. (Toplam: 479)
2026-08-07 06:14:32,351 INFO [UserId=184] Sayfa 3: 50 ürün alındı. (Toplam: 479)
2026-08-07 06:14:32,690 INFO [UserId=184] Sayfa 4: 50 ürün alındı. (Toplam: 479)
2026-08-07 06:14:32,932 INFO [UserId=184] Sayfa 5: 50 ürün alındı. (Toplam: 479)
2026-08-07 06:14:33,184 INFO [UserId=184] Sayfa 6: 50 ürün alındı. (Toplam: 479)
2026-08-07 06:14:33,449 INFO [UserId=184] Sayfa 7: 50 ürün alındı. (Toplam: 479)
2026-08-07 06:14:33,683 INFO [UserId=184] Sayfa 8: 50 ürün alındı. (Toplam: 479)
2026-08-07 06:14:33,912 INFO [UserId=184] Sayfa 9: 50 ürün alındı. (Toplam: 479)
2026-08-07 06:14:34,123 INFO [UserId=184] Sayfa 10: 29 ürün alındı. (Toplam: 479)
2026-08-07 06:14:34,123 INFO [UserId=184] Toplam 479 ürün çekildi.
2026-08-07 06:14:34,285 INFO [UserId=1735] Toplam 0 ürün çekildi.
2026-08-07 06:14:34,503 INFO [UserId=11197] Sayfa 1: 50 ürün alındı. (Toplam: 185)
2026-08-07 06:14:34,717 INFO [UserId=11197] Sayfa 2: 50 ürün alındı. (Toplam: 185)
2026-08-07 06:14:34,934 INFO [UserId=11197] Sayfa 3: 50 ürün alındı. (Toplam: 185)
2026-08-07 06:14:35,136 INFO [UserId=11197] Sayfa 4: 35 ürün alındı. (Toplam: 185)
2026-08-07 06:14:35,136 INFO [UserId=11197] Toplam 185 ürün çekildi.
2026-08-07 06:14:35,365 INFO [UserId=759] Sayfa 1: 50 ürün alındı. (Toplam: 351)
2026-08-07 06:14:35,583 INFO [UserId=759] Sayfa 2: 50 ürün alındı. (Toplam: 351)
2026-08-07 06:14:35,810 INFO [UserId=759] Sayfa 3: 50 ürün alındı. (Toplam: 351)
2026-08-07 06:14:36,051 INFO [UserId=759] Sayfa 4: 50 ürün alındı. (Toplam: 351)
2026-08-07 06:14:36,283 INFO [UserId=759] Sayfa 5: 50 ürün alındı. (Toplam: 351)
2026-08-07 06:14:36,496 INFO [UserId=759] Sayfa 6: 50 ürün alındı. (Toplam: 351)
2026-08-07 06:14:36,724 INFO [UserId=759] Sayfa 7: 50 ürün alındı. (Toplam: 351)
2026-08-07 06:14:36,914 INFO [UserId=759] Sayfa 8: 1 ürün alındı. (Toplam: 351)
2026-08-07 06:14:36,914 INFO [UserId=759] Toplam 351 ürün çekildi.
2026-08-07 06:14:37,145 INFO [UserId=18] Sayfa 1: 50 ürün alındı. (Toplam: 1101)
2026-08-07 06:14:37,451 INFO [UserId=18] Sayfa 2: 50 ürün alındı. (Toplam: 1101)
2026-08-07 06:14:37,682 INFO [UserId=18] Sayfa 3: 50 ürün alındı. (Toplam: 1101)
2026-08-07 06:14:38,004 INFO [UserId=18] Sayfa 4: 50 ürün alındı. (Toplam: 1101)
2026-08-07 06:14:38,226 INFO [UserId=18] Sayfa 5: 50 ürün alındı. (Toplam: 1101)
2026-08-07 06:14:38,457 INFO [UserId=18] Sayfa 6: 50 ürün alındı. (Toplam: 1101)
2026-08-07 06:14:38,680 INFO [UserId=18] Sayfa 7: 50 ürün alındı. (Toplam: 1101)
2026-08-07 06:14:38,907 INFO [UserId=18] Sayfa 8: 50 ürün alındı. (Toplam: 1101)
2026-08-07 06:14:39,143 INFO [UserId=18] Sayfa 9: 50 ürün alındı. (Toplam: 1101)
2026-08-07 06:14:39,382 INFO [UserId=18] Sayfa 10: 50 ürün alındı. (Toplam: 1101)
2026-08-07 06:14:39,616 INFO [UserId=18] Sayfa 11: 50 ürün alındı. (Toplam: 1101)
2026-08-07 06:14:39,856 INFO [UserId=18] Sayfa 12: 50 ürün alındı. (Toplam: 1101)
2026-08-07 06:14:40,133 INFO [UserId=18] Sayfa 13: 50 ürün alındı. (Toplam: 1101)
2026-08-07 06:14:40,394 INFO [UserId=18] Sayfa 14: 50 ürün alındı. (Toplam: 1101)
2026-08-07 06:14:40,635 INFO [UserId=18] Sayfa 15: 50 ürün alındı. (Toplam: 1101)
2026-08-07 06:14:40,872 INFO [UserId=18] Sayfa 16: 50 ürün alındı. (Toplam: 1101)
2026-08-07 06:14:41,105 INFO [UserId=18] Sayfa 17: 50 ürün alındı. (Toplam: 1101)
2026-08-07 06:14:41,335 INFO [UserId=18] Sayfa 18: 50 ürün alındı. (Toplam: 1101)
2026-08-07 06:14:41,573 INFO [UserId=18] Sayfa 19: 50 ürün alındı. (Toplam: 1101)
2026-08-07 06:14:41,802 INFO [UserId=18] Sayfa 20: 50 ürün alındı. (Toplam: 1101)
2026-08-07 06:14:42,024 INFO [UserId=18] Sayfa 21: 50 ürün alındı. (Toplam: 1101)
2026-08-07 06:14:42,263 INFO [UserId=18] Sayfa 22: 50 ürün alındı. (Toplam: 1101)
2026-08-07 06:14:42,452 INFO [UserId=18] Sayfa 23: 1 ürün alındı. (Toplam: 1101)
2026-08-07 06:14:42,452 INFO [UserId=18] Toplam 1101 ürün çekildi.
2026-08-07 06:14:42,486 INFO Varyantlı XML feed yazıldı: docs/ecza1-feed.xml (4263 satır / varyant)
2026-08-07 06:14:42,488 INFO Tüm mağazalar için senkronizasyon tamamlandı.
2026-08-07 10:15:34,416 INFO Giriş başarılı (302 yönlendirme -> /).
2026-08-07 10:16:44,273 INFO Kategori/marka tablosu hazır: 644 kategori, 2902 marka bulundu.
2026-08-07 10:16:44,493 INFO [UserId=7982] Sayfa 1: 50 ürün alındı. (Toplam: 578)
2026-08-07 10:16:44,706 INFO [UserId=7982] Sayfa 2: 50 ürün alındı. (Toplam: 578)
2026-08-07 10:16:44,924 INFO [UserId=7982] Sayfa 3: 50 ürün alındı. (Toplam: 578)
2026-08-07 10:16:45,137 INFO [UserId=7982] Sayfa 4: 50 ürün alındı. (Toplam: 578)
2026-08-07 10:16:45,361 INFO [UserId=7982] Sayfa 5: 50 ürün alındı. (Toplam: 578)
2026-08-07 10:16:45,582 INFO [UserId=7982] Sayfa 6: 50 ürün alındı. (Toplam: 578)
2026-08-07 10:16:45,802 INFO [UserId=7982] Sayfa 7: 50 ürün alındı. (Toplam: 578)
2026-08-07 10:16:46,014 INFO [UserId=7982] Sayfa 8: 50 ürün alındı. (Toplam: 578)
2026-08-07 10:16:46,229 INFO [UserId=7982] Sayfa 9: 50 ürün alındı. (Toplam: 578)
2026-08-07 10:16:46,432 INFO [UserId=7982] Sayfa 10: 50 ürün alındı. (Toplam: 578)
2026-08-07 10:16:46,648 INFO [UserId=7982] Sayfa 11: 50 ürün alındı. (Toplam: 578)
2026-08-07 10:16:46,844 INFO [UserId=7982] Sayfa 12: 28 ürün alındı. (Toplam: 578)
2026-08-07 10:16:46,844 INFO [UserId=7982] Toplam 578 ürün çekildi.
2026-08-07 10:16:47,053 INFO [UserId=16982] Sayfa 1: 50 ürün alındı. (Toplam: 827)
2026-08-07 10:16:47,271 INFO [UserId=16982] Sayfa 2: 50 ürün alındı. (Toplam: 827)
2026-08-07 10:16:47,495 INFO [UserId=16982] Sayfa 3: 50 ürün alındı. (Toplam: 827)
2026-08-07 10:16:47,716 INFO [UserId=16982] Sayfa 4: 50 ürün alındı. (Toplam: 827)
2026-08-07 10:16:47,938 INFO [UserId=16982] Sayfa 5: 50 ürün alındı. (Toplam: 827)
2026-08-07 10:16:48,139 INFO [UserId=16982] Sayfa 6: 50 ürün alındı. (Toplam: 827)
2026-08-07 10:16:48,356 INFO [UserId=16982] Sayfa 7: 50 ürün alındı. (Toplam: 827)
2026-08-07 10:16:48,573 INFO [UserId=16982] Sayfa 8: 50 ürün alındı. (Toplam: 827)
2026-08-07 10:16:48,806 INFO [UserId=16982] Sayfa 9: 50 ürün alındı. (Toplam: 827)
2026-08-07 10:16:49,037 INFO [UserId=16982] Sayfa 10: 50 ürün alındı. (Toplam: 827)
2026-08-07 10:16:49,260 INFO [UserId=16982] Sayfa 11: 50 ürün alındı. (Toplam: 827)
2026-08-07 10:16:49,489 INFO [UserId=16982] Sayfa 12: 50 ürün alındı. (Toplam: 827)
2026-08-07 10:16:49,778 INFO [UserId=16982] Sayfa 13: 50 ürün alındı. (Toplam: 827)
2026-08-07 10:16:50,001 INFO [UserId=16982] Sayfa 14: 50 ürün alındı. (Toplam: 827)
2026-08-07 10:16:50,218 INFO [UserId=16982] Sayfa 15: 50 ürün alındı. (Toplam: 827)
2026-08-07 10:16:50,437 INFO [UserId=16982] Sayfa 16: 50 ürün alındı. (Toplam: 827)
2026-08-07 10:16:50,633 INFO [UserId=16982] Sayfa 17: 27 ürün alındı. (Toplam: 827)
2026-08-07 10:16:50,633 INFO [UserId=16982] Toplam 827 ürün çekildi.
2026-08-07 10:16:50,830 INFO [UserId=19598] Sayfa 1: 50 ürün alındı. (Toplam: 393)
2026-08-07 10:16:51,035 INFO [UserId=19598] Sayfa 2: 50 ürün alındı. (Toplam: 393)
2026-08-07 10:16:51,234 INFO [UserId=19598] Sayfa 3: 50 ürün alındı. (Toplam: 393)
2026-08-07 10:16:51,436 INFO [UserId=19598] Sayfa 4: 50 ürün alındı. (Toplam: 393)
2026-08-07 10:16:51,627 INFO [UserId=19598] Sayfa 5: 50 ürün alındı. (Toplam: 393)
2026-08-07 10:16:51,827 INFO [UserId=19598] Sayfa 6: 50 ürün alındı. (Toplam: 393)
2026-08-07 10:16:52,030 INFO [UserId=19598] Sayfa 7: 50 ürün alındı. (Toplam: 393)
2026-08-07 10:16:52,241 INFO [UserId=19598] Sayfa 8: 43 ürün alındı. (Toplam: 393)
2026-08-07 10:16:52,241 INFO [UserId=19598] Toplam 393 ürün çekildi.
2026-08-07 10:16:52,508 INFO [UserId=21144] Sayfa 1: 50 ürün alındı. (Toplam: 369)
2026-08-07 10:16:52,761 INFO [UserId=21144] Sayfa 2: 50 ürün alındı. (Toplam: 369)
2026-08-07 10:16:52,971 INFO [UserId=21144] Sayfa 3: 50 ürün alındı. (Toplam: 369)
2026-08-07 10:16:53,183 INFO [UserId=21144] Sayfa 4: 50 ürün alındı. (Toplam: 369)
2026-08-07 10:16:53,408 INFO [UserId=21144] Sayfa 5: 50 ürün alındı. (Toplam: 369)
2026-08-07 10:16:53,631 INFO [UserId=21144] Sayfa 6: 50 ürün alındı. (Toplam: 369)
2026-08-07 10:16:53,846 INFO [UserId=21144] Sayfa 7: 50 ürün alındı. (Toplam: 369)
2026-08-07 10:16:54,029 INFO [UserId=21144] Sayfa 8: 19 ürün alındı. (Toplam: 369)
2026-08-07 10:16:54,029 INFO [UserId=21144] Toplam 369 ürün çekildi.
2026-08-07 10:16:54,251 INFO [UserId=184] Sayfa 1: 50 ürün alındı. (Toplam: 488)
2026-08-07 10:16:54,471 INFO [UserId=184] Sayfa 2: 50 ürün alındı. (Toplam: 488)
2026-08-07 10:16:54,693 INFO [UserId=184] Sayfa 3: 50 ürün alındı. (Toplam: 488)
2026-08-07 10:16:54,919 INFO [UserId=184] Sayfa 4: 50 ürün alındı. (Toplam: 488)
2026-08-07 10:16:55,134 INFO [UserId=184] Sayfa 5: 50 ürün alındı. (Toplam: 488)
2026-08-07 10:16:55,371 INFO [UserId=184] Sayfa 6: 50 ürün alındı. (Toplam: 488)
2026-08-07 10:16:55,625 INFO [UserId=184] Sayfa 7: 50 ürün alındı. (Toplam: 488)
2026-08-07 10:16:55,872 INFO [UserId=184] Sayfa 8: 50 ürün alındı. (Toplam: 488)
2026-08-07 10:16:56,103 INFO [UserId=184] Sayfa 9: 50 ürün alındı. (Toplam: 488)
2026-08-07 10:16:56,318 INFO [UserId=184] Sayfa 10: 38 ürün alındı. (Toplam: 488)
2026-08-07 10:16:56,318 INFO [UserId=184] Toplam 488 ürün çekildi.
2026-08-07 10:16:56,476 INFO [UserId=1735] Toplam 0 ürün çekildi.
2026-08-07 10:16:56,692 INFO [UserId=11197] Sayfa 1: 50 ürün alındı. (Toplam: 184)
2026-08-07 10:16:56,899 INFO [UserId=11197] Sayfa 2: 50 ürün alındı. (Toplam: 184)
2026-08-07 10:16:57,123 INFO [UserId=11197] Sayfa 3: 50 ürün alındı. (Toplam: 184)
2026-08-07 10:16:57,363 INFO [UserId=11197] Sayfa 4: 34 ürün alındı. (Toplam: 184)
2026-08-07 10:16:57,363 INFO [UserId=11197] Toplam 184 ürün çekildi.
2026-08-07 10:16:57,581 INFO [UserId=759] Sayfa 1: 50 ürün alındı. (Toplam: 351)
2026-08-07 10:16:57,793 INFO [UserId=759] Sayfa 2: 50 ürün alındı. (Toplam: 351)
2026-08-07 10:16:58,014 INFO [UserId=759] Sayfa 3: 50 ürün alındı. (Toplam: 351)
2026-08-07 10:16:58,237 INFO [UserId=759] Sayfa 4: 50 ürün alındı. (Toplam: 351)
2026-08-07 10:16:58,554 INFO [UserId=759] Sayfa 5: 50 ürün alındı. (Toplam: 351)
2026-08-07 10:16:58,773 INFO [UserId=759] Sayfa 6: 50 ürün alındı. (Toplam: 351)
2026-08-07 10:16:58,997 INFO [UserId=759] Sayfa 7: 50 ürün alındı. (Toplam: 351)
2026-08-07 10:16:59,164 INFO [UserId=759] Sayfa 8: 1 ürün alındı. (Toplam: 351)
2026-08-07 10:16:59,164 INFO [UserId=759] Toplam 351 ürün çekildi.
2026-08-07 10:16:59,404 INFO [UserId=18] Sayfa 1: 50 ürün alındı. (Toplam: 1100)
2026-08-07 10:16:59,642 INFO [UserId=18] Sayfa 2: 50 ürün alındı. (Toplam: 1100)
2026-08-07 10:16:59,873 INFO [UserId=18] Sayfa 3: 50 ürün alındı. (Toplam: 1100)
2026-08-07 10:17:00,101 INFO [UserId=18] Sayfa 4: 50 ürün alındı. (Toplam: 1100)
2026-08-07 10:17:00,326 INFO [UserId=18] Sayfa 5: 50 ürün alındı. (Toplam: 1100)
2026-08-07 10:17:00,637 INFO [UserId=18] Sayfa 6: 50 ürün alındı. (Toplam: 1100)
2026-08-07 10:17:00,870 INFO [UserId=18] Sayfa 7: 50 ürün alındı. (Toplam: 1100)
2026-08-07 10:17:01,091 INFO [UserId=18] Sayfa 8: 50 ürün alındı. (Toplam: 1100)
2026-08-07 10:17:01,410 INFO [UserId=18] Sayfa 9: 50 ürün alındı. (Toplam: 1100)
2026-08-07 10:17:01,681 INFO [UserId=18] Sayfa 10: 50 ürün alındı. (Toplam: 1100)
2026-08-07 10:17:01,905 INFO [UserId=18] Sayfa 11: 50 ürün alındı. (Toplam: 1100)
2026-08-07 10:17:02,130 INFO [UserId=18] Sayfa 12: 50 ürün alındı. (Toplam: 1100)
2026-08-07 10:17:02,386 INFO [UserId=18] Sayfa 13: 50 ürün alındı. (Toplam: 1100)
2026-08-07 10:17:02,694 INFO [UserId=18] Sayfa 14: 50 ürün alındı. (Toplam: 1100)
2026-08-07 10:17:02,926 INFO [UserId=18] Sayfa 15: 50 ürün alındı. (Toplam: 1100)
2026-08-07 10:17:03,157 INFO [UserId=18] Sayfa 16: 50 ürün alındı. (Toplam: 1100)
2026-08-07 10:17:03,393 INFO [UserId=18] Sayfa 17: 50 ürün alındı. (Toplam: 1100)
2026-08-07 10:17:03,642 INFO [UserId=18] Sayfa 18: 50 ürün alındı. (Toplam: 1100)
2026-08-07 10:17:03,873 INFO [UserId=18] Sayfa 19: 50 ürün alındı. (Toplam: 1100)
2026-08-07 10:17:04,110 INFO [UserId=18] Sayfa 20: 50 ürün alındı. (Toplam: 1100)
2026-08-07 10:17:04,326 INFO [UserId=18] Sayfa 21: 50 ürün alındı. (Toplam: 1100)
2026-08-07 10:17:04,551 INFO [UserId=18] Sayfa 22: 50 ürün alındı. (Toplam: 1100)
2026-08-07 10:17:04,551 INFO [UserId=18] Toplam 1100 ürün çekildi.
2026-08-07 10:17:04,586 INFO Varyantlı XML feed yazıldı: docs/ecza1-feed.xml (4290 satır / varyant)
2026-08-07 10:17:04,588 INFO Tüm mağazalar için senkronizasyon tamamlandı.
2026-08-07 14:35:25,583 INFO Giriş başarılı (302 yönlendirme -> /).
2026-08-07 14:36:58,218 WARNING [menu=118] GetFilterMenu çekilemedi, atlanıyor: ('Connection aborted.', RemoteDisconnected('Remote end closed connection without response'))
2026-08-07 14:37:18,505 WARNING [menu=119] GetFilterMenu çekilemedi, atlanıyor: HTTPSConnectionPool(host='ecza1.com', port=443): Max retries exceeded with url: /Product/GetFilterMenu (Caused by ConnectTimeoutError(<HTTPSConnection(host='ecza1.com', port=443) at 0x7ff31ddc3250>, 'Connection to ecza1.com timed out. (connect timeout=20)'))
2026-08-07 14:37:42,003 WARNING [menu=120] GetFilterMenu çekilemedi, atlanıyor: HTTPSConnectionPool(host='ecza1.com', port=443): Read timed out. (read timeout=20)
2026-08-07 14:38:14,755 INFO Kategori/marka tablosu hazır: 643 kategori, 2931 marka bulundu.
2026-08-07 14:38:16,257 INFO [UserId=7982] Sayfa 1: 50 ürün alındı. (Toplam: 574)
2026-08-07 14:38:17,705 INFO [UserId=7982] Sayfa 2: 50 ürün alındı. (Toplam: 574)
2026-08-07 14:38:19,268 INFO [UserId=7982] Sayfa 3: 50 ürün alındı. (Toplam: 574)
2026-08-07 14:38:20,882 INFO [UserId=7982] Sayfa 4: 50 ürün alındı. (Toplam: 574)
2026-08-07 14:38:23,462 INFO [UserId=7982] Sayfa 5: 50 ürün alındı. (Toplam: 574)
2026-08-07 14:38:25,075 INFO [UserId=7982] Sayfa 6: 50 ürün alındı. (Toplam: 574)
2026-08-07 14:38:27,684 INFO [UserId=7982] Sayfa 7: 50 ürün alındı. (Toplam: 574)
2026-08-07 14:38:29,316 INFO [UserId=7982] Sayfa 8: 50 ürün alındı. (Toplam: 574)
2026-08-07 14:38:30,852 INFO [UserId=7982] Sayfa 9: 50 ürün alındı. (Toplam: 574)
2026-08-07 14:38:32,605 INFO [UserId=7982] Sayfa 10: 50 ürün alındı. (Toplam: 574)
2026-08-07 14:38:35,276 INFO [UserId=7982] Sayfa 11: 50 ürün alındı. (Toplam: 574)
2026-08-07 14:38:36,734 INFO [UserId=7982] Sayfa 12: 24 ürün alındı. (Toplam: 574)
2026-08-07 14:38:36,734 INFO [UserId=7982] Toplam 574 ürün çekildi.
2026-08-07 14:38:38,638 INFO [UserId=16982] Sayfa 1: 50 ürün alındı. (Toplam: 823)
2026-08-07 14:38:41,166 INFO [UserId=16982] Sayfa 2: 50 ürün alındı. (Toplam: 823)
2026-08-07 14:38:43,059 INFO [UserId=16982] Sayfa 3: 50 ürün alındı. (Toplam: 823)
2026-08-07 14:38:45,217 INFO [UserId=16982] Sayfa 4: 50 ürün alındı. (Toplam: 823)
2026-08-07 14:38:46,738 INFO [UserId=16982] Sayfa 5: 50 ürün alındı. (Toplam: 823)
2026-08-07 14:38:48,290 INFO [UserId=16982] Sayfa 6: 50 ürün alındı. (Toplam: 823)
2026-08-07 14:38:49,872 INFO [UserId=16982] Sayfa 7: 50 ürün alındı. (Toplam: 823)
2026-08-07 14:38:51,441 INFO [UserId=16982] Sayfa 8: 50 ürün alındı. (Toplam: 823)
2026-08-07 14:38:53,132 INFO [UserId=16982] Sayfa 9: 50 ürün alındı. (Toplam: 823)
2026-08-07 14:38:55,238 INFO [UserId=16982] Sayfa 10: 50 ürün alındı. (Toplam: 823)
2026-08-07 14:38:56,869 INFO [UserId=16982] Sayfa 11: 50 ürün alındı. (Toplam: 823)
2026-08-07 14:38:58,470 INFO [UserId=16982] Sayfa 12: 50 ürün alındı. (Toplam: 823)
2026-08-07 14:39:00,061 INFO [UserId=16982] Sayfa 13: 50 ürün alındı. (Toplam: 823)
2026-08-07 14:39:01,759 INFO [UserId=16982] Sayfa 14: 50 ürün alındı. (Toplam: 823)
2026-08-07 14:39:03,380 INFO [UserId=16982] Sayfa 15: 50 ürün alındı. (Toplam: 823)
2026-08-07 14:39:05,020 INFO [UserId=16982] Sayfa 16: 50 ürün alındı. (Toplam: 823)
2026-08-07 14:39:05,870 INFO [UserId=16982] Sayfa 17: 23 ürün alındı. (Toplam: 823)
2026-08-07 14:39:05,870 INFO [UserId=16982] Toplam 823 ürün çekildi.
2026-08-07 14:39:08,202 INFO [UserId=19598] Sayfa 1: 50 ürün alındı. (Toplam: 394)
2026-08-07 14:39:10,215 INFO [UserId=19598] Sayfa 2: 50 ürün alındı. (Toplam: 394)
2026-08-07 14:39:12,524 INFO [UserId=19598] Sayfa 3: 50 ürün alındı. (Toplam: 394)
2026-08-07 14:39:14,127 INFO [UserId=19598] Sayfa 4: 50 ürün alındı. (Toplam: 394)
2026-08-07 14:39:15,649 INFO [UserId=19598] Sayfa 5: 50 ürün alındı. (Toplam: 394)
2026-08-07 14:39:17,282 INFO [UserId=19598] Sayfa 6: 50 ürün alındı. (Toplam: 394)
2026-08-07 14:39:19,175 INFO [UserId=19598] Sayfa 7: 50 ürün alındı. (Toplam: 394)
2026-08-07 14:39:20,669 INFO [UserId=19598] Sayfa 8: 44 ürün alındı. (Toplam: 394)
2026-08-07 14:39:20,669 INFO [UserId=19598] Toplam 394 ürün çekildi.
2026-08-07 14:39:22,341 INFO [UserId=21144] Sayfa 1: 50 ürün alındı. (Toplam: 368)
2026-08-07 14:39:23,927 INFO [UserId=21144] Sayfa 2: 50 ürün alındı. (Toplam: 368)
2026-08-07 14:39:25,741 INFO [UserId=21144] Sayfa 3: 50 ürün alındı. (Toplam: 368)
2026-08-07 14:39:27,495 INFO [UserId=21144] Sayfa 4: 50 ürün alındı. (Toplam: 368)
2026-08-07 14:39:30,170 INFO [UserId=21144] Sayfa 5: 50 ürün alındı. (Toplam: 368)
2026-08-07 14:39:32,123 INFO [UserId=21144] Sayfa 6: 50 ürün alındı. (Toplam: 368)
2026-08-07 14:39:34,082 INFO [UserId=21144] Sayfa 7: 50 ürün alındı. (Toplam: 368)
2026-08-07 14:39:34,781 INFO [UserId=21144] Sayfa 8: 18 ürün alındı. (Toplam: 368)
2026-08-07 14:39:34,781 INFO [UserId=21144] Toplam 368 ürün çekildi.
2026-08-07 14:39:36,361 INFO [UserId=184] Sayfa 1: 50 ürün alındı. (Toplam: 487)
2026-08-07 14:39:37,959 INFO [UserId=184] Sayfa 2: 50 ürün alındı. (Toplam: 487)
2026-08-07 14:39:40,478 INFO [UserId=184] Sayfa 3: 50 ürün alındı. (Toplam: 487)
2026-08-07 14:39:42,141 INFO [UserId=184] Sayfa 4: 50 ürün alındı. (Toplam: 487)
2026-08-07 14:39:43,764 INFO [UserId=184] Sayfa 5: 50 ürün alındı. (Toplam: 487)
2026-08-07 14:39:45,372 INFO [UserId=184] Sayfa 6: 50 ürün alındı. (Toplam: 487)
2026-08-07 14:39:47,524 INFO [UserId=184] Sayfa 7: 50 ürün alındı. (Toplam: 487)
2026-08-07 14:39:49,032 INFO [UserId=184] Sayfa 8: 50 ürün alındı. (Toplam: 487)
2026-08-07 14:39:50,885 INFO [UserId=184] Sayfa 9: 50 ürün alındı. (Toplam: 487)
2026-08-07 14:39:52,185 INFO [UserId=184] Sayfa 10: 37 ürün alındı. (Toplam: 487)
2026-08-07 14:39:52,185 INFO [UserId=184] Toplam 487 ürün çekildi.
2026-08-07 14:39:52,373 INFO [UserId=1735] Toplam 0 ürün çekildi.
2026-08-07 14:39:53,914 INFO [UserId=11197] Sayfa 1: 50 ürün alındı. (Toplam: 184)
2026-08-07 14:39:55,416 INFO [UserId=11197] Sayfa 2: 50 ürün alındı. (Toplam: 184)
2026-08-07 14:39:56,962 INFO [UserId=11197] Sayfa 3: 50 ürün alındı. (Toplam: 184)
2026-08-07 14:39:58,039 INFO [UserId=11197] Sayfa 4: 34 ürün alındı. (Toplam: 184)
2026-08-07 14:39:58,039 INFO [UserId=11197] Toplam 184 ürün çekildi.
2026-08-07 14:39:59,505 INFO [UserId=759] Sayfa 1: 50 ürün alındı. (Toplam: 351)
2026-08-07 14:40:01,160 INFO [UserId=759] Sayfa 2: 50 ürün alındı. (Toplam: 351)
2026-08-07 14:40:02,841 INFO [UserId=759] Sayfa 3: 50 ürün alındı. (Toplam: 351)
2026-08-07 14:40:04,861 INFO [UserId=759] Sayfa 4: 50 ürün alındı. (Toplam: 351)
2026-08-07 14:40:06,507 INFO [UserId=759] Sayfa 5: 50 ürün alındı. (Toplam: 351)
2026-08-07 14:40:08,124 INFO [UserId=759] Sayfa 6: 50 ürün alındı. (Toplam: 351)
2026-08-07 14:40:09,758 INFO [UserId=759] Sayfa 7: 50 ürün alındı. (Toplam: 351)
2026-08-07 14:40:09,990 INFO [UserId=759] Sayfa 8: 1 ürün alındı. (Toplam: 351)
2026-08-07 14:40:09,990 INFO [UserId=759] Toplam 351 ürün çekildi.
2026-08-07 14:40:11,960 INFO [UserId=18] Sayfa 1: 50 ürün alındı. (Toplam: 1111)
2026-08-07 14:40:14,791 INFO [UserId=18] Sayfa 2: 50 ürün alındı. (Toplam: 1111)
2026-08-07 14:40:16,568 INFO [UserId=18] Sayfa 3: 50 ürün alındı. (Toplam: 1111)
2026-08-07 14:40:18,170 INFO [UserId=18] Sayfa 4: 50 ürün alındı. (Toplam: 1111)
2026-08-07 14:40:19,669 INFO [UserId=18] Sayfa 5: 50 ürün alındı. (Toplam: 1111)
2026-08-07 14:40:21,308 INFO [UserId=18] Sayfa 6: 50 ürün alındı. (Toplam: 1111)
2026-08-07 14:40:22,789 INFO [UserId=18] Sayfa 7: 50 ürün alındı. (Toplam: 1111)
2026-08-07 14:40:24,340 INFO [UserId=18] Sayfa 8: 50 ürün alındı. (Toplam: 1111)
2026-08-07 14:40:26,086 INFO [UserId=18] Sayfa 9: 50 ürün alındı. (Toplam: 1111)
2026-08-07 14:40:27,614 INFO [UserId=18] Sayfa 10: 50 ürün alındı. (Toplam: 1111)
2026-08-07 14:40:29,241 INFO [UserId=18] Sayfa 11: 50 ürün alındı. (Toplam: 1111)
2026-08-07 14:40:30,791 INFO [UserId=18] Sayfa 12: 50 ürün alındı. (Toplam: 1111)
2026-08-07 14:40:32,385 INFO [UserId=18] Sayfa 13: 50 ürün alındı. (Toplam: 1111)
2026-08-07 14:40:33,988 INFO [UserId=18] Sayfa 14: 50 ürün alındı. (Toplam: 1111)
2026-08-07 14:40:35,599 INFO [UserId=18] Sayfa 15: 50 ürün alındı. (Toplam: 1111)
2026-08-07 14:40:37,262 INFO [UserId=18] Sayfa 16: 50 ürün alındı. (Toplam: 1111)
2026-08-07 14:40:38,850 INFO [UserId=18] Sayfa 17: 50 ürün alındı. (Toplam: 1111)
2026-08-07 14:40:40,755 INFO [UserId=18] Sayfa 18: 50 ürün alındı. (Toplam: 1111)
2026-08-07 14:40:42,321 INFO [UserId=18] Sayfa 19: 50 ürün alındı. (Toplam: 1111)
2026-08-07 14:40:44,224 INFO [UserId=18] Sayfa 20: 50 ürün alındı. (Toplam: 1111)
2026-08-07 14:40:45,862 INFO [UserId=18] Sayfa 21: 50 ürün alındı. (Toplam: 1111)
2026-08-07 14:40:47,353 INFO [UserId=18] Sayfa 22: 50 ürün alındı. (Toplam: 1111)
2026-08-07 14:40:47,874 INFO [UserId=18] Sayfa 23: 11 ürün alındı. (Toplam: 1111)
2026-08-07 14:40:47,874 INFO [UserId=18] Toplam 1111 ürün çekildi.
2026-08-07 14:40:47,899 INFO Varyantlı XML feed yazıldı: docs/ecza1-feed.xml (4292 satır / varyant)
2026-08-07 14:40:47,901 INFO Tüm mağazalar için senkronizasyon tamamlandı.
